-- phpMyAdmin SQL Dump
-- version 5.2.0
-- https://www.phpmyadmin.net/
--
-- Host: 127.0.0.1
-- Generation Time: Mar 30, 2023 at 05:46 PM
-- Server version: 10.4.27-MariaDB
-- PHP Version: 8.2.0

SET SQL_MODE = "NO_AUTO_VALUE_ON_ZERO";
START TRANSACTION;
SET time_zone = "+00:00";


/*!40101 SET @OLD_CHARACTER_SET_CLIENT=@@CHARACTER_SET_CLIENT */;
/*!40101 SET @OLD_CHARACTER_SET_RESULTS=@@CHARACTER_SET_RESULTS */;
/*!40101 SET @OLD_COLLATION_CONNECTION=@@COLLATION_CONNECTION */;
/*!40101 SET NAMES utf8mb4 */;

--
-- Database: `ruet`
--

-- --------------------------------------------------------

--
-- Table structure for table `attendance`
--

CREATE TABLE `attendance` (
  `id` int(11) NOT NULL,
  `roll` varchar(50) NOT NULL,
  `cid` varchar(50) NOT NULL,
  `cycle` varchar(50) NOT NULL,
  `day` varchar(50) NOT NULL,
  `attendance` int(11) NOT NULL,
  `teacher` varchar(100) NOT NULL
) ENGINE=InnoDB DEFAULT CHARSET=latin1 COLLATE=latin1_swedish_ci;

--
-- Dumping data for table `attendance`
--

INSERT INTO `attendance` (`id`, `roll`, `cid`, `cycle`, `day`, `attendance`, `teacher`) VALUES
(1626, '1803061', '1', '11', 'Saturday', 1, 'DIP '),
(1627, '1803062', '1', '11', 'Saturday', 1, 'DIP '),
(1628, '1803063', '1', '11', 'Saturday', 1, 'DIP '),
(1629, '1803064', '1', '11', 'Saturday', 1, 'DIP '),
(1630, '1803065', '1', '11', 'Saturday', 1, 'DIP '),
(1631, '1803066', '1', '11', 'Saturday', 1, 'DIP '),
(1632, '1803067', '1', '11', 'Saturday', 1, 'DIP '),
(1633, '1803068', '1', '11', 'Saturday', 0, 'DIP '),
(1634, '1803069', '1', '11', 'Saturday', 1, 'DIP '),
(1635, '1803070', '1', '11', 'Saturday', 1, 'DIP '),
(1636, '1803071', '1', '11', 'Saturday', 1, 'DIP '),
(1637, '1803072', '1', '11', 'Saturday', 1, 'DIP '),
(1638, '1803073', '1', '11', 'Saturday', 1, 'DIP '),
(1639, '1803074', '1', '11', 'Saturday', 1, 'DIP '),
(1640, '1803075', '1', '11', 'Saturday', 0, 'DIP '),
(1641, '1803076', '1', '11', 'Saturday', 0, 'DIP '),
(1642, '1803077', '1', '11', 'Saturday', 1, 'DIP '),
(1643, '1803078', '1', '11', 'Saturday', 1, 'DIP '),
(1644, '1803079', '1', '11', 'Saturday', 1, 'DIP '),
(1645, '1803080', '1', '11', 'Saturday', 1, 'DIP '),
(1646, '1803081', '1', '11', 'Saturday', 1, 'DIP '),
(1647, '1803082', '1', '11', 'Saturday', 1, 'DIP '),
(1648, '1803083', '1', '11', 'Saturday', 1, 'DIP '),
(1649, '1803084', '1', '11', 'Saturday', 1, 'DIP '),
(1650, '1803085', '1', '11', 'Saturday', 1, 'DIP '),
(1651, '1803086', '1', '11', 'Saturday', 0, 'DIP '),
(1652, '1803087', '1', '11', 'Saturday', 0, 'DIP '),
(1653, '1803088', '1', '11', 'Saturday', 1, 'DIP '),
(1654, '1803089', '1', '11', 'Saturday', 1, 'DIP '),
(1655, '1803090', '1', '11', 'Saturday', 1, 'DIP '),
(1656, '1803091', '1', '11', 'Saturday', 1, 'DIP '),
(1657, '1803092', '1', '11', 'Saturday', 1, 'DIP '),
(1658, '1803093', '1', '11', 'Saturday', 1, 'DIP '),
(1659, '1803094', '1', '11', 'Saturday', 1, 'DIP '),
(1660, '1803095', '1', '11', 'Saturday', 1, 'DIP '),
(1661, '1803096', '1', '11', 'Saturday', 1, 'DIP '),
(1662, '1803097', '1', '11', 'Saturday', 1, 'DIP '),
(1663, '1803098', '1', '11', 'Saturday', 1, 'DIP '),
(1664, '1803099', '1', '11', 'Saturday', 1, 'DIP '),
(1665, '1803100', '1', '11', 'Saturday', 1, 'DIP '),
(1666, '1803101', '1', '11', 'Saturday', 1, 'DIP '),
(1667, '1803102', '1', '11', 'Saturday', 1, 'DIP '),
(1668, '1803103', '1', '11', 'Saturday', 1, 'DIP '),
(1669, '1803104', '1', '11', 'Saturday', 1, 'DIP '),
(1670, '1803105', '1', '11', 'Saturday', 1, 'DIP '),
(1671, '1803106', '1', '11', 'Saturday', 0, 'DIP '),
(1672, '1803107', '1', '11', 'Saturday', 0, 'DIP '),
(1673, '1803108', '1', '11', 'Saturday', 1, 'DIP '),
(1674, '1803109', '1', '11', 'Saturday', 1, 'DIP '),
(1675, '1803110', '1', '11', 'Saturday', 1, 'DIP '),
(1676, '1803111', '1', '11', 'Saturday', 1, 'DIP '),
(1677, '1803112', '1', '11', 'Saturday', 1, 'DIP '),
(1678, '1803113', '1', '11', 'Saturday', 1, 'DIP '),
(1679, '1803114', '1', '11', 'Saturday', 1, 'DIP '),
(1680, '1803115', '1', '11', 'Saturday', 1, 'DIP '),
(1681, '1803116', '1', '11', 'Saturday', 1, 'DIP '),
(1682, '1803117', '1', '11', 'Saturday', 0, 'DIP '),
(1683, '1803118', '1', '11', 'Saturday', 1, 'DIP '),
(1684, '1803119', '1', '11', 'Saturday', 1, 'DIP '),
(1685, '1803120', '1', '11', 'Saturday', 1, 'DIP '),
(1686, '1803061', '1', '1', 'Saturday', 1, 'DIP '),
(1687, '1803062', '1', '1', 'Saturday', 1, 'DIP '),
(1688, '1803063', '1', '1', 'Saturday', 0, 'DIP '),
(1689, '1803064', '1', '1', 'Saturday', 0, 'DIP '),
(1690, '1803065', '1', '1', 'Saturday', 0, 'DIP '),
(1691, '1803066', '1', '1', 'Saturday', 0, 'DIP '),
(1692, '1803067', '1', '1', 'Saturday', 0, 'DIP '),
(1693, '1803068', '1', '1', 'Saturday', 0, 'DIP '),
(1694, '1803069', '1', '1', 'Saturday', 0, 'DIP '),
(1695, '1803070', '1', '1', 'Saturday', 0, 'DIP '),
(1696, '1803071', '1', '1', 'Saturday', 0, 'DIP '),
(1697, '1803072', '1', '1', 'Saturday', 0, 'DIP '),
(1698, '1803073', '1', '1', 'Saturday', 0, 'DIP '),
(1699, '1803074', '1', '1', 'Saturday', 0, 'DIP '),
(1700, '1803075', '1', '1', 'Saturday', 0, 'DIP '),
(1701, '1803076', '1', '1', 'Saturday', 0, 'DIP '),
(1702, '1803077', '1', '1', 'Saturday', 0, 'DIP '),
(1703, '1803078', '1', '1', 'Saturday', 0, 'DIP '),
(1704, '1803079', '1', '1', 'Saturday', 0, 'DIP '),
(1705, '1803080', '1', '1', 'Saturday', 0, 'DIP '),
(1706, '1803081', '1', '1', 'Saturday', 0, 'DIP '),
(1707, '1803082', '1', '1', 'Saturday', 0, 'DIP '),
(1708, '1803083', '1', '1', 'Saturday', 0, 'DIP '),
(1709, '1803084', '1', '1', 'Saturday', 0, 'DIP '),
(1710, '1803085', '1', '1', 'Saturday', 0, 'DIP '),
(1711, '1803086', '1', '1', 'Saturday', 0, 'DIP '),
(1712, '1803087', '1', '1', 'Saturday', 0, 'DIP '),
(1713, '1803088', '1', '1', 'Saturday', 0, 'DIP '),
(1714, '1803089', '1', '1', 'Saturday', 0, 'DIP '),
(1715, '1803090', '1', '1', 'Saturday', 0, 'DIP '),
(1716, '1803091', '1', '1', 'Saturday', 0, 'DIP '),
(1717, '1803092', '1', '1', 'Saturday', 0, 'DIP '),
(1718, '1803093', '1', '1', 'Saturday', 0, 'DIP '),
(1719, '1803094', '1', '1', 'Saturday', 0, 'DIP '),
(1720, '1803095', '1', '1', 'Saturday', 0, 'DIP '),
(1721, '1803096', '1', '1', 'Saturday', 0, 'DIP '),
(1722, '1803097', '1', '1', 'Saturday', 0, 'DIP '),
(1723, '1803098', '1', '1', 'Saturday', 0, 'DIP '),
(1724, '1803099', '1', '1', 'Saturday', 0, 'DIP '),
(1725, '1803100', '1', '1', 'Saturday', 0, 'DIP '),
(1726, '1803101', '1', '1', 'Saturday', 0, 'DIP '),
(1727, '1803102', '1', '1', 'Saturday', 0, 'DIP '),
(1728, '1803103', '1', '1', 'Saturday', 0, 'DIP '),
(1729, '1803104', '1', '1', 'Saturday', 0, 'DIP '),
(1730, '1803105', '1', '1', 'Saturday', 0, 'DIP '),
(1731, '1803106', '1', '1', 'Saturday', 0, 'DIP '),
(1732, '1803107', '1', '1', 'Saturday', 0, 'DIP '),
(1733, '1803108', '1', '1', 'Saturday', 1, 'DIP '),
(1734, '1803109', '1', '1', 'Saturday', 0, 'DIP '),
(1735, '1803110', '1', '1', 'Saturday', 0, 'DIP '),
(1736, '1803111', '1', '1', 'Saturday', 0, 'DIP '),
(1737, '1803112', '1', '1', 'Saturday', 0, 'DIP '),
(1738, '1803113', '1', '1', 'Saturday', 0, 'DIP '),
(1739, '1803114', '1', '1', 'Saturday', 0, 'DIP '),
(1740, '1803115', '1', '1', 'Saturday', 0, 'DIP '),
(1741, '1803116', '1', '1', 'Saturday', 0, 'DIP '),
(1742, '1803117', '1', '1', 'Saturday', 1, 'DIP '),
(1743, '1803118', '1', '1', 'Saturday', 0, 'DIP '),
(1744, '1803119', '1', '1', 'Saturday', 0, 'DIP '),
(1745, '1803120', '1', '1', 'Saturday', 0, 'DIP '),
(1746, '1803061', '4', '1', 'Saturday', 1, 'DIP '),
(1747, '1803062', '4', '1', 'Saturday', 1, 'DIP '),
(1748, '1803063', '4', '1', 'Saturday', 1, 'DIP '),
(1749, '1803064', '4', '1', 'Saturday', 1, 'DIP '),
(1750, '1803065', '4', '1', 'Saturday', 1, 'DIP '),
(1751, '1803066', '4', '1', 'Saturday', 1, 'DIP '),
(1752, '1803067', '4', '1', 'Saturday', 1, 'DIP '),
(1753, '1803068', '4', '1', 'Saturday', 1, 'DIP '),
(1754, '1803069', '4', '1', 'Saturday', 1, 'DIP '),
(1755, '1803070', '4', '1', 'Saturday', 1, 'DIP '),
(1756, '1803071', '4', '1', 'Saturday', 1, 'DIP '),
(1757, '1803072', '4', '1', 'Saturday', 1, 'DIP '),
(1758, '1803073', '4', '1', 'Saturday', 1, 'DIP '),
(1759, '1803074', '4', '1', 'Saturday', 1, 'DIP '),
(1760, '1803075', '4', '1', 'Saturday', 0, 'DIP '),
(1761, '1803076', '4', '1', 'Saturday', 1, 'DIP '),
(1762, '1803077', '4', '1', 'Saturday', 1, 'DIP '),
(1763, '1803078', '4', '1', 'Saturday', 1, 'DIP '),
(1764, '1803079', '4', '1', 'Saturday', 1, 'DIP '),
(1765, '1803080', '4', '1', 'Saturday', 1, 'DIP '),
(1766, '1803081', '4', '1', 'Saturday', 1, 'DIP '),
(1767, '1803082', '4', '1', 'Saturday', 1, 'DIP '),
(1768, '1803083', '4', '1', 'Saturday', 1, 'DIP '),
(1769, '1803084', '4', '1', 'Saturday', 1, 'DIP '),
(1770, '1803085', '4', '1', 'Saturday', 1, 'DIP '),
(1771, '1803086', '4', '1', 'Saturday', 1, 'DIP '),
(1772, '1803087', '4', '1', 'Saturday', 0, 'DIP '),
(1773, '1803088', '4', '1', 'Saturday', 1, 'DIP '),
(1774, '1803089', '4', '1', 'Saturday', 1, 'DIP '),
(1775, '1803090', '4', '1', 'Saturday', 1, 'DIP '),
(1776, '1803091', '4', '1', 'Saturday', 1, 'DIP '),
(1777, '1803092', '4', '1', 'Saturday', 1, 'DIP '),
(1778, '1803093', '4', '1', 'Saturday', 1, 'DIP '),
(1779, '1803094', '4', '1', 'Saturday', 1, 'DIP '),
(1780, '1803095', '4', '1', 'Saturday', 1, 'DIP '),
(1781, '1803096', '4', '1', 'Saturday', 0, 'DIP '),
(1782, '1803097', '4', '1', 'Saturday', 1, 'DIP '),
(1783, '1803098', '4', '1', 'Saturday', 1, 'DIP '),
(1784, '1803099', '4', '1', 'Saturday', 1, 'DIP '),
(1785, '1803100', '4', '1', 'Saturday', 1, 'DIP '),
(1786, '1803101', '4', '1', 'Saturday', 1, 'DIP '),
(1787, '1803102', '4', '1', 'Saturday', 1, 'DIP '),
(1788, '1803103', '4', '1', 'Saturday', 1, 'DIP '),
(1789, '1803104', '4', '1', 'Saturday', 1, 'DIP '),
(1790, '1803105', '4', '1', 'Saturday', 1, 'DIP '),
(1791, '1803106', '4', '1', 'Saturday', 1, 'DIP '),
(1792, '1803107', '4', '1', 'Saturday', 1, 'DIP '),
(1793, '1803108', '4', '1', 'Saturday', 1, 'DIP '),
(1794, '1803109', '4', '1', 'Saturday', 1, 'DIP '),
(1795, '1803110', '4', '1', 'Saturday', 1, 'DIP '),
(1796, '1803111', '4', '1', 'Saturday', 1, 'DIP '),
(1797, '1803112', '4', '1', 'Saturday', 1, 'DIP '),
(1798, '1803113', '4', '1', 'Saturday', 1, 'DIP '),
(1799, '1803114', '4', '1', 'Saturday', 1, 'DIP '),
(1800, '1803115', '4', '1', 'Saturday', 1, 'DIP '),
(1801, '1803116', '4', '1', 'Saturday', 1, 'DIP '),
(1802, '1803117', '4', '1', 'Saturday', 1, 'DIP '),
(1803, '1803118', '4', '1', 'Saturday', 1, 'DIP '),
(1804, '1803119', '4', '1', 'Saturday', 1, 'DIP '),
(1805, '1803120', '4', '1', 'Saturday', 1, 'DIP '),
(1806, '1803061', '1', '6', 'Monday', 0, 'DIP '),
(1807, '1803062', '1', '6', 'Monday', 1, 'DIP '),
(1808, '1803063', '1', '6', 'Monday', 1, 'DIP '),
(1809, '1803064', '1', '6', 'Monday', 0, 'DIP '),
(1810, '1803065', '1', '6', 'Monday', 0, 'DIP '),
(1811, '1803066', '1', '6', 'Monday', 0, 'DIP '),
(1812, '1803067', '1', '6', 'Monday', 1, 'DIP '),
(1813, '1803068', '1', '6', 'Monday', 0, 'DIP '),
(1814, '1803069', '1', '6', 'Monday', 1, 'DIP '),
(1815, '1803070', '1', '6', 'Monday', 1, 'DIP '),
(1816, '1803071', '1', '6', 'Monday', 1, 'DIP '),
(1817, '1803072', '1', '6', 'Monday', 0, 'DIP '),
(1818, '1803073', '1', '6', 'Monday', 0, 'DIP '),
(1819, '1803074', '1', '6', 'Monday', 0, 'DIP '),
(1820, '1803075', '1', '6', 'Monday', 0, 'DIP '),
(1821, '1803076', '1', '6', 'Monday', 0, 'DIP '),
(1822, '1803077', '1', '6', 'Monday', 0, 'DIP '),
(1823, '1803078', '1', '6', 'Monday', 0, 'DIP '),
(1824, '1803079', '1', '6', 'Monday', 0, 'DIP '),
(1825, '1803080', '1', '6', 'Monday', 0, 'DIP '),
(1826, '1803081', '1', '6', 'Monday', 0, 'DIP '),
(1827, '1803082', '1', '6', 'Monday', 0, 'DIP '),
(1828, '1803083', '1', '6', 'Monday', 0, 'DIP '),
(1829, '1803084', '1', '6', 'Monday', 0, 'DIP '),
(1830, '1803085', '1', '6', 'Monday', 0, 'DIP '),
(1831, '1803086', '1', '6', 'Monday', 1, 'DIP '),
(1832, '1803087', '1', '6', 'Monday', 1, 'DIP '),
(1833, '1803088', '1', '6', 'Monday', 0, 'DIP '),
(1834, '1803089', '1', '6', 'Monday', 0, 'DIP '),
(1835, '1803090', '1', '6', 'Monday', 0, 'DIP '),
(1836, '1803091', '1', '6', 'Monday', 0, 'DIP '),
(1837, '1803092', '1', '6', 'Monday', 0, 'DIP '),
(1838, '1803093', '1', '6', 'Monday', 0, 'DIP '),
(1839, '1803094', '1', '6', 'Monday', 0, 'DIP '),
(1840, '1803095', '1', '6', 'Monday', 0, 'DIP '),
(1841, '1803096', '1', '6', 'Monday', 0, 'DIP '),
(1842, '1803097', '1', '6', 'Monday', 0, 'DIP '),
(1843, '1803098', '1', '6', 'Monday', 0, 'DIP '),
(1844, '1803099', '1', '6', 'Monday', 0, 'DIP '),
(1845, '1803100', '1', '6', 'Monday', 0, 'DIP '),
(1846, '1803101', '1', '6', 'Monday', 0, 'DIP '),
(1847, '1803102', '1', '6', 'Monday', 0, 'DIP '),
(1848, '1803103', '1', '6', 'Monday', 0, 'DIP '),
(1849, '1803104', '1', '6', 'Monday', 0, 'DIP '),
(1850, '1803105', '1', '6', 'Monday', 0, 'DIP '),
(1851, '1803106', '1', '6', 'Monday', 0, 'DIP '),
(1852, '1803107', '1', '6', 'Monday', 0, 'DIP '),
(1853, '1803108', '1', '6', 'Monday', 0, 'DIP '),
(1854, '1803109', '1', '6', 'Monday', 0, 'DIP '),
(1855, '1803110', '1', '6', 'Monday', 0, 'DIP '),
(1856, '1803111', '1', '6', 'Monday', 0, 'DIP '),
(1857, '1803112', '1', '6', 'Monday', 0, 'DIP '),
(1858, '1803113', '1', '6', 'Monday', 0, 'DIP '),
(1859, '1803114', '1', '6', 'Monday', 0, 'DIP '),
(1860, '1803115', '1', '6', 'Monday', 0, 'DIP '),
(1861, '1803116', '1', '6', 'Monday', 0, 'DIP '),
(1862, '1803117', '1', '6', 'Monday', 0, 'DIP '),
(1863, '1803118', '1', '6', 'Monday', 0, 'DIP '),
(1864, '1803119', '1', '6', 'Monday', 0, 'DIP '),
(1865, '1803120', '1', '6', 'Monday', 0, 'DIP '),
(1866, '1803061', '1', '13', 'Tuesday', 0, 'DIP '),
(1867, '1803062', '1', '13', 'Tuesday', 1, 'DIP '),
(1868, '1803063', '1', '13', 'Tuesday', 0, 'DIP '),
(1869, '1803064', '1', '13', 'Tuesday', 1, 'DIP '),
(1870, '1803065', '1', '13', 'Tuesday', 0, 'DIP '),
(1871, '1803066', '1', '13', 'Tuesday', 1, 'DIP '),
(1872, '1803067', '1', '13', 'Tuesday', 0, 'DIP '),
(1873, '1803068', '1', '13', 'Tuesday', 1, 'DIP '),
(1874, '1803069', '1', '13', 'Tuesday', 1, 'DIP '),
(1875, '1803070', '1', '13', 'Tuesday', 0, 'DIP '),
(1876, '1803071', '1', '13', 'Tuesday', 0, 'DIP '),
(1877, '1803072', '1', '13', 'Tuesday', 0, 'DIP '),
(1878, '1803073', '1', '13', 'Tuesday', 0, 'DIP '),
(1879, '1803074', '1', '13', 'Tuesday', 0, 'DIP '),
(1880, '1803075', '1', '13', 'Tuesday', 0, 'DIP '),
(1881, '1803076', '1', '13', 'Tuesday', 0, 'DIP '),
(1882, '1803077', '1', '13', 'Tuesday', 0, 'DIP '),
(1883, '1803078', '1', '13', 'Tuesday', 0, 'DIP '),
(1884, '1803079', '1', '13', 'Tuesday', 0, 'DIP '),
(1885, '1803080', '1', '13', 'Tuesday', 0, 'DIP '),
(1886, '1803081', '1', '13', 'Tuesday', 0, 'DIP '),
(1887, '1803082', '1', '13', 'Tuesday', 0, 'DIP '),
(1888, '1803083', '1', '13', 'Tuesday', 0, 'DIP '),
(1889, '1803084', '1', '13', 'Tuesday', 0, 'DIP '),
(1890, '1803085', '1', '13', 'Tuesday', 0, 'DIP '),
(1891, '1803086', '1', '13', 'Tuesday', 0, 'DIP '),
(1892, '1803087', '1', '13', 'Tuesday', 0, 'DIP '),
(1893, '1803088', '1', '13', 'Tuesday', 1, 'DIP '),
(1894, '1803089', '1', '13', 'Tuesday', 1, 'DIP '),
(1895, '1803090', '1', '13', 'Tuesday', 0, 'DIP '),
(1896, '1803091', '1', '13', 'Tuesday', 0, 'DIP '),
(1897, '1803092', '1', '13', 'Tuesday', 0, 'DIP '),
(1898, '1803093', '1', '13', 'Tuesday', 0, 'DIP '),
(1899, '1803094', '1', '13', 'Tuesday', 0, 'DIP '),
(1900, '1803095', '1', '13', 'Tuesday', 0, 'DIP '),
(1901, '1803096', '1', '13', 'Tuesday', 0, 'DIP '),
(1902, '1803097', '1', '13', 'Tuesday', 0, 'DIP '),
(1903, '1803098', '1', '13', 'Tuesday', 0, 'DIP '),
(1904, '1803099', '1', '13', 'Tuesday', 0, 'DIP '),
(1905, '1803100', '1', '13', 'Tuesday', 0, 'DIP '),
(1906, '1803101', '1', '13', 'Tuesday', 0, 'DIP '),
(1907, '1803102', '1', '13', 'Tuesday', 0, 'DIP '),
(1908, '1803103', '1', '13', 'Tuesday', 0, 'DIP '),
(1909, '1803104', '1', '13', 'Tuesday', 0, 'DIP '),
(1910, '1803105', '1', '13', 'Tuesday', 0, 'DIP '),
(1911, '1803106', '1', '13', 'Tuesday', 0, 'DIP '),
(1912, '1803107', '1', '13', 'Tuesday', 0, 'DIP '),
(1913, '1803108', '1', '13', 'Tuesday', 0, 'DIP '),
(1914, '1803109', '1', '13', 'Tuesday', 1, 'DIP '),
(1915, '1803110', '1', '13', 'Tuesday', 1, 'DIP '),
(1916, '1803111', '1', '13', 'Tuesday', 0, 'DIP '),
(1917, '1803112', '1', '13', 'Tuesday', 0, 'DIP '),
(1918, '1803113', '1', '13', 'Tuesday', 0, 'DIP '),
(1919, '1803114', '1', '13', 'Tuesday', 0, 'DIP '),
(1920, '1803115', '1', '13', 'Tuesday', 0, 'DIP '),
(1921, '1803116', '1', '13', 'Tuesday', 1, 'DIP '),
(1922, '1803117', '1', '13', 'Tuesday', 1, 'DIP '),
(1923, '1803118', '1', '13', 'Tuesday', 0, 'DIP '),
(1924, '1803119', '1', '13', 'Tuesday', 0, 'DIP '),
(1925, '1803120', '1', '13', 'Tuesday', 0, 'DIP '),
(1926, '1803061', '6', '10', 'Saturday', 0, 'DIP '),
(1927, '1803062', '6', '10', 'Saturday', 0, 'DIP '),
(1928, '1803063', '6', '10', 'Saturday', 0, 'DIP '),
(1929, '1803064', '6', '10', 'Saturday', 1, 'DIP '),
(1930, '1803065', '6', '10', 'Saturday', 1, 'DIP '),
(1931, '1803066', '6', '10', 'Saturday', 0, 'DIP '),
(1932, '1803067', '6', '10', 'Saturday', 0, 'DIP '),
(1933, '1803068', '6', '10', 'Saturday', 0, 'DIP '),
(1934, '1803069', '6', '10', 'Saturday', 0, 'DIP '),
(1935, '1803070', '6', '10', 'Saturday', 0, 'DIP '),
(1936, '1803071', '6', '10', 'Saturday', 0, 'DIP '),
(1937, '1803072', '6', '10', 'Saturday', 0, 'DIP '),
(1938, '1803073', '6', '10', 'Saturday', 0, 'DIP '),
(1939, '1803074', '6', '10', 'Saturday', 0, 'DIP '),
(1940, '1803075', '6', '10', 'Saturday', 0, 'DIP '),
(1941, '1803076', '6', '10', 'Saturday', 0, 'DIP '),
(1942, '1803077', '6', '10', 'Saturday', 1, 'DIP '),
(1943, '1803078', '6', '10', 'Saturday', 1, 'DIP '),
(1944, '1803079', '6', '10', 'Saturday', 0, 'DIP '),
(1945, '1803080', '6', '10', 'Saturday', 0, 'DIP '),
(1946, '1803081', '6', '10', 'Saturday', 0, 'DIP '),
(1947, '1803082', '6', '10', 'Saturday', 0, 'DIP '),
(1948, '1803083', '6', '10', 'Saturday', 0, 'DIP '),
(1949, '1803084', '6', '10', 'Saturday', 0, 'DIP '),
(1950, '1803085', '6', '10', 'Saturday', 0, 'DIP '),
(1951, '1803086', '6', '10', 'Saturday', 0, 'DIP '),
(1952, '1803087', '6', '10', 'Saturday', 0, 'DIP '),
(1953, '1803088', '6', '10', 'Saturday', 0, 'DIP '),
(1954, '1803089', '6', '10', 'Saturday', 0, 'DIP '),
(1955, '1803090', '6', '10', 'Saturday', 0, 'DIP '),
(1956, '1803091', '6', '10', 'Saturday', 0, 'DIP '),
(1957, '1803092', '6', '10', 'Saturday', 0, 'DIP '),
(1958, '1803093', '6', '10', 'Saturday', 0, 'DIP '),
(1959, '1803094', '6', '10', 'Saturday', 0, 'DIP '),
(1960, '1803095', '6', '10', 'Saturday', 0, 'DIP '),
(1961, '1803096', '6', '10', 'Saturday', 1, 'DIP '),
(1962, '1803097', '6', '10', 'Saturday', 1, 'DIP '),
(1963, '1803098', '6', '10', 'Saturday', 0, 'DIP '),
(1964, '1803099', '6', '10', 'Saturday', 0, 'DIP '),
(1965, '1803100', '6', '10', 'Saturday', 0, 'DIP '),
(1966, '1803101', '6', '10', 'Saturday', 0, 'DIP '),
(1967, '1803102', '6', '10', 'Saturday', 0, 'DIP '),
(1968, '1803103', '6', '10', 'Saturday', 0, 'DIP '),
(1969, '1803104', '6', '10', 'Saturday', 0, 'DIP '),
(1970, '1803105', '6', '10', 'Saturday', 0, 'DIP '),
(1971, '1803106', '6', '10', 'Saturday', 0, 'DIP '),
(1972, '1803107', '6', '10', 'Saturday', 0, 'DIP '),
(1973, '1803108', '6', '10', 'Saturday', 0, 'DIP '),
(1974, '1803109', '6', '10', 'Saturday', 0, 'DIP '),
(1975, '1803110', '6', '10', 'Saturday', 0, 'DIP '),
(1976, '1803111', '6', '10', 'Saturday', 0, 'DIP '),
(1977, '1803112', '6', '10', 'Saturday', 0, 'DIP '),
(1978, '1803113', '6', '10', 'Saturday', 0, 'DIP '),
(1979, '1803114', '6', '10', 'Saturday', 0, 'DIP '),
(1980, '1803115', '6', '10', 'Saturday', 0, 'DIP '),
(1981, '1803116', '6', '10', 'Saturday', 0, 'DIP '),
(1982, '1803117', '6', '10', 'Saturday', 0, 'DIP '),
(1983, '1803118', '6', '10', 'Saturday', 0, 'DIP '),
(1984, '1803119', '6', '10', 'Saturday', 0, 'DIP '),
(1985, '1803120', '6', '10', 'Saturday', 0, 'DIP '),
(1986, '1803061', '6', '8', 'Saturday', 0, 'tcr'),
(1987, '1803062', '6', '8', 'Saturday', 1, 'tcr'),
(1988, '1803063', '6', '8', 'Saturday', 1, 'tcr'),
(1989, '1803064', '6', '8', 'Saturday', 0, 'tcr'),
(1990, '1803065', '6', '8', 'Saturday', 0, 'tcr'),
(1991, '1803066', '6', '8', 'Saturday', 0, 'tcr'),
(1992, '1803067', '6', '8', 'Saturday', 1, 'tcr'),
(1993, '1803068', '6', '8', 'Saturday', 0, 'tcr'),
(1994, '1803069', '6', '8', 'Saturday', 1, 'tcr'),
(1995, '1803070', '6', '8', 'Saturday', 0, 'tcr'),
(1996, '1803071', '6', '8', 'Saturday', 0, 'tcr'),
(1997, '1803072', '6', '8', 'Saturday', 0, 'tcr'),
(1998, '1803073', '6', '8', 'Saturday', 0, 'tcr'),
(1999, '1803074', '6', '8', 'Saturday', 0, 'tcr'),
(2000, '1803075', '6', '8', 'Saturday', 0, 'tcr'),
(2001, '1803076', '6', '8', 'Saturday', 1, 'tcr'),
(2002, '1803077', '6', '8', 'Saturday', 1, 'tcr'),
(2003, '1803078', '6', '8', 'Saturday', 0, 'tcr'),
(2004, '1803079', '6', '8', 'Saturday', 0, 'tcr'),
(2005, '1803080', '6', '8', 'Saturday', 0, 'tcr'),
(2006, '1803081', '6', '8', 'Saturday', 0, 'tcr'),
(2007, '1803082', '6', '8', 'Saturday', 0, 'tcr'),
(2008, '1803083', '6', '8', 'Saturday', 0, 'tcr'),
(2009, '1803084', '6', '8', 'Saturday', 0, 'tcr'),
(2010, '1803085', '6', '8', 'Saturday', 0, 'tcr'),
(2011, '1803086', '6', '8', 'Saturday', 0, 'tcr'),
(2012, '1803087', '6', '8', 'Saturday', 0, 'tcr'),
(2013, '1803088', '6', '8', 'Saturday', 0, 'tcr'),
(2014, '1803089', '6', '8', 'Saturday', 0, 'tcr'),
(2015, '1803090', '6', '8', 'Saturday', 0, 'tcr'),
(2016, '1803091', '6', '8', 'Saturday', 1, 'tcr'),
(2017, '1803092', '6', '8', 'Saturday', 1, 'tcr'),
(2018, '1803093', '6', '8', 'Saturday', 0, 'tcr'),
(2019, '1803094', '6', '8', 'Saturday', 0, 'tcr'),
(2020, '1803095', '6', '8', 'Saturday', 0, 'tcr'),
(2021, '1803096', '6', '8', 'Saturday', 0, 'tcr'),
(2022, '1803097', '6', '8', 'Saturday', 0, 'tcr'),
(2023, '1803098', '6', '8', 'Saturday', 0, 'tcr'),
(2024, '1803099', '6', '8', 'Saturday', 0, 'tcr'),
(2025, '1803100', '6', '8', 'Saturday', 0, 'tcr'),
(2026, '1803101', '6', '8', 'Saturday', 0, 'tcr'),
(2027, '1803102', '6', '8', 'Saturday', 0, 'tcr'),
(2028, '1803103', '6', '8', 'Saturday', 0, 'tcr'),
(2029, '1803104', '6', '8', 'Saturday', 0, 'tcr'),
(2030, '1803105', '6', '8', 'Saturday', 0, 'tcr'),
(2031, '1803106', '6', '8', 'Saturday', 0, 'tcr'),
(2032, '1803107', '6', '8', 'Saturday', 0, 'tcr'),
(2033, '1803108', '6', '8', 'Saturday', 0, 'tcr'),
(2034, '1803109', '6', '8', 'Saturday', 0, 'tcr'),
(2035, '1803110', '6', '8', 'Saturday', 0, 'tcr'),
(2036, '1803111', '6', '8', 'Saturday', 0, 'tcr'),
(2037, '1803112', '6', '8', 'Saturday', 0, 'tcr'),
(2038, '1803113', '6', '8', 'Saturday', 0, 'tcr'),
(2039, '1803114', '6', '8', 'Saturday', 0, 'tcr'),
(2040, '1803115', '6', '8', 'Saturday', 0, 'tcr'),
(2041, '1803116', '6', '8', 'Saturday', 0, 'tcr'),
(2042, '1803117', '6', '8', 'Saturday', 0, 'tcr'),
(2043, '1803118', '6', '8', 'Saturday', 0, 'tcr'),
(2044, '1803119', '6', '8', 'Saturday', 0, 'tcr'),
(2045, '1803120', '6', '8', 'Saturday', 0, 'tcr'),
(2046, '1803061', '6', '12', 'Monday', 1, 'tcr'),
(2047, '1803062', '6', '12', 'Monday', 1, 'tcr'),
(2048, '1803063', '6', '12', 'Monday', 1, 'tcr'),
(2049, '1803064', '6', '12', 'Monday', 0, 'tcr'),
(2050, '1803065', '6', '12', 'Monday', 0, 'tcr'),
(2051, '1803066', '6', '12', 'Monday', 0, 'tcr'),
(2052, '1803067', '6', '12', 'Monday', 1, 'tcr'),
(2053, '1803068', '6', '12', 'Monday', 0, 'tcr'),
(2054, '1803069', '6', '12', 'Monday', 0, 'tcr'),
(2055, '1803070', '6', '12', 'Monday', 1, 'tcr'),
(2056, '1803071', '6', '12', 'Monday', 1, 'tcr'),
(2057, '1803072', '6', '12', 'Monday', 0, 'tcr'),
(2058, '1803073', '6', '12', 'Monday', 0, 'tcr'),
(2059, '1803074', '6', '12', 'Monday', 0, 'tcr'),
(2060, '1803075', '6', '12', 'Monday', 0, 'tcr'),
(2061, '1803076', '6', '12', 'Monday', 1, 'tcr'),
(2062, '1803077', '6', '12', 'Monday', 0, 'tcr'),
(2063, '1803078', '6', '12', 'Monday', 1, 'tcr'),
(2064, '1803079', '6', '12', 'Monday', 0, 'tcr'),
(2065, '1803080', '6', '12', 'Monday', 0, 'tcr'),
(2066, '1803081', '6', '12', 'Monday', 0, 'tcr'),
(2067, '1803082', '6', '12', 'Monday', 0, 'tcr'),
(2068, '1803083', '6', '12', 'Monday', 0, 'tcr'),
(2069, '1803084', '6', '12', 'Monday', 0, 'tcr'),
(2070, '1803085', '6', '12', 'Monday', 0, 'tcr'),
(2071, '1803086', '6', '12', 'Monday', 0, 'tcr'),
(2072, '1803087', '6', '12', 'Monday', 1, 'tcr'),
(2073, '1803088', '6', '12', 'Monday', 1, 'tcr'),
(2074, '1803089', '6', '12', 'Monday', 0, 'tcr'),
(2075, '1803090', '6', '12', 'Monday', 0, 'tcr'),
(2076, '1803091', '6', '12', 'Monday', 0, 'tcr'),
(2077, '1803092', '6', '12', 'Monday', 0, 'tcr'),
(2078, '1803093', '6', '12', 'Monday', 0, 'tcr'),
(2079, '1803094', '6', '12', 'Monday', 0, 'tcr'),
(2080, '1803095', '6', '12', 'Monday', 0, 'tcr'),
(2081, '1803096', '6', '12', 'Monday', 0, 'tcr'),
(2082, '1803097', '6', '12', 'Monday', 0, 'tcr'),
(2083, '1803098', '6', '12', 'Monday', 0, 'tcr'),
(2084, '1803099', '6', '12', 'Monday', 0, 'tcr'),
(2085, '1803100', '6', '12', 'Monday', 0, 'tcr'),
(2086, '1803101', '6', '12', 'Monday', 0, 'tcr'),
(2087, '1803102', '6', '12', 'Monday', 0, 'tcr'),
(2088, '1803103', '6', '12', 'Monday', 0, 'tcr'),
(2089, '1803104', '6', '12', 'Monday', 0, 'tcr'),
(2090, '1803105', '6', '12', 'Monday', 0, 'tcr'),
(2091, '1803106', '6', '12', 'Monday', 0, 'tcr'),
(2092, '1803107', '6', '12', 'Monday', 0, 'tcr'),
(2093, '1803108', '6', '12', 'Monday', 0, 'tcr'),
(2094, '1803109', '6', '12', 'Monday', 0, 'tcr'),
(2095, '1803110', '6', '12', 'Monday', 1, 'tcr'),
(2096, '1803111', '6', '12', 'Monday', 1, 'tcr'),
(2097, '1803112', '6', '12', 'Monday', 0, 'tcr'),
(2098, '1803113', '6', '12', 'Monday', 0, 'tcr'),
(2099, '1803114', '6', '12', 'Monday', 0, 'tcr'),
(2100, '1803115', '6', '12', 'Monday', 0, 'tcr'),
(2101, '1803116', '6', '12', 'Monday', 0, 'tcr'),
(2102, '1803117', '6', '12', 'Monday', 0, 'tcr'),
(2103, '1803118', '6', '12', 'Monday', 0, 'tcr'),
(2104, '1803119', '6', '12', 'Monday', 0, 'tcr'),
(2105, '1803120', '6', '12', 'Monday', 0, 'tcr'),
(2106, '1803061', '5', '8', 'Monday', 1, 'DIP '),
(2107, '1803062', '5', '8', 'Monday', 0, 'DIP '),
(2108, '1803063', '5', '8', 'Monday', 1, 'DIP '),
(2109, '1803064', '5', '8', 'Monday', 1, 'DIP '),
(2110, '1803065', '5', '8', 'Monday', 1, 'DIP '),
(2111, '1803066', '5', '8', 'Monday', 1, 'DIP '),
(2112, '1803067', '5', '8', 'Monday', 1, 'DIP '),
(2113, '1803068', '5', '8', 'Monday', 1, 'DIP '),
(2114, '1803069', '5', '8', 'Monday', 1, 'DIP '),
(2115, '1803070', '5', '8', 'Monday', 1, 'DIP '),
(2116, '1803071', '5', '8', 'Monday', 1, 'DIP '),
(2117, '1803072', '5', '8', 'Monday', 0, 'DIP '),
(2118, '1803073', '5', '8', 'Monday', 1, 'DIP '),
(2119, '1803074', '5', '8', 'Monday', 1, 'DIP '),
(2120, '1803075', '5', '8', 'Monday', 1, 'DIP '),
(2121, '1803076', '5', '8', 'Monday', 1, 'DIP '),
(2122, '1803077', '5', '8', 'Monday', 1, 'DIP '),
(2123, '1803078', '5', '8', 'Monday', 1, 'DIP '),
(2124, '1803079', '5', '8', 'Monday', 1, 'DIP '),
(2125, '1803080', '5', '8', 'Monday', 1, 'DIP '),
(2126, '1803081', '5', '8', 'Monday', 0, 'DIP '),
(2127, '1803082', '5', '8', 'Monday', 1, 'DIP '),
(2128, '1803083', '5', '8', 'Monday', 1, 'DIP '),
(2129, '1803084', '5', '8', 'Monday', 1, 'DIP '),
(2130, '1803085', '5', '8', 'Monday', 1, 'DIP '),
(2131, '1803086', '5', '8', 'Monday', 1, 'DIP '),
(2132, '1803087', '5', '8', 'Monday', 1, 'DIP '),
(2133, '1803088', '5', '8', 'Monday', 1, 'DIP '),
(2134, '1803089', '5', '8', 'Monday', 1, 'DIP '),
(2135, '1803090', '5', '8', 'Monday', 1, 'DIP '),
(2136, '1803091', '5', '8', 'Monday', 1, 'DIP '),
(2137, '1803092', '5', '8', 'Monday', 0, 'DIP '),
(2138, '1803093', '5', '8', 'Monday', 1, 'DIP '),
(2139, '1803094', '5', '8', 'Monday', 1, 'DIP '),
(2140, '1803095', '5', '8', 'Monday', 1, 'DIP '),
(2141, '1803096', '5', '8', 'Monday', 1, 'DIP '),
(2142, '1803097', '5', '8', 'Monday', 1, 'DIP '),
(2143, '1803098', '5', '8', 'Monday', 1, 'DIP '),
(2144, '1803099', '5', '8', 'Monday', 1, 'DIP '),
(2145, '1803100', '5', '8', 'Monday', 1, 'DIP '),
(2146, '1803101', '5', '8', 'Monday', 1, 'DIP '),
(2147, '1803102', '5', '8', 'Monday', 0, 'DIP '),
(2148, '1803103', '5', '8', 'Monday', 1, 'DIP '),
(2149, '1803104', '5', '8', 'Monday', 1, 'DIP '),
(2150, '1803105', '5', '8', 'Monday', 1, 'DIP '),
(2151, '1803106', '5', '8', 'Monday', 1, 'DIP '),
(2152, '1803107', '5', '8', 'Monday', 1, 'DIP '),
(2153, '1803108', '5', '8', 'Monday', 1, 'DIP '),
(2154, '1803109', '5', '8', 'Monday', 1, 'DIP '),
(2155, '1803110', '5', '8', 'Monday', 1, 'DIP '),
(2156, '1803111', '5', '8', 'Monday', 1, 'DIP '),
(2157, '1803112', '5', '8', 'Monday', 1, 'DIP '),
(2158, '1803113', '5', '8', 'Monday', 1, 'DIP '),
(2159, '1803114', '5', '8', 'Monday', 1, 'DIP '),
(2160, '1803115', '5', '8', 'Monday', 1, 'DIP '),
(2161, '1803116', '5', '8', 'Monday', 0, 'DIP '),
(2162, '1803117', '5', '8', 'Monday', 1, 'DIP '),
(2163, '1803118', '5', '8', 'Monday', 1, 'DIP '),
(2164, '1803119', '5', '8', 'Monday', 1, 'DIP '),
(2165, '1803120', '5', '8', 'Monday', 1, 'DIP '),
(2166, '1803061', '5', '8', 'Tuesday', 0, 'DIP '),
(2167, '1803062', '5', '8', 'Tuesday', 1, 'DIP '),
(2168, '1803063', '5', '8', 'Tuesday', 1, 'DIP '),
(2169, '1803064', '5', '8', 'Tuesday', 1, 'DIP '),
(2170, '1803065', '5', '8', 'Tuesday', 1, 'DIP '),
(2171, '1803066', '5', '8', 'Tuesday', 1, 'DIP '),
(2172, '1803067', '5', '8', 'Tuesday', 1, 'DIP '),
(2173, '1803068', '5', '8', 'Tuesday', 0, 'DIP '),
(2174, '1803069', '5', '8', 'Tuesday', 1, 'DIP '),
(2175, '1803070', '5', '8', 'Tuesday', 1, 'DIP '),
(2176, '1803071', '5', '8', 'Tuesday', 1, 'DIP '),
(2177, '1803072', '5', '8', 'Tuesday', 1, 'DIP '),
(2178, '1803073', '5', '8', 'Tuesday', 1, 'DIP '),
(2179, '1803074', '5', '8', 'Tuesday', 1, 'DIP '),
(2180, '1803075', '5', '8', 'Tuesday', 0, 'DIP '),
(2181, '1803076', '5', '8', 'Tuesday', 1, 'DIP '),
(2182, '1803077', '5', '8', 'Tuesday', 1, 'DIP '),
(2183, '1803078', '5', '8', 'Tuesday', 1, 'DIP '),
(2184, '1803079', '5', '8', 'Tuesday', 1, 'DIP '),
(2185, '1803080', '5', '8', 'Tuesday', 1, 'DIP '),
(2186, '1803081', '5', '8', 'Tuesday', 1, 'DIP '),
(2187, '1803082', '5', '8', 'Tuesday', 1, 'DIP '),
(2188, '1803083', '5', '8', 'Tuesday', 1, 'DIP '),
(2189, '1803084', '5', '8', 'Tuesday', 1, 'DIP '),
(2190, '1803085', '5', '8', 'Tuesday', 1, 'DIP '),
(2191, '1803086', '5', '8', 'Tuesday', 0, 'DIP '),
(2192, '1803087', '5', '8', 'Tuesday', 1, 'DIP '),
(2193, '1803088', '5', '8', 'Tuesday', 1, 'DIP '),
(2194, '1803089', '5', '8', 'Tuesday', 1, 'DIP '),
(2195, '1803090', '5', '8', 'Tuesday', 1, 'DIP '),
(2196, '1803091', '5', '8', 'Tuesday', 1, 'DIP '),
(2197, '1803092', '5', '8', 'Tuesday', 1, 'DIP '),
(2198, '1803093', '5', '8', 'Tuesday', 1, 'DIP '),
(2199, '1803094', '5', '8', 'Tuesday', 1, 'DIP '),
(2200, '1803095', '5', '8', 'Tuesday', 1, 'DIP '),
(2201, '1803096', '5', '8', 'Tuesday', 1, 'DIP '),
(2202, '1803097', '5', '8', 'Tuesday', 0, 'DIP '),
(2203, '1803098', '5', '8', 'Tuesday', 1, 'DIP '),
(2204, '1803099', '5', '8', 'Tuesday', 1, 'DIP '),
(2205, '1803100', '5', '8', 'Tuesday', 1, 'DIP '),
(2206, '1803101', '5', '8', 'Tuesday', 1, 'DIP '),
(2207, '1803102', '5', '8', 'Tuesday', 1, 'DIP '),
(2208, '1803103', '5', '8', 'Tuesday', 1, 'DIP '),
(2209, '1803104', '5', '8', 'Tuesday', 1, 'DIP '),
(2210, '1803105', '5', '8', 'Tuesday', 1, 'DIP '),
(2211, '1803106', '5', '8', 'Tuesday', 1, 'DIP '),
(2212, '1803107', '5', '8', 'Tuesday', 1, 'DIP '),
(2213, '1803108', '5', '8', 'Tuesday', 0, 'DIP '),
(2214, '1803109', '5', '8', 'Tuesday', 1, 'DIP '),
(2215, '1803110', '5', '8', 'Tuesday', 1, 'DIP '),
(2216, '1803111', '5', '8', 'Tuesday', 1, 'DIP '),
(2217, '1803112', '5', '8', 'Tuesday', 1, 'DIP '),
(2218, '1803113', '5', '8', 'Tuesday', 1, 'DIP '),
(2219, '1803114', '5', '8', 'Tuesday', 1, 'DIP '),
(2220, '1803115', '5', '8', 'Tuesday', 1, 'DIP '),
(2221, '1803116', '5', '8', 'Tuesday', 1, 'DIP '),
(2222, '1803117', '5', '8', 'Tuesday', 1, 'DIP '),
(2223, '1803118', '5', '8', 'Tuesday', 0, 'DIP '),
(2224, '1803119', '5', '8', 'Tuesday', 1, 'DIP '),
(2225, '1803120', '5', '8', 'Tuesday', 1, 'DIP '),
(2226, '1803061', '30', '4', 'Wednesday', 1, 'DIP '),
(2227, '1803062', '30', '4', 'Wednesday', 1, 'DIP '),
(2228, '1803063', '30', '4', 'Wednesday', 1, 'DIP '),
(2229, '1803064', '30', '4', 'Wednesday', 1, 'DIP '),
(2230, '1803065', '30', '4', 'Wednesday', 1, 'DIP '),
(2231, '1803066', '30', '4', 'Wednesday', 0, 'DIP '),
(2232, '1803067', '30', '4', 'Wednesday', 0, 'DIP '),
(2233, '1803068', '30', '4', 'Wednesday', 0, 'DIP '),
(2234, '1803069', '30', '4', 'Wednesday', 1, 'DIP '),
(2235, '1803070', '30', '4', 'Wednesday', 1, 'DIP '),
(2236, '1803071', '30', '4', 'Wednesday', 1, 'DIP '),
(2237, '1803072', '30', '4', 'Wednesday', 1, 'DIP '),
(2238, '1803073', '30', '4', 'Wednesday', 1, 'DIP '),
(2239, '1803074', '30', '4', 'Wednesday', 0, 'DIP '),
(2240, '1803075', '30', '4', 'Wednesday', 1, 'DIP '),
(2241, '1803076', '30', '4', 'Wednesday', 1, 'DIP '),
(2242, '1803077', '30', '4', 'Wednesday', 1, 'DIP '),
(2243, '1803078', '30', '4', 'Wednesday', 1, 'DIP '),
(2244, '1803079', '30', '4', 'Wednesday', 1, 'DIP '),
(2245, '1803080', '30', '4', 'Wednesday', 1, 'DIP '),
(2246, '1803081', '30', '4', 'Wednesday', 1, 'DIP '),
(2247, '1803082', '30', '4', 'Wednesday', 1, 'DIP '),
(2248, '1803083', '30', '4', 'Wednesday', 1, 'DIP '),
(2249, '1803084', '30', '4', 'Wednesday', 0, 'DIP '),
(2250, '1803085', '30', '4', 'Wednesday', 1, 'DIP '),
(2251, '1803086', '30', '4', 'Wednesday', 1, 'DIP '),
(2252, '1803087', '30', '4', 'Wednesday', 1, 'DIP '),
(2253, '1803088', '30', '4', 'Wednesday', 1, 'DIP '),
(2254, '1803089', '30', '4', 'Wednesday', 1, 'DIP '),
(2255, '1803090', '30', '4', 'Wednesday', 1, 'DIP '),
(2256, '1803091', '30', '4', 'Wednesday', 1, 'DIP '),
(2257, '1803092', '30', '4', 'Wednesday', 1, 'DIP '),
(2258, '1803093', '30', '4', 'Wednesday', 0, 'DIP '),
(2259, '1803094', '30', '4', 'Wednesday', 1, 'DIP '),
(2260, '1803095', '30', '4', 'Wednesday', 1, 'DIP '),
(2261, '1803096', '30', '4', 'Wednesday', 1, 'DIP '),
(2262, '1803097', '30', '4', 'Wednesday', 1, 'DIP '),
(2263, '1803098', '30', '4', 'Wednesday', 1, 'DIP '),
(2264, '1803099', '30', '4', 'Wednesday', 1, 'DIP '),
(2265, '1803100', '30', '4', 'Wednesday', 1, 'DIP '),
(2266, '1803101', '30', '4', 'Wednesday', 0, 'DIP '),
(2267, '1803102', '30', '4', 'Wednesday', 1, 'DIP '),
(2268, '1803103', '30', '4', 'Wednesday', 1, 'DIP '),
(2269, '1803104', '30', '4', 'Wednesday', 1, 'DIP '),
(2270, '1803105', '30', '4', 'Wednesday', 1, 'DIP '),
(2271, '1803106', '30', '4', 'Wednesday', 1, 'DIP '),
(2272, '1803107', '30', '4', 'Wednesday', 1, 'DIP '),
(2273, '1803108', '30', '4', 'Wednesday', 1, 'DIP '),
(2274, '1803109', '30', '4', 'Wednesday', 1, 'DIP '),
(2275, '1803110', '30', '4', 'Wednesday', 1, 'DIP '),
(2276, '1803111', '30', '4', 'Wednesday', 1, 'DIP '),
(2277, '1803112', '30', '4', 'Wednesday', 1, 'DIP '),
(2278, '1803113', '30', '4', 'Wednesday', 1, 'DIP '),
(2279, '1803114', '30', '4', 'Wednesday', 1, 'DIP '),
(2280, '1803115', '30', '4', 'Wednesday', 1, 'DIP '),
(2281, '1803116', '30', '4', 'Wednesday', 1, 'DIP '),
(2282, '1803117', '30', '4', 'Wednesday', 0, 'DIP '),
(2283, '1803118', '30', '4', 'Wednesday', 1, 'DIP '),
(2284, '1803119', '30', '4', 'Wednesday', 1, 'DIP '),
(2285, '1803120', '30', '4', 'Wednesday', 1, 'DIP '),
(2286, '1803061', '5', '11', 'Monday', 1, 'DIP '),
(2287, '1803062', '5', '11', 'Monday', 1, 'DIP '),
(2288, '1803063', '5', '11', 'Monday', 1, 'DIP '),
(2289, '1803064', '5', '11', 'Monday', 1, 'DIP '),
(2290, '1803065', '5', '11', 'Monday', 1, 'DIP '),
(2291, '1803066', '5', '11', 'Monday', 1, 'DIP '),
(2292, '1803067', '5', '11', 'Monday', 0, 'DIP '),
(2293, '1803068', '5', '11', 'Monday', 1, 'DIP '),
(2294, '1803069', '5', '11', 'Monday', 1, 'DIP '),
(2295, '1803070', '5', '11', 'Monday', 1, 'DIP '),
(2296, '1803071', '5', '11', 'Monday', 1, 'DIP '),
(2297, '1803072', '5', '11', 'Monday', 1, 'DIP '),
(2298, '1803073', '5', '11', 'Monday', 1, 'DIP '),
(2299, '1803074', '5', '11', 'Monday', 1, 'DIP '),
(2300, '1803075', '5', '11', 'Monday', 1, 'DIP '),
(2301, '1803076', '5', '11', 'Monday', 1, 'DIP '),
(2302, '1803077', '5', '11', 'Monday', 1, 'DIP '),
(2303, '1803078', '5', '11', 'Monday', 1, 'DIP '),
(2304, '1803079', '5', '11', 'Monday', 1, 'DIP '),
(2305, '1803080', '5', '11', 'Monday', 1, 'DIP '),
(2306, '1803081', '5', '11', 'Monday', 1, 'DIP '),
(2307, '1803082', '5', '11', 'Monday', 1, 'DIP '),
(2308, '1803083', '5', '11', 'Monday', 1, 'DIP '),
(2309, '1803084', '5', '11', 'Monday', 1, 'DIP '),
(2310, '1803085', '5', '11', 'Monday', 1, 'DIP '),
(2311, '1803086', '5', '11', 'Monday', 1, 'DIP '),
(2312, '1803087', '5', '11', 'Monday', 1, 'DIP '),
(2313, '1803088', '5', '11', 'Monday', 1, 'DIP '),
(2314, '1803089', '5', '11', 'Monday', 1, 'DIP '),
(2315, '1803090', '5', '11', 'Monday', 1, 'DIP '),
(2316, '1803091', '5', '11', 'Monday', 1, 'DIP '),
(2317, '1803092', '5', '11', 'Monday', 1, 'DIP '),
(2318, '1803093', '5', '11', 'Monday', 1, 'DIP '),
(2319, '1803094', '5', '11', 'Monday', 1, 'DIP '),
(2320, '1803095', '5', '11', 'Monday', 1, 'DIP '),
(2321, '1803096', '5', '11', 'Monday', 1, 'DIP '),
(2322, '1803097', '5', '11', 'Monday', 1, 'DIP '),
(2323, '1803098', '5', '11', 'Monday', 1, 'DIP '),
(2324, '1803099', '5', '11', 'Monday', 1, 'DIP '),
(2325, '1803100', '5', '11', 'Monday', 1, 'DIP '),
(2326, '1803101', '5', '11', 'Monday', 1, 'DIP '),
(2327, '1803102', '5', '11', 'Monday', 1, 'DIP '),
(2328, '1803103', '5', '11', 'Monday', 1, 'DIP '),
(2329, '1803104', '5', '11', 'Monday', 1, 'DIP '),
(2330, '1803105', '5', '11', 'Monday', 1, 'DIP '),
(2331, '1803106', '5', '11', 'Monday', 1, 'DIP '),
(2332, '1803107', '5', '11', 'Monday', 1, 'DIP '),
(2333, '1803108', '5', '11', 'Monday', 1, 'DIP '),
(2334, '1803109', '5', '11', 'Monday', 1, 'DIP '),
(2335, '1803110', '5', '11', 'Monday', 1, 'DIP '),
(2336, '1803111', '5', '11', 'Monday', 1, 'DIP '),
(2337, '1803112', '5', '11', 'Monday', 1, 'DIP '),
(2338, '1803113', '5', '11', 'Monday', 1, 'DIP '),
(2339, '1803114', '5', '11', 'Monday', 1, 'DIP '),
(2340, '1803115', '5', '11', 'Monday', 1, 'DIP '),
(2341, '1803116', '5', '11', 'Monday', 1, 'DIP '),
(2342, '1803117', '5', '11', 'Monday', 1, 'DIP '),
(2343, '1803118', '5', '11', 'Monday', 1, 'DIP '),
(2344, '1803119', '5', '11', 'Monday', 1, 'DIP '),
(2345, '1803120', '5', '11', 'Monday', 1, 'DIP '),
(2346, '1803061', '11', '8', 'Saturday', 1, 'DIP '),
(2347, '1803062', '11', '8', 'Saturday', 0, 'DIP '),
(2348, '1803063', '11', '8', 'Saturday', 1, 'DIP '),
(2349, '1803064', '11', '8', 'Saturday', 1, 'DIP '),
(2350, '1803065', '11', '8', 'Saturday', 1, 'DIP '),
(2351, '1803066', '11', '8', 'Saturday', 1, 'DIP '),
(2352, '1803067', '11', '8', 'Saturday', 1, 'DIP '),
(2353, '1803068', '11', '8', 'Saturday', 1, 'DIP '),
(2354, '1803069', '11', '8', 'Saturday', 1, 'DIP '),
(2355, '1803070', '11', '8', 'Saturday', 0, 'DIP '),
(2356, '1803071', '11', '8', 'Saturday', 1, 'DIP '),
(2357, '1803072', '11', '8', 'Saturday', 1, 'DIP '),
(2358, '1803073', '11', '8', 'Saturday', 1, 'DIP '),
(2359, '1803074', '11', '8', 'Saturday', 1, 'DIP '),
(2360, '1803075', '11', '8', 'Saturday', 1, 'DIP '),
(2361, '1803076', '11', '8', 'Saturday', 1, 'DIP '),
(2362, '1803077', '11', '8', 'Saturday', 1, 'DIP '),
(2363, '1803078', '11', '8', 'Saturday', 0, 'DIP '),
(2364, '1803079', '11', '8', 'Saturday', 1, 'DIP '),
(2365, '1803080', '11', '8', 'Saturday', 1, 'DIP '),
(2366, '1803081', '11', '8', 'Saturday', 1, 'DIP '),
(2367, '1803082', '11', '8', 'Saturday', 1, 'DIP '),
(2368, '1803083', '11', '8', 'Saturday', 1, 'DIP '),
(2369, '1803084', '11', '8', 'Saturday', 1, 'DIP '),
(2370, '1803085', '11', '8', 'Saturday', 1, 'DIP '),
(2371, '1803086', '11', '8', 'Saturday', 0, 'DIP '),
(2372, '1803087', '11', '8', 'Saturday', 1, 'DIP '),
(2373, '1803088', '11', '8', 'Saturday', 1, 'DIP '),
(2374, '1803089', '11', '8', 'Saturday', 1, 'DIP '),
(2375, '1803090', '11', '8', 'Saturday', 1, 'DIP '),
(2376, '1803091', '11', '8', 'Saturday', 1, 'DIP '),
(2377, '1803092', '11', '8', 'Saturday', 1, 'DIP '),
(2378, '1803093', '11', '8', 'Saturday', 1, 'DIP '),
(2379, '1803094', '11', '8', 'Saturday', 1, 'DIP '),
(2380, '1803095', '11', '8', 'Saturday', 1, 'DIP '),
(2381, '1803096', '11', '8', 'Saturday', 1, 'DIP '),
(2382, '1803097', '11', '8', 'Saturday', 1, 'DIP '),
(2383, '1803098', '11', '8', 'Saturday', 1, 'DIP '),
(2384, '1803099', '11', '8', 'Saturday', 1, 'DIP '),
(2385, '1803100', '11', '8', 'Saturday', 1, 'DIP '),
(2386, '1803101', '11', '8', 'Saturday', 1, 'DIP '),
(2387, '1803102', '11', '8', 'Saturday', 1, 'DIP '),
(2388, '1803103', '11', '8', 'Saturday', 1, 'DIP '),
(2389, '1803104', '11', '8', 'Saturday', 0, 'DIP '),
(2390, '1803105', '11', '8', 'Saturday', 1, 'DIP '),
(2391, '1803106', '11', '8', 'Saturday', 1, 'DIP '),
(2392, '1803107', '11', '8', 'Saturday', 1, 'DIP '),
(2393, '1803108', '11', '8', 'Saturday', 1, 'DIP '),
(2394, '1803109', '11', '8', 'Saturday', 1, 'DIP '),
(2395, '1803110', '11', '8', 'Saturday', 1, 'DIP '),
(2396, '1803111', '11', '8', 'Saturday', 1, 'DIP '),
(2397, '1803112', '11', '8', 'Saturday', 1, 'DIP '),
(2398, '1803113', '11', '8', 'Saturday', 1, 'DIP '),
(2399, '1803114', '11', '8', 'Saturday', 1, 'DIP '),
(2400, '1803115', '11', '8', 'Saturday', 1, 'DIP '),
(2401, '1803116', '11', '8', 'Saturday', 0, 'DIP '),
(2402, '1803117', '11', '8', 'Saturday', 1, 'DIP '),
(2403, '1803118', '11', '8', 'Saturday', 1, 'DIP '),
(2404, '1803119', '11', '8', 'Saturday', 1, 'DIP '),
(2405, '1803120', '11', '8', 'Saturday', 1, 'DIP '),
(2406, '1803061', '4', '7', 'Monday', 1, 'DIP '),
(2407, '1803062', '4', '7', 'Monday', 0, 'DIP '),
(2408, '1803063', '4', '7', 'Monday', 1, 'DIP '),
(2409, '1803064', '4', '7', 'Monday', 1, 'DIP '),
(2410, '1803065', '4', '7', 'Monday', 1, 'DIP '),
(2411, '1803066', '4', '7', 'Monday', 0, 'DIP '),
(2412, '1803067', '4', '7', 'Monday', 1, 'DIP '),
(2413, '1803068', '4', '7', 'Monday', 1, 'DIP '),
(2414, '1803069', '4', '7', 'Monday', 1, 'DIP '),
(2415, '1803070', '4', '7', 'Monday', 1, 'DIP '),
(2416, '1803071', '4', '7', 'Monday', 1, 'DIP '),
(2417, '1803072', '4', '7', 'Monday', 1, 'DIP '),
(2418, '1803073', '4', '7', 'Monday', 1, 'DIP '),
(2419, '1803074', '4', '7', 'Monday', 0, 'DIP '),
(2420, '1803075', '4', '7', 'Monday', 1, 'DIP '),
(2421, '1803076', '4', '7', 'Monday', 1, 'DIP '),
(2422, '1803077', '4', '7', 'Monday', 1, 'DIP '),
(2423, '1803078', '4', '7', 'Monday', 1, 'DIP '),
(2424, '1803079', '4', '7', 'Monday', 1, 'DIP '),
(2425, '1803080', '4', '7', 'Monday', 1, 'DIP '),
(2426, '1803081', '4', '7', 'Monday', 1, 'DIP '),
(2427, '1803082', '4', '7', 'Monday', 1, 'DIP '),
(2428, '1803083', '4', '7', 'Monday', 1, 'DIP '),
(2429, '1803084', '4', '7', 'Monday', 1, 'DIP '),
(2430, '1803085', '4', '7', 'Monday', 0, 'DIP '),
(2431, '1803086', '4', '7', 'Monday', 1, 'DIP '),
(2432, '1803087', '4', '7', 'Monday', 1, 'DIP '),
(2433, '1803088', '4', '7', 'Monday', 1, 'DIP '),
(2434, '1803089', '4', '7', 'Monday', 1, 'DIP '),
(2435, '1803090', '4', '7', 'Monday', 1, 'DIP '),
(2436, '1803091', '4', '7', 'Monday', 1, 'DIP '),
(2437, '1803092', '4', '7', 'Monday', 1, 'DIP '),
(2438, '1803093', '4', '7', 'Monday', 1, 'DIP '),
(2439, '1803094', '4', '7', 'Monday', 1, 'DIP '),
(2440, '1803095', '4', '7', 'Monday', 1, 'DIP '),
(2441, '1803096', '4', '7', 'Monday', 1, 'DIP '),
(2442, '1803097', '4', '7', 'Monday', 1, 'DIP '),
(2443, '1803098', '4', '7', 'Monday', 1, 'DIP '),
(2444, '1803099', '4', '7', 'Monday', 1, 'DIP '),
(2445, '1803100', '4', '7', 'Monday', 1, 'DIP '),
(2446, '1803101', '4', '7', 'Monday', 1, 'DIP '),
(2447, '1803102', '4', '7', 'Monday', 1, 'DIP '),
(2448, '1803103', '4', '7', 'Monday', 1, 'DIP '),
(2449, '1803104', '4', '7', 'Monday', 1, 'DIP '),
(2450, '1803105', '4', '7', 'Monday', 1, 'DIP '),
(2451, '1803106', '4', '7', 'Monday', 1, 'DIP '),
(2452, '1803107', '4', '7', 'Monday', 1, 'DIP '),
(2453, '1803108', '4', '7', 'Monday', 1, 'DIP '),
(2454, '1803109', '4', '7', 'Monday', 1, 'DIP '),
(2455, '1803110', '4', '7', 'Monday', 1, 'DIP '),
(2456, '1803111', '4', '7', 'Monday', 1, 'DIP '),
(2457, '1803112', '4', '7', 'Monday', 1, 'DIP '),
(2458, '1803113', '4', '7', 'Monday', 1, 'DIP '),
(2459, '1803114', '4', '7', 'Monday', 1, 'DIP '),
(2460, '1803115', '4', '7', 'Monday', 1, 'DIP '),
(2461, '1803116', '4', '7', 'Monday', 1, 'DIP '),
(2462, '1803117', '4', '7', 'Monday', 1, 'DIP '),
(2463, '1803118', '4', '7', 'Monday', 1, 'DIP '),
(2464, '1803119', '4', '7', 'Monday', 1, 'DIP '),
(2465, '1803120', '4', '7', 'Monday', 1, 'DIP '),
(2466, '1803061', '4', '11', 'Wednesday', 1, 'DIP '),
(2467, '1803062', '4', '11', 'Wednesday', 1, 'DIP '),
(2468, '1803063', '4', '11', 'Wednesday', 0, 'DIP '),
(2469, '1803064', '4', '11', 'Wednesday', 1, 'DIP '),
(2470, '1803065', '4', '11', 'Wednesday', 1, 'DIP '),
(2471, '1803066', '4', '11', 'Wednesday', 1, 'DIP '),
(2472, '1803067', '4', '11', 'Wednesday', 0, 'DIP '),
(2473, '1803068', '4', '11', 'Wednesday', 1, 'DIP '),
(2474, '1803069', '4', '11', 'Wednesday', 1, 'DIP '),
(2475, '1803070', '4', '11', 'Wednesday', 1, 'DIP '),
(2476, '1803071', '4', '11', 'Wednesday', 1, 'DIP '),
(2477, '1803072', '4', '11', 'Wednesday', 1, 'DIP '),
(2478, '1803073', '4', '11', 'Wednesday', 1, 'DIP '),
(2479, '1803074', '4', '11', 'Wednesday', 1, 'DIP '),
(2480, '1803075', '4', '11', 'Wednesday', 1, 'DIP '),
(2481, '1803076', '4', '11', 'Wednesday', 1, 'DIP '),
(2482, '1803077', '4', '11', 'Wednesday', 0, 'DIP '),
(2483, '1803078', '4', '11', 'Wednesday', 1, 'DIP '),
(2484, '1803079', '4', '11', 'Wednesday', 1, 'DIP '),
(2485, '1803080', '4', '11', 'Wednesday', 1, 'DIP '),
(2486, '1803081', '4', '11', 'Wednesday', 1, 'DIP '),
(2487, '1803082', '4', '11', 'Wednesday', 1, 'DIP '),
(2488, '1803083', '4', '11', 'Wednesday', 1, 'DIP '),
(2489, '1803084', '4', '11', 'Wednesday', 1, 'DIP '),
(2490, '1803085', '4', '11', 'Wednesday', 1, 'DIP '),
(2491, '1803086', '4', '11', 'Wednesday', 1, 'DIP '),
(2492, '1803087', '4', '11', 'Wednesday', 1, 'DIP '),
(2493, '1803088', '4', '11', 'Wednesday', 1, 'DIP '),
(2494, '1803089', '4', '11', 'Wednesday', 1, 'DIP '),
(2495, '1803090', '4', '11', 'Wednesday', 1, 'DIP '),
(2496, '1803091', '4', '11', 'Wednesday', 1, 'DIP '),
(2497, '1803092', '4', '11', 'Wednesday', 1, 'DIP '),
(2498, '1803093', '4', '11', 'Wednesday', 0, 'DIP '),
(2499, '1803094', '4', '11', 'Wednesday', 1, 'DIP '),
(2500, '1803095', '4', '11', 'Wednesday', 1, 'DIP '),
(2501, '1803096', '4', '11', 'Wednesday', 1, 'DIP '),
(2502, '1803097', '4', '11', 'Wednesday', 1, 'DIP '),
(2503, '1803098', '4', '11', 'Wednesday', 1, 'DIP '),
(2504, '1803099', '4', '11', 'Wednesday', 1, 'DIP '),
(2505, '1803100', '4', '11', 'Wednesday', 1, 'DIP '),
(2506, '1803101', '4', '11', 'Wednesday', 1, 'DIP '),
(2507, '1803102', '4', '11', 'Wednesday', 1, 'DIP '),
(2508, '1803103', '4', '11', 'Wednesday', 1, 'DIP '),
(2509, '1803104', '4', '11', 'Wednesday', 0, 'DIP '),
(2510, '1803105', '4', '11', 'Wednesday', 1, 'DIP '),
(2511, '1803106', '4', '11', 'Wednesday', 1, 'DIP '),
(2512, '1803107', '4', '11', 'Wednesday', 1, 'DIP '),
(2513, '1803108', '4', '11', 'Wednesday', 1, 'DIP '),
(2514, '1803109', '4', '11', 'Wednesday', 1, 'DIP '),
(2515, '1803110', '4', '11', 'Wednesday', 1, 'DIP '),
(2516, '1803111', '4', '11', 'Wednesday', 1, 'DIP '),
(2517, '1803112', '4', '11', 'Wednesday', 1, 'DIP '),
(2518, '1803113', '4', '11', 'Wednesday', 1, 'DIP '),
(2519, '1803114', '4', '11', 'Wednesday', 1, 'DIP '),
(2520, '1803115', '4', '11', 'Wednesday', 1, 'DIP '),
(2521, '1803116', '4', '11', 'Wednesday', 1, 'DIP '),
(2522, '1803117', '4', '11', 'Wednesday', 1, 'DIP '),
(2523, '1803118', '4', '11', 'Wednesday', 1, 'DIP '),
(2524, '1803119', '4', '11', 'Wednesday', 1, 'DIP '),
(2525, '1803120', '4', '11', 'Wednesday', 1, 'DIP '),
(2526, '1803061', '4', '2', 'Monday', 1, 'DIP '),
(2527, '1803062', '4', '2', 'Monday', 1, 'DIP '),
(2528, '1803063', '4', '2', 'Monday', 1, 'DIP '),
(2529, '1803064', '4', '2', 'Monday', 0, 'DIP '),
(2530, '1803065', '4', '2', 'Monday', 1, 'DIP '),
(2531, '1803066', '4', '2', 'Monday', 1, 'DIP '),
(2532, '1803067', '4', '2', 'Monday', 1, 'DIP '),
(2533, '1803068', '4', '2', 'Monday', 0, 'DIP '),
(2534, '1803069', '4', '2', 'Monday', 1, 'DIP '),
(2535, '1803070', '4', '2', 'Monday', 1, 'DIP '),
(2536, '1803071', '4', '2', 'Monday', 1, 'DIP '),
(2537, '1803072', '4', '2', 'Monday', 1, 'DIP '),
(2538, '1803073', '4', '2', 'Monday', 1, 'DIP '),
(2539, '1803074', '4', '2', 'Monday', 0, 'DIP '),
(2540, '1803075', '4', '2', 'Monday', 1, 'DIP '),
(2541, '1803076', '4', '2', 'Monday', 1, 'DIP '),
(2542, '1803077', '4', '2', 'Monday', 1, 'DIP '),
(2543, '1803078', '4', '2', 'Monday', 1, 'DIP '),
(2544, '1803079', '4', '2', 'Monday', 1, 'DIP '),
(2545, '1803080', '4', '2', 'Monday', 1, 'DIP '),
(2546, '1803081', '4', '2', 'Monday', 1, 'DIP '),
(2547, '1803082', '4', '2', 'Monday', 1, 'DIP '),
(2548, '1803083', '4', '2', 'Monday', 0, 'DIP '),
(2549, '1803084', '4', '2', 'Monday', 1, 'DIP '),
(2550, '1803085', '4', '2', 'Monday', 1, 'DIP '),
(2551, '1803086', '4', '2', 'Monday', 1, 'DIP '),
(2552, '1803087', '4', '2', 'Monday', 1, 'DIP '),
(2553, '1803088', '4', '2', 'Monday', 1, 'DIP '),
(2554, '1803089', '4', '2', 'Monday', 1, 'DIP '),
(2555, '1803090', '4', '2', 'Monday', 1, 'DIP '),
(2556, '1803091', '4', '2', 'Monday', 0, 'DIP '),
(2557, '1803092', '4', '2', 'Monday', 1, 'DIP '),
(2558, '1803093', '4', '2', 'Monday', 1, 'DIP '),
(2559, '1803094', '4', '2', 'Monday', 1, 'DIP '),
(2560, '1803095', '4', '2', 'Monday', 1, 'DIP '),
(2561, '1803096', '4', '2', 'Monday', 1, 'DIP '),
(2562, '1803097', '4', '2', 'Monday', 1, 'DIP '),
(2563, '1803098', '4', '2', 'Monday', 1, 'DIP '),
(2564, '1803099', '4', '2', 'Monday', 1, 'DIP '),
(2565, '1803100', '4', '2', 'Monday', 1, 'DIP '),
(2566, '1803101', '4', '2', 'Monday', 1, 'DIP '),
(2567, '1803102', '4', '2', 'Monday', 1, 'DIP '),
(2568, '1803103', '4', '2', 'Monday', 1, 'DIP '),
(2569, '1803104', '4', '2', 'Monday', 1, 'DIP '),
(2570, '1803105', '4', '2', 'Monday', 1, 'DIP '),
(2571, '1803106', '4', '2', 'Monday', 1, 'DIP '),
(2572, '1803107', '4', '2', 'Monday', 1, 'DIP '),
(2573, '1803108', '4', '2', 'Monday', 1, 'DIP '),
(2574, '1803109', '4', '2', 'Monday', 1, 'DIP '),
(2575, '1803110', '4', '2', 'Monday', 1, 'DIP '),
(2576, '1803111', '4', '2', 'Monday', 0, 'DIP '),
(2577, '1803112', '4', '2', 'Monday', 1, 'DIP '),
(2578, '1803113', '4', '2', 'Monday', 1, 'DIP '),
(2579, '1803114', '4', '2', 'Monday', 1, 'DIP '),
(2580, '1803115', '4', '2', 'Monday', 1, 'DIP '),
(2581, '1803116', '4', '2', 'Monday', 0, 'DIP '),
(2582, '1803117', '4', '2', 'Monday', 1, 'DIP '),
(2583, '1803118', '4', '2', 'Monday', 1, 'DIP '),
(2584, '1803119', '4', '2', 'Monday', 1, 'DIP '),
(2585, '1803120', '4', '2', 'Monday', 1, 'DIP '),
(2586, '1803061', '4', '12', 'Monday', 1, 'DIP '),
(2587, '1803062', '4', '12', 'Monday', 0, 'DIP '),
(2588, '1803063', '4', '12', 'Monday', 1, 'DIP '),
(2589, '1803064', '4', '12', 'Monday', 1, 'DIP '),
(2590, '1803065', '4', '12', 'Monday', 1, 'DIP '),
(2591, '1803066', '4', '12', 'Monday', 0, 'DIP '),
(2592, '1803067', '4', '12', 'Monday', 0, 'DIP '),
(2593, '1803068', '4', '12', 'Monday', 0, 'DIP '),
(2594, '1803069', '4', '12', 'Monday', 1, 'DIP '),
(2595, '1803070', '4', '12', 'Monday', 1, 'DIP '),
(2596, '1803071', '4', '12', 'Monday', 1, 'DIP '),
(2597, '1803072', '4', '12', 'Monday', 1, 'DIP '),
(2598, '1803073', '4', '12', 'Monday', 1, 'DIP '),
(2599, '1803074', '4', '12', 'Monday', 1, 'DIP '),
(2600, '1803075', '4', '12', 'Monday', 1, 'DIP '),
(2601, '1803076', '4', '12', 'Monday', 1, 'DIP '),
(2602, '1803077', '4', '12', 'Monday', 1, 'DIP '),
(2603, '1803078', '4', '12', 'Monday', 0, 'DIP '),
(2604, '1803079', '4', '12', 'Monday', 1, 'DIP '),
(2605, '1803080', '4', '12', 'Monday', 1, 'DIP '),
(2606, '1803081', '4', '12', 'Monday', 1, 'DIP '),
(2607, '1803082', '4', '12', 'Monday', 1, 'DIP '),
(2608, '1803083', '4', '12', 'Monday', 1, 'DIP '),
(2609, '1803084', '4', '12', 'Monday', 1, 'DIP '),
(2610, '1803085', '4', '12', 'Monday', 1, 'DIP '),
(2611, '1803086', '4', '12', 'Monday', 0, 'DIP '),
(2612, '1803087', '4', '12', 'Monday', 1, 'DIP '),
(2613, '1803088', '4', '12', 'Monday', 1, 'DIP '),
(2614, '1803089', '4', '12', 'Monday', 1, 'DIP '),
(2615, '1803090', '4', '12', 'Monday', 1, 'DIP '),
(2616, '1803091', '4', '12', 'Monday', 1, 'DIP '),
(2617, '1803092', '4', '12', 'Monday', 1, 'DIP '),
(2618, '1803093', '4', '12', 'Monday', 1, 'DIP '),
(2619, '1803094', '4', '12', 'Monday', 1, 'DIP '),
(2620, '1803095', '4', '12', 'Monday', 0, 'DIP '),
(2621, '1803096', '4', '12', 'Monday', 1, 'DIP '),
(2622, '1803097', '4', '12', 'Monday', 1, 'DIP '),
(2623, '1803098', '4', '12', 'Monday', 1, 'DIP '),
(2624, '1803099', '4', '12', 'Monday', 1, 'DIP '),
(2625, '1803100', '4', '12', 'Monday', 1, 'DIP '),
(2626, '1803101', '4', '12', 'Monday', 1, 'DIP '),
(2627, '1803102', '4', '12', 'Monday', 1, 'DIP '),
(2628, '1803103', '4', '12', 'Monday', 1, 'DIP '),
(2629, '1803104', '4', '12', 'Monday', 0, 'DIP '),
(2630, '1803105', '4', '12', 'Monday', 1, 'DIP '),
(2631, '1803106', '4', '12', 'Monday', 1, 'DIP ');
INSERT INTO `attendance` (`id`, `roll`, `cid`, `cycle`, `day`, `attendance`, `teacher`) VALUES
(2632, '1803107', '4', '12', 'Monday', 1, 'DIP '),
(2633, '1803108', '4', '12', 'Monday', 1, 'DIP '),
(2634, '1803109', '4', '12', 'Monday', 1, 'DIP '),
(2635, '1803110', '4', '12', 'Monday', 1, 'DIP '),
(2636, '1803111', '4', '12', 'Monday', 1, 'DIP '),
(2637, '1803112', '4', '12', 'Monday', 1, 'DIP '),
(2638, '1803113', '4', '12', 'Monday', 0, 'DIP '),
(2639, '1803114', '4', '12', 'Monday', 1, 'DIP '),
(2640, '1803115', '4', '12', 'Monday', 1, 'DIP '),
(2641, '1803116', '4', '12', 'Monday', 0, 'DIP '),
(2642, '1803117', '4', '12', 'Monday', 1, 'DIP '),
(2643, '1803118', '4', '12', 'Monday', 1, 'DIP '),
(2644, '1803119', '4', '12', 'Monday', 1, 'DIP '),
(2645, '1803120', '4', '12', 'Monday', 1, 'DIP '),
(2646, '1803061', '4', '6', 'Monday', 1, 'DIP '),
(2647, '1803062', '4', '6', 'Monday', 1, 'DIP '),
(2648, '1803063', '4', '6', 'Monday', 1, 'DIP '),
(2649, '1803064', '4', '6', 'Monday', 1, 'DIP '),
(2650, '1803065', '4', '6', 'Monday', 0, 'DIP '),
(2651, '1803066', '4', '6', 'Monday', 1, 'DIP '),
(2652, '1803067', '4', '6', 'Monday', 1, 'DIP '),
(2653, '1803068', '4', '6', 'Monday', 1, 'DIP '),
(2654, '1803069', '4', '6', 'Monday', 1, 'DIP '),
(2655, '1803070', '4', '6', 'Monday', 1, 'DIP '),
(2656, '1803071', '4', '6', 'Monday', 1, 'DIP '),
(2657, '1803072', '4', '6', 'Monday', 1, 'DIP '),
(2658, '1803073', '4', '6', 'Monday', 1, 'DIP '),
(2659, '1803074', '4', '6', 'Monday', 1, 'DIP '),
(2660, '1803075', '4', '6', 'Monday', 0, 'DIP '),
(2661, '1803076', '4', '6', 'Monday', 1, 'DIP '),
(2662, '1803077', '4', '6', 'Monday', 1, 'DIP '),
(2663, '1803078', '4', '6', 'Monday', 1, 'DIP '),
(2664, '1803079', '4', '6', 'Monday', 1, 'DIP '),
(2665, '1803080', '4', '6', 'Monday', 1, 'DIP '),
(2666, '1803081', '4', '6', 'Monday', 1, 'DIP '),
(2667, '1803082', '4', '6', 'Monday', 1, 'DIP '),
(2668, '1803083', '4', '6', 'Monday', 1, 'DIP '),
(2669, '1803084', '4', '6', 'Monday', 1, 'DIP '),
(2670, '1803085', '4', '6', 'Monday', 1, 'DIP '),
(2671, '1803086', '4', '6', 'Monday', 0, 'DIP '),
(2672, '1803087', '4', '6', 'Monday', 1, 'DIP '),
(2673, '1803088', '4', '6', 'Monday', 1, 'DIP '),
(2674, '1803089', '4', '6', 'Monday', 1, 'DIP '),
(2675, '1803090', '4', '6', 'Monday', 1, 'DIP '),
(2676, '1803091', '4', '6', 'Monday', 1, 'DIP '),
(2677, '1803092', '4', '6', 'Monday', 1, 'DIP '),
(2678, '1803093', '4', '6', 'Monday', 1, 'DIP '),
(2679, '1803094', '4', '6', 'Monday', 1, 'DIP '),
(2680, '1803095', '4', '6', 'Monday', 1, 'DIP '),
(2681, '1803096', '4', '6', 'Monday', 1, 'DIP '),
(2682, '1803097', '4', '6', 'Monday', 1, 'DIP '),
(2683, '1803098', '4', '6', 'Monday', 0, 'DIP '),
(2684, '1803099', '4', '6', 'Monday', 1, 'DIP '),
(2685, '1803100', '4', '6', 'Monday', 1, 'DIP '),
(2686, '1803101', '4', '6', 'Monday', 1, 'DIP '),
(2687, '1803102', '4', '6', 'Monday', 1, 'DIP '),
(2688, '1803103', '4', '6', 'Monday', 1, 'DIP '),
(2689, '1803104', '4', '6', 'Monday', 1, 'DIP '),
(2690, '1803105', '4', '6', 'Monday', 1, 'DIP '),
(2691, '1803106', '4', '6', 'Monday', 1, 'DIP '),
(2692, '1803107', '4', '6', 'Monday', 0, 'DIP '),
(2693, '1803108', '4', '6', 'Monday', 1, 'DIP '),
(2694, '1803109', '4', '6', 'Monday', 1, 'DIP '),
(2695, '1803110', '4', '6', 'Monday', 1, 'DIP '),
(2696, '1803111', '4', '6', 'Monday', 1, 'DIP '),
(2697, '1803112', '4', '6', 'Monday', 1, 'DIP '),
(2698, '1803113', '4', '6', 'Monday', 1, 'DIP '),
(2699, '1803114', '4', '6', 'Monday', 1, 'DIP '),
(2700, '1803115', '4', '6', 'Monday', 1, 'DIP '),
(2701, '1803116', '4', '6', 'Monday', 0, 'DIP '),
(2702, '1803117', '4', '6', 'Monday', 1, 'DIP '),
(2703, '1803118', '4', '6', 'Monday', 1, 'DIP '),
(2704, '1803119', '4', '6', 'Monday', 1, 'DIP '),
(2705, '1803120', '4', '6', 'Monday', 1, 'DIP '),
(2706, '1803061', '4', '4', 'Tuesday', 1, 'DIP '),
(2707, '1803062', '4', '4', 'Tuesday', 1, 'DIP '),
(2708, '1803063', '4', '4', 'Tuesday', 1, 'DIP '),
(2709, '1803064', '4', '4', 'Tuesday', 1, 'DIP '),
(2710, '1803065', '4', '4', 'Tuesday', 1, 'DIP '),
(2711, '1803066', '4', '4', 'Tuesday', 1, 'DIP '),
(2712, '1803067', '4', '4', 'Tuesday', 1, 'DIP '),
(2713, '1803068', '4', '4', 'Tuesday', 1, 'DIP '),
(2714, '1803069', '4', '4', 'Tuesday', 0, 'DIP '),
(2715, '1803070', '4', '4', 'Tuesday', 1, 'DIP '),
(2716, '1803071', '4', '4', 'Tuesday', 1, 'DIP '),
(2717, '1803072', '4', '4', 'Tuesday', 1, 'DIP '),
(2718, '1803073', '4', '4', 'Tuesday', 1, 'DIP '),
(2719, '1803074', '4', '4', 'Tuesday', 1, 'DIP '),
(2720, '1803075', '4', '4', 'Tuesday', 0, 'DIP '),
(2721, '1803076', '4', '4', 'Tuesday', 1, 'DIP '),
(2722, '1803077', '4', '4', 'Tuesday', 1, 'DIP '),
(2723, '1803078', '4', '4', 'Tuesday', 1, 'DIP '),
(2724, '1803079', '4', '4', 'Tuesday', 1, 'DIP '),
(2725, '1803080', '4', '4', 'Tuesday', 1, 'DIP '),
(2726, '1803081', '4', '4', 'Tuesday', 1, 'DIP '),
(2727, '1803082', '4', '4', 'Tuesday', 1, 'DIP '),
(2728, '1803083', '4', '4', 'Tuesday', 1, 'DIP '),
(2729, '1803084', '4', '4', 'Tuesday', 0, 'DIP '),
(2730, '1803085', '4', '4', 'Tuesday', 1, 'DIP '),
(2731, '1803086', '4', '4', 'Tuesday', 1, 'DIP '),
(2732, '1803087', '4', '4', 'Tuesday', 1, 'DIP '),
(2733, '1803088', '4', '4', 'Tuesday', 1, 'DIP '),
(2734, '1803089', '4', '4', 'Tuesday', 1, 'DIP '),
(2735, '1803090', '4', '4', 'Tuesday', 1, 'DIP '),
(2736, '1803091', '4', '4', 'Tuesday', 1, 'DIP '),
(2737, '1803092', '4', '4', 'Tuesday', 1, 'DIP '),
(2738, '1803093', '4', '4', 'Tuesday', 1, 'DIP '),
(2739, '1803094', '4', '4', 'Tuesday', 1, 'DIP '),
(2740, '1803095', '4', '4', 'Tuesday', 1, 'DIP '),
(2741, '1803096', '4', '4', 'Tuesday', 1, 'DIP '),
(2742, '1803097', '4', '4', 'Tuesday', 1, 'DIP '),
(2743, '1803098', '4', '4', 'Tuesday', 1, 'DIP '),
(2744, '1803099', '4', '4', 'Tuesday', 1, 'DIP '),
(2745, '1803100', '4', '4', 'Tuesday', 1, 'DIP '),
(2746, '1803101', '4', '4', 'Tuesday', 1, 'DIP '),
(2747, '1803102', '4', '4', 'Tuesday', 1, 'DIP '),
(2748, '1803103', '4', '4', 'Tuesday', 0, 'DIP '),
(2749, '1803104', '4', '4', 'Tuesday', 1, 'DIP '),
(2750, '1803105', '4', '4', 'Tuesday', 1, 'DIP '),
(2751, '1803106', '4', '4', 'Tuesday', 1, 'DIP '),
(2752, '1803107', '4', '4', 'Tuesday', 1, 'DIP '),
(2753, '1803108', '4', '4', 'Tuesday', 1, 'DIP '),
(2754, '1803109', '4', '4', 'Tuesday', 1, 'DIP '),
(2755, '1803110', '4', '4', 'Tuesday', 1, 'DIP '),
(2756, '1803111', '4', '4', 'Tuesday', 1, 'DIP '),
(2757, '1803112', '4', '4', 'Tuesday', 1, 'DIP '),
(2758, '1803113', '4', '4', 'Tuesday', 0, 'DIP '),
(2759, '1803114', '4', '4', 'Tuesday', 1, 'DIP '),
(2760, '1803115', '4', '4', 'Tuesday', 1, 'DIP '),
(2761, '1803116', '4', '4', 'Tuesday', 1, 'DIP '),
(2762, '1803117', '4', '4', 'Tuesday', 0, 'DIP '),
(2763, '1803118', '4', '4', 'Tuesday', 1, 'DIP '),
(2764, '1803119', '4', '4', 'Tuesday', 1, 'DIP '),
(2765, '1803120', '4', '4', 'Tuesday', 1, 'DIP '),
(2766, '1803061', '4', '1', 'Monday', 0, 'DIP '),
(2767, '1803062', '4', '1', 'Monday', 1, 'DIP '),
(2768, '1803063', '4', '1', 'Monday', 1, 'DIP '),
(2769, '1803064', '4', '1', 'Monday', 1, 'DIP '),
(2770, '1803065', '4', '1', 'Monday', 1, 'DIP '),
(2771, '1803066', '4', '1', 'Monday', 1, 'DIP '),
(2772, '1803067', '4', '1', 'Monday', 0, 'DIP '),
(2773, '1803068', '4', '1', 'Monday', 1, 'DIP '),
(2774, '1803069', '4', '1', 'Monday', 0, 'DIP '),
(2775, '1803070', '4', '1', 'Monday', 1, 'DIP '),
(2776, '1803071', '4', '1', 'Monday', 1, 'DIP '),
(2777, '1803072', '4', '1', 'Monday', 1, 'DIP '),
(2778, '1803073', '4', '1', 'Monday', 1, 'DIP '),
(2779, '1803074', '4', '1', 'Monday', 1, 'DIP '),
(2780, '1803075', '4', '1', 'Monday', 0, 'DIP '),
(2781, '1803076', '4', '1', 'Monday', 1, 'DIP '),
(2782, '1803077', '4', '1', 'Monday', 0, 'DIP '),
(2783, '1803078', '4', '1', 'Monday', 1, 'DIP '),
(2784, '1803079', '4', '1', 'Monday', 1, 'DIP '),
(2785, '1803080', '4', '1', 'Monday', 1, 'DIP '),
(2786, '1803081', '4', '1', 'Monday', 1, 'DIP '),
(2787, '1803082', '4', '1', 'Monday', 1, 'DIP '),
(2788, '1803083', '4', '1', 'Monday', 0, 'DIP '),
(2789, '1803084', '4', '1', 'Monday', 1, 'DIP '),
(2790, '1803085', '4', '1', 'Monday', 1, 'DIP '),
(2791, '1803086', '4', '1', 'Monday', 1, 'DIP '),
(2792, '1803087', '4', '1', 'Monday', 1, 'DIP '),
(2793, '1803088', '4', '1', 'Monday', 1, 'DIP '),
(2794, '1803089', '4', '1', 'Monday', 1, 'DIP '),
(2795, '1803090', '4', '1', 'Monday', 0, 'DIP '),
(2796, '1803091', '4', '1', 'Monday', 1, 'DIP '),
(2797, '1803092', '4', '1', 'Monday', 1, 'DIP '),
(2798, '1803093', '4', '1', 'Monday', 1, 'DIP '),
(2799, '1803094', '4', '1', 'Monday', 1, 'DIP '),
(2800, '1803095', '4', '1', 'Monday', 1, 'DIP '),
(2801, '1803096', '4', '1', 'Monday', 1, 'DIP '),
(2802, '1803097', '4', '1', 'Monday', 1, 'DIP '),
(2803, '1803098', '4', '1', 'Monday', 1, 'DIP '),
(2804, '1803099', '4', '1', 'Monday', 1, 'DIP '),
(2805, '1803100', '4', '1', 'Monday', 1, 'DIP '),
(2806, '1803101', '4', '1', 'Monday', 0, 'DIP '),
(2807, '1803102', '4', '1', 'Monday', 1, 'DIP '),
(2808, '1803103', '4', '1', 'Monday', 1, 'DIP '),
(2809, '1803104', '4', '1', 'Monday', 1, 'DIP '),
(2810, '1803105', '4', '1', 'Monday', 1, 'DIP '),
(2811, '1803106', '4', '1', 'Monday', 1, 'DIP '),
(2812, '1803107', '4', '1', 'Monday', 1, 'DIP '),
(2813, '1803108', '4', '1', 'Monday', 1, 'DIP '),
(2814, '1803109', '4', '1', 'Monday', 1, 'DIP '),
(2815, '1803110', '4', '1', 'Monday', 0, 'DIP '),
(2816, '1803111', '4', '1', 'Monday', 1, 'DIP '),
(2817, '1803112', '4', '1', 'Monday', 1, 'DIP '),
(2818, '1803113', '4', '1', 'Monday', 1, 'DIP '),
(2819, '1803114', '4', '1', 'Monday', 1, 'DIP '),
(2820, '1803115', '4', '1', 'Monday', 1, 'DIP '),
(2821, '1803116', '4', '1', 'Monday', 1, 'DIP '),
(2822, '1803117', '4', '1', 'Monday', 1, 'DIP '),
(2823, '1803118', '4', '1', 'Monday', 1, 'DIP '),
(2824, '1803119', '4', '1', 'Monday', 1, 'DIP '),
(2825, '1803120', '4', '1', 'Monday', 1, 'DIP '),
(2826, '1803061', '4', '8', 'Tuesday', 1, 'DIP '),
(2827, '1803062', '4', '8', 'Tuesday', 1, 'DIP '),
(2828, '1803063', '4', '8', 'Tuesday', 0, 'DIP '),
(2829, '1803064', '4', '8', 'Tuesday', 1, 'DIP '),
(2830, '1803065', '4', '8', 'Tuesday', 1, 'DIP '),
(2831, '1803066', '4', '8', 'Tuesday', 1, 'DIP '),
(2832, '1803067', '4', '8', 'Tuesday', 1, 'DIP '),
(2833, '1803068', '4', '8', 'Tuesday', 1, 'DIP '),
(2834, '1803069', '4', '8', 'Tuesday', 1, 'DIP '),
(2835, '1803070', '4', '8', 'Tuesday', 1, 'DIP '),
(2836, '1803071', '4', '8', 'Tuesday', 1, 'DIP '),
(2837, '1803072', '4', '8', 'Tuesday', 0, 'DIP '),
(2838, '1803073', '4', '8', 'Tuesday', 1, 'DIP '),
(2839, '1803074', '4', '8', 'Tuesday', 1, 'DIP '),
(2840, '1803075', '4', '8', 'Tuesday', 1, 'DIP '),
(2841, '1803076', '4', '8', 'Tuesday', 1, 'DIP '),
(2842, '1803077', '4', '8', 'Tuesday', 1, 'DIP '),
(2843, '1803078', '4', '8', 'Tuesday', 1, 'DIP '),
(2844, '1803079', '4', '8', 'Tuesday', 1, 'DIP '),
(2845, '1803080', '4', '8', 'Tuesday', 1, 'DIP '),
(2846, '1803081', '4', '8', 'Tuesday', 1, 'DIP '),
(2847, '1803082', '4', '8', 'Tuesday', 0, 'DIP '),
(2848, '1803083', '4', '8', 'Tuesday', 1, 'DIP '),
(2849, '1803084', '4', '8', 'Tuesday', 1, 'DIP '),
(2850, '1803085', '4', '8', 'Tuesday', 1, 'DIP '),
(2851, '1803086', '4', '8', 'Tuesday', 1, 'DIP '),
(2852, '1803087', '4', '8', 'Tuesday', 1, 'DIP '),
(2853, '1803088', '4', '8', 'Tuesday', 1, 'DIP '),
(2854, '1803089', '4', '8', 'Tuesday', 1, 'DIP '),
(2855, '1803090', '4', '8', 'Tuesday', 1, 'DIP '),
(2856, '1803091', '4', '8', 'Tuesday', 0, 'DIP '),
(2857, '1803092', '4', '8', 'Tuesday', 1, 'DIP '),
(2858, '1803093', '4', '8', 'Tuesday', 1, 'DIP '),
(2859, '1803094', '4', '8', 'Tuesday', 1, 'DIP '),
(2860, '1803095', '4', '8', 'Tuesday', 1, 'DIP '),
(2861, '1803096', '4', '8', 'Tuesday', 1, 'DIP '),
(2862, '1803097', '4', '8', 'Tuesday', 1, 'DIP '),
(2863, '1803098', '4', '8', 'Tuesday', 1, 'DIP '),
(2864, '1803099', '4', '8', 'Tuesday', 0, 'DIP '),
(2865, '1803100', '4', '8', 'Tuesday', 1, 'DIP '),
(2866, '1803101', '4', '8', 'Tuesday', 1, 'DIP '),
(2867, '1803102', '4', '8', 'Tuesday', 1, 'DIP '),
(2868, '1803103', '4', '8', 'Tuesday', 1, 'DIP '),
(2869, '1803104', '4', '8', 'Tuesday', 1, 'DIP '),
(2870, '1803105', '4', '8', 'Tuesday', 1, 'DIP '),
(2871, '1803106', '4', '8', 'Tuesday', 1, 'DIP '),
(2872, '1803107', '4', '8', 'Tuesday', 1, 'DIP '),
(2873, '1803108', '4', '8', 'Tuesday', 0, 'DIP '),
(2874, '1803109', '4', '8', 'Tuesday', 1, 'DIP '),
(2875, '1803110', '4', '8', 'Tuesday', 1, 'DIP '),
(2876, '1803111', '4', '8', 'Tuesday', 1, 'DIP '),
(2877, '1803112', '4', '8', 'Tuesday', 1, 'DIP '),
(2878, '1803113', '4', '8', 'Tuesday', 1, 'DIP '),
(2879, '1803114', '4', '8', 'Tuesday', 1, 'DIP '),
(2880, '1803115', '4', '8', 'Tuesday', 1, 'DIP '),
(2881, '1803116', '4', '8', 'Tuesday', 1, 'DIP '),
(2882, '1803117', '4', '8', 'Tuesday', 0, 'DIP '),
(2883, '1803118', '4', '8', 'Tuesday', 1, 'DIP '),
(2884, '1803119', '4', '8', 'Tuesday', 1, 'DIP '),
(2885, '1803120', '4', '8', 'Tuesday', 1, 'DIP '),
(2886, '1803061', '4', '11', 'Sunday', 1, 'DIP '),
(2887, '1803062', '4', '11', 'Sunday', 1, 'DIP '),
(2888, '1803063', '4', '11', 'Sunday', 1, 'DIP '),
(2889, '1803064', '4', '11', 'Sunday', 1, 'DIP '),
(2890, '1803065', '4', '11', 'Sunday', 1, 'DIP '),
(2891, '1803066', '4', '11', 'Sunday', 0, 'DIP '),
(2892, '1803067', '4', '11', 'Sunday', 1, 'DIP '),
(2893, '1803068', '4', '11', 'Sunday', 1, 'DIP '),
(2894, '1803069', '4', '11', 'Sunday', 1, 'DIP '),
(2895, '1803070', '4', '11', 'Sunday', 1, 'DIP '),
(2896, '1803071', '4', '11', 'Sunday', 1, 'DIP '),
(2897, '1803072', '4', '11', 'Sunday', 1, 'DIP '),
(2898, '1803073', '4', '11', 'Sunday', 1, 'DIP '),
(2899, '1803074', '4', '11', 'Sunday', 1, 'DIP '),
(2900, '1803075', '4', '11', 'Sunday', 0, 'DIP '),
(2901, '1803076', '4', '11', 'Sunday', 1, 'DIP '),
(2902, '1803077', '4', '11', 'Sunday', 1, 'DIP '),
(2903, '1803078', '4', '11', 'Sunday', 1, 'DIP '),
(2904, '1803079', '4', '11', 'Sunday', 1, 'DIP '),
(2905, '1803080', '4', '11', 'Sunday', 0, 'DIP '),
(2906, '1803081', '4', '11', 'Sunday', 1, 'DIP '),
(2907, '1803082', '4', '11', 'Sunday', 1, 'DIP '),
(2908, '1803083', '4', '11', 'Sunday', 1, 'DIP '),
(2909, '1803084', '4', '11', 'Sunday', 1, 'DIP '),
(2910, '1803085', '4', '11', 'Sunday', 1, 'DIP '),
(2911, '1803086', '4', '11', 'Sunday', 1, 'DIP '),
(2912, '1803087', '4', '11', 'Sunday', 1, 'DIP '),
(2913, '1803088', '4', '11', 'Sunday', 0, 'DIP '),
(2914, '1803089', '4', '11', 'Sunday', 1, 'DIP '),
(2915, '1803090', '4', '11', 'Sunday', 1, 'DIP '),
(2916, '1803091', '4', '11', 'Sunday', 1, 'DIP '),
(2917, '1803092', '4', '11', 'Sunday', 1, 'DIP '),
(2918, '1803093', '4', '11', 'Sunday', 1, 'DIP '),
(2919, '1803094', '4', '11', 'Sunday', 1, 'DIP '),
(2920, '1803095', '4', '11', 'Sunday', 1, 'DIP '),
(2921, '1803096', '4', '11', 'Sunday', 1, 'DIP '),
(2922, '1803097', '4', '11', 'Sunday', 1, 'DIP '),
(2923, '1803098', '4', '11', 'Sunday', 0, 'DIP '),
(2924, '1803099', '4', '11', 'Sunday', 1, 'DIP '),
(2925, '1803100', '4', '11', 'Sunday', 1, 'DIP '),
(2926, '1803101', '4', '11', 'Sunday', 1, 'DIP '),
(2927, '1803102', '4', '11', 'Sunday', 1, 'DIP '),
(2928, '1803103', '4', '11', 'Sunday', 1, 'DIP '),
(2929, '1803104', '4', '11', 'Sunday', 1, 'DIP '),
(2930, '1803105', '4', '11', 'Sunday', 1, 'DIP '),
(2931, '1803106', '4', '11', 'Sunday', 1, 'DIP '),
(2932, '1803107', '4', '11', 'Sunday', 1, 'DIP '),
(2933, '1803108', '4', '11', 'Sunday', 1, 'DIP '),
(2934, '1803109', '4', '11', 'Sunday', 0, 'DIP '),
(2935, '1803110', '4', '11', 'Sunday', 1, 'DIP '),
(2936, '1803111', '4', '11', 'Sunday', 1, 'DIP '),
(2937, '1803112', '4', '11', 'Sunday', 1, 'DIP '),
(2938, '1803113', '4', '11', 'Sunday', 1, 'DIP '),
(2939, '1803114', '4', '11', 'Sunday', 1, 'DIP '),
(2940, '1803115', '4', '11', 'Sunday', 1, 'DIP '),
(2941, '1803116', '4', '11', 'Sunday', 1, 'DIP '),
(2942, '1803117', '4', '11', 'Sunday', 0, 'DIP '),
(2943, '1803118', '4', '11', 'Sunday', 0, 'DIP '),
(2944, '1803119', '4', '11', 'Sunday', 1, 'DIP '),
(2945, '1803120', '4', '11', 'Sunday', 1, 'DIP '),
(2946, '1803061', '4', '5', 'Wednesday', 1, 'DIP '),
(2947, '1803062', '4', '5', 'Wednesday', 1, 'DIP '),
(2948, '1803063', '4', '5', 'Wednesday', 1, 'DIP '),
(2949, '1803064', '4', '5', 'Wednesday', 1, 'DIP '),
(2950, '1803065', '4', '5', 'Wednesday', 1, 'DIP '),
(2951, '1803066', '4', '5', 'Wednesday', 1, 'DIP '),
(2952, '1803067', '4', '5', 'Wednesday', 0, 'DIP '),
(2953, '1803068', '4', '5', 'Wednesday', 1, 'DIP '),
(2954, '1803069', '4', '5', 'Wednesday', 1, 'DIP '),
(2955, '1803070', '4', '5', 'Wednesday', 1, 'DIP '),
(2956, '1803071', '4', '5', 'Wednesday', 1, 'DIP '),
(2957, '1803072', '4', '5', 'Wednesday', 1, 'DIP '),
(2958, '1803073', '4', '5', 'Wednesday', 1, 'DIP '),
(2959, '1803074', '4', '5', 'Wednesday', 1, 'DIP '),
(2960, '1803075', '4', '5', 'Wednesday', 1, 'DIP '),
(2961, '1803076', '4', '5', 'Wednesday', 1, 'DIP '),
(2962, '1803077', '4', '5', 'Wednesday', 0, 'DIP '),
(2963, '1803078', '4', '5', 'Wednesday', 1, 'DIP '),
(2964, '1803079', '4', '5', 'Wednesday', 1, 'DIP '),
(2965, '1803080', '4', '5', 'Wednesday', 1, 'DIP '),
(2966, '1803081', '4', '5', 'Wednesday', 1, 'DIP '),
(2967, '1803082', '4', '5', 'Wednesday', 1, 'DIP '),
(2968, '1803083', '4', '5', 'Wednesday', 1, 'DIP '),
(2969, '1803084', '4', '5', 'Wednesday', 1, 'DIP '),
(2970, '1803085', '4', '5', 'Wednesday', 1, 'DIP '),
(2971, '1803086', '4', '5', 'Wednesday', 0, 'DIP '),
(2972, '1803087', '4', '5', 'Wednesday', 1, 'DIP '),
(2973, '1803088', '4', '5', 'Wednesday', 1, 'DIP '),
(2974, '1803089', '4', '5', 'Wednesday', 1, 'DIP '),
(2975, '1803090', '4', '5', 'Wednesday', 1, 'DIP '),
(2976, '1803091', '4', '5', 'Wednesday', 1, 'DIP '),
(2977, '1803092', '4', '5', 'Wednesday', 1, 'DIP '),
(2978, '1803093', '4', '5', 'Wednesday', 1, 'DIP '),
(2979, '1803094', '4', '5', 'Wednesday', 1, 'DIP '),
(2980, '1803095', '4', '5', 'Wednesday', 1, 'DIP '),
(2981, '1803096', '4', '5', 'Wednesday', 1, 'DIP '),
(2982, '1803097', '4', '5', 'Wednesday', 1, 'DIP '),
(2983, '1803098', '4', '5', 'Wednesday', 1, 'DIP '),
(2984, '1803099', '4', '5', 'Wednesday', 1, 'DIP '),
(2985, '1803100', '4', '5', 'Wednesday', 1, 'DIP '),
(2986, '1803101', '4', '5', 'Wednesday', 1, 'DIP '),
(2987, '1803102', '4', '5', 'Wednesday', 1, 'DIP '),
(2988, '1803103', '4', '5', 'Wednesday', 1, 'DIP '),
(2989, '1803104', '4', '5', 'Wednesday', 1, 'DIP '),
(2990, '1803105', '4', '5', 'Wednesday', 0, 'DIP '),
(2991, '1803106', '4', '5', 'Wednesday', 1, 'DIP '),
(2992, '1803107', '4', '5', 'Wednesday', 1, 'DIP '),
(2993, '1803108', '4', '5', 'Wednesday', 1, 'DIP '),
(2994, '1803109', '4', '5', 'Wednesday', 1, 'DIP '),
(2995, '1803110', '4', '5', 'Wednesday', 1, 'DIP '),
(2996, '1803111', '4', '5', 'Wednesday', 1, 'DIP '),
(2997, '1803112', '4', '5', 'Wednesday', 1, 'DIP '),
(2998, '1803113', '4', '5', 'Wednesday', 1, 'DIP '),
(2999, '1803114', '4', '5', 'Wednesday', 1, 'DIP '),
(3000, '1803115', '4', '5', 'Wednesday', 1, 'DIP '),
(3001, '1803116', '4', '5', 'Wednesday', 1, 'DIP '),
(3002, '1803117', '4', '5', 'Wednesday', 1, 'DIP '),
(3003, '1803118', '4', '5', 'Wednesday', 1, 'DIP '),
(3004, '1803119', '4', '5', 'Wednesday', 1, 'DIP '),
(3005, '1803120', '4', '5', 'Wednesday', 0, 'DIP '),
(3006, '1803061', '30', '10', 'Saturday', 0, 'DIP '),
(3007, '1803062', '30', '10', 'Saturday', 1, 'DIP '),
(3008, '1803063', '30', '10', 'Saturday', 1, 'DIP '),
(3009, '1803064', '30', '10', 'Saturday', 1, 'DIP '),
(3010, '1803065', '30', '10', 'Saturday', 1, 'DIP '),
(3011, '1803066', '30', '10', 'Saturday', 1, 'DIP '),
(3012, '1803067', '30', '10', 'Saturday', 1, 'DIP '),
(3013, '1803068', '30', '10', 'Saturday', 1, 'DIP '),
(3014, '1803069', '30', '10', 'Saturday', 1, 'DIP '),
(3015, '1803070', '30', '10', 'Saturday', 1, 'DIP '),
(3016, '1803071', '30', '10', 'Saturday', 1, 'DIP '),
(3017, '1803072', '30', '10', 'Saturday', 0, 'DIP '),
(3018, '1803073', '30', '10', 'Saturday', 1, 'DIP '),
(3019, '1803074', '30', '10', 'Saturday', 1, 'DIP '),
(3020, '1803075', '30', '10', 'Saturday', 1, 'DIP '),
(3021, '1803076', '30', '10', 'Saturday', 1, 'DIP '),
(3022, '1803077', '30', '10', 'Saturday', 1, 'DIP '),
(3023, '1803078', '30', '10', 'Saturday', 1, 'DIP '),
(3024, '1803079', '30', '10', 'Saturday', 1, 'DIP '),
(3025, '1803080', '30', '10', 'Saturday', 1, 'DIP '),
(3026, '1803081', '30', '10', 'Saturday', 1, 'DIP '),
(3027, '1803082', '30', '10', 'Saturday', 1, 'DIP '),
(3028, '1803083', '30', '10', 'Saturday', 1, 'DIP '),
(3029, '1803084', '30', '10', 'Saturday', 1, 'DIP '),
(3030, '1803085', '30', '10', 'Saturday', 1, 'DIP '),
(3031, '1803086', '30', '10', 'Saturday', 0, 'DIP '),
(3032, '1803087', '30', '10', 'Saturday', 1, 'DIP '),
(3033, '1803088', '30', '10', 'Saturday', 1, 'DIP '),
(3034, '1803089', '30', '10', 'Saturday', 1, 'DIP '),
(3035, '1803090', '30', '10', 'Saturday', 1, 'DIP '),
(3036, '1803091', '30', '10', 'Saturday', 1, 'DIP '),
(3037, '1803092', '30', '10', 'Saturday', 1, 'DIP '),
(3038, '1803093', '30', '10', 'Saturday', 1, 'DIP '),
(3039, '1803094', '30', '10', 'Saturday', 1, 'DIP '),
(3040, '1803095', '30', '10', 'Saturday', 1, 'DIP '),
(3041, '1803096', '30', '10', 'Saturday', 1, 'DIP '),
(3042, '1803097', '30', '10', 'Saturday', 1, 'DIP '),
(3043, '1803098', '30', '10', 'Saturday', 1, 'DIP '),
(3044, '1803099', '30', '10', 'Saturday', 1, 'DIP '),
(3045, '1803100', '30', '10', 'Saturday', 1, 'DIP '),
(3046, '1803101', '30', '10', 'Saturday', 1, 'DIP '),
(3047, '1803102', '30', '10', 'Saturday', 1, 'DIP '),
(3048, '1803103', '30', '10', 'Saturday', 1, 'DIP '),
(3049, '1803104', '30', '10', 'Saturday', 1, 'DIP '),
(3050, '1803105', '30', '10', 'Saturday', 1, 'DIP '),
(3051, '1803106', '30', '10', 'Saturday', 1, 'DIP '),
(3052, '1803107', '30', '10', 'Saturday', 1, 'DIP '),
(3053, '1803108', '30', '10', 'Saturday', 0, 'DIP '),
(3054, '1803109', '30', '10', 'Saturday', 1, 'DIP '),
(3055, '1803110', '30', '10', 'Saturday', 1, 'DIP '),
(3056, '1803111', '30', '10', 'Saturday', 1, 'DIP '),
(3057, '1803112', '30', '10', 'Saturday', 1, 'DIP '),
(3058, '1803113', '30', '10', 'Saturday', 1, 'DIP '),
(3059, '1803114', '30', '10', 'Saturday', 1, 'DIP '),
(3060, '1803115', '30', '10', 'Saturday', 1, 'DIP '),
(3061, '1803116', '30', '10', 'Saturday', 1, 'DIP '),
(3062, '1803117', '30', '10', 'Saturday', 1, 'DIP '),
(3063, '1803118', '30', '10', 'Saturday', 1, 'DIP '),
(3064, '1803119', '30', '10', 'Saturday', 1, 'DIP '),
(3065, '1803120', '30', '10', 'Saturday', 1, 'DIP '),
(3066, '1803061', '30', '1', 'Saturday', 1, 'DIP '),
(3067, '1803062', '30', '1', 'Saturday', 1, 'DIP '),
(3068, '1803063', '30', '1', 'Saturday', 1, 'DIP '),
(3069, '1803064', '30', '1', 'Saturday', 0, 'DIP '),
(3070, '1803065', '30', '1', 'Saturday', 1, 'DIP '),
(3071, '1803066', '30', '1', 'Saturday', 1, 'DIP '),
(3072, '1803067', '30', '1', 'Saturday', 1, 'DIP '),
(3073, '1803068', '30', '1', 'Saturday', 1, 'DIP '),
(3074, '1803069', '30', '1', 'Saturday', 1, 'DIP '),
(3075, '1803070', '30', '1', 'Saturday', 1, 'DIP '),
(3076, '1803071', '30', '1', 'Saturday', 0, 'DIP '),
(3077, '1803072', '30', '1', 'Saturday', 1, 'DIP '),
(3078, '1803073', '30', '1', 'Saturday', 1, 'DIP '),
(3079, '1803074', '30', '1', 'Saturday', 1, 'DIP '),
(3080, '1803075', '30', '1', 'Saturday', 1, 'DIP '),
(3081, '1803076', '30', '1', 'Saturday', 1, 'DIP '),
(3082, '1803077', '30', '1', 'Saturday', 1, 'DIP '),
(3083, '1803078', '30', '1', 'Saturday', 1, 'DIP '),
(3084, '1803079', '30', '1', 'Saturday', 1, 'DIP '),
(3085, '1803080', '30', '1', 'Saturday', 1, 'DIP '),
(3086, '1803081', '30', '1', 'Saturday', 0, 'DIP '),
(3087, '1803082', '30', '1', 'Saturday', 1, 'DIP '),
(3088, '1803083', '30', '1', 'Saturday', 1, 'DIP '),
(3089, '1803084', '30', '1', 'Saturday', 1, 'DIP '),
(3090, '1803085', '30', '1', 'Saturday', 1, 'DIP '),
(3091, '1803086', '30', '1', 'Saturday', 1, 'DIP '),
(3092, '1803087', '30', '1', 'Saturday', 1, 'DIP '),
(3093, '1803088', '30', '1', 'Saturday', 1, 'DIP '),
(3094, '1803089', '30', '1', 'Saturday', 1, 'DIP '),
(3095, '1803090', '30', '1', 'Saturday', 1, 'DIP '),
(3096, '1803091', '30', '1', 'Saturday', 1, 'DIP '),
(3097, '1803092', '30', '1', 'Saturday', 1, 'DIP '),
(3098, '1803093', '30', '1', 'Saturday', 1, 'DIP '),
(3099, '1803094', '30', '1', 'Saturday', 1, 'DIP '),
(3100, '1803095', '30', '1', 'Saturday', 1, 'DIP '),
(3101, '1803096', '30', '1', 'Saturday', 0, 'DIP '),
(3102, '1803097', '30', '1', 'Saturday', 1, 'DIP '),
(3103, '1803098', '30', '1', 'Saturday', 1, 'DIP '),
(3104, '1803099', '30', '1', 'Saturday', 1, 'DIP '),
(3105, '1803100', '30', '1', 'Saturday', 1, 'DIP '),
(3106, '1803101', '30', '1', 'Saturday', 1, 'DIP '),
(3107, '1803102', '30', '1', 'Saturday', 1, 'DIP '),
(3108, '1803103', '30', '1', 'Saturday', 1, 'DIP '),
(3109, '1803104', '30', '1', 'Saturday', 1, 'DIP '),
(3110, '1803105', '30', '1', 'Saturday', 1, 'DIP '),
(3111, '1803106', '30', '1', 'Saturday', 1, 'DIP '),
(3112, '1803107', '30', '1', 'Saturday', 1, 'DIP '),
(3113, '1803108', '30', '1', 'Saturday', 1, 'DIP '),
(3114, '1803109', '30', '1', 'Saturday', 1, 'DIP '),
(3115, '1803110', '30', '1', 'Saturday', 1, 'DIP '),
(3116, '1803111', '30', '1', 'Saturday', 1, 'DIP '),
(3117, '1803112', '30', '1', 'Saturday', 1, 'DIP '),
(3118, '1803113', '30', '1', 'Saturday', 1, 'DIP '),
(3119, '1803114', '30', '1', 'Saturday', 1, 'DIP '),
(3120, '1803115', '30', '1', 'Saturday', 1, 'DIP '),
(3121, '1803116', '30', '1', 'Saturday', 1, 'DIP '),
(3122, '1803117', '30', '1', 'Saturday', 1, 'DIP '),
(3123, '1803118', '30', '1', 'Saturday', 1, 'DIP '),
(3124, '1803119', '30', '1', 'Saturday', 1, 'DIP '),
(3125, '1803120', '30', '1', 'Saturday', 1, 'DIP '),
(3126, '1803061', '30', '1', 'Monday', 1, 'DIP '),
(3127, '1803062', '30', '1', 'Monday', 1, 'DIP '),
(3128, '1803063', '30', '1', 'Monday', 1, 'DIP '),
(3129, '1803064', '30', '1', 'Monday', 1, 'DIP '),
(3130, '1803065', '30', '1', 'Monday', 1, 'DIP '),
(3131, '1803066', '30', '1', 'Monday', 1, 'DIP '),
(3132, '1803067', '30', '1', 'Monday', 1, 'DIP '),
(3133, '1803068', '30', '1', 'Monday', 1, 'DIP '),
(3134, '1803069', '30', '1', 'Monday', 0, 'DIP '),
(3135, '1803070', '30', '1', 'Monday', 1, 'DIP '),
(3136, '1803071', '30', '1', 'Monday', 0, 'DIP '),
(3137, '1803072', '30', '1', 'Monday', 1, 'DIP '),
(3138, '1803073', '30', '1', 'Monday', 1, 'DIP '),
(3139, '1803074', '30', '1', 'Monday', 1, 'DIP '),
(3140, '1803075', '30', '1', 'Monday', 1, 'DIP '),
(3141, '1803076', '30', '1', 'Monday', 1, 'DIP '),
(3142, '1803077', '30', '1', 'Monday', 1, 'DIP '),
(3143, '1803078', '30', '1', 'Monday', 1, 'DIP '),
(3144, '1803079', '30', '1', 'Monday', 1, 'DIP '),
(3145, '1803080', '30', '1', 'Monday', 1, 'DIP '),
(3146, '1803081', '30', '1', 'Monday', 1, 'DIP '),
(3147, '1803082', '30', '1', 'Monday', 1, 'DIP '),
(3148, '1803083', '30', '1', 'Monday', 1, 'DIP '),
(3149, '1803084', '30', '1', 'Monday', 1, 'DIP '),
(3150, '1803085', '30', '1', 'Monday', 1, 'DIP '),
(3151, '1803086', '30', '1', 'Monday', 1, 'DIP '),
(3152, '1803087', '30', '1', 'Monday', 1, 'DIP '),
(3153, '1803088', '30', '1', 'Monday', 1, 'DIP '),
(3154, '1803089', '30', '1', 'Monday', 1, 'DIP '),
(3155, '1803090', '30', '1', 'Monday', 1, 'DIP '),
(3156, '1803091', '30', '1', 'Monday', 1, 'DIP '),
(3157, '1803092', '30', '1', 'Monday', 1, 'DIP '),
(3158, '1803093', '30', '1', 'Monday', 1, 'DIP '),
(3159, '1803094', '30', '1', 'Monday', 1, 'DIP '),
(3160, '1803095', '30', '1', 'Monday', 1, 'DIP '),
(3161, '1803096', '30', '1', 'Monday', 1, 'DIP '),
(3162, '1803097', '30', '1', 'Monday', 1, 'DIP '),
(3163, '1803098', '30', '1', 'Monday', 1, 'DIP '),
(3164, '1803099', '30', '1', 'Monday', 1, 'DIP '),
(3165, '1803100', '30', '1', 'Monday', 1, 'DIP '),
(3166, '1803101', '30', '1', 'Monday', 1, 'DIP '),
(3167, '1803102', '30', '1', 'Monday', 1, 'DIP '),
(3168, '1803103', '30', '1', 'Monday', 1, 'DIP '),
(3169, '1803104', '30', '1', 'Monday', 1, 'DIP '),
(3170, '1803105', '30', '1', 'Monday', 1, 'DIP '),
(3171, '1803106', '30', '1', 'Monday', 1, 'DIP '),
(3172, '1803107', '30', '1', 'Monday', 1, 'DIP '),
(3173, '1803108', '30', '1', 'Monday', 1, 'DIP '),
(3174, '1803109', '30', '1', 'Monday', 1, 'DIP '),
(3175, '1803110', '30', '1', 'Monday', 1, 'DIP '),
(3176, '1803111', '30', '1', 'Monday', 1, 'DIP '),
(3177, '1803112', '30', '1', 'Monday', 1, 'DIP '),
(3178, '1803113', '30', '1', 'Monday', 1, 'DIP '),
(3179, '1803114', '30', '1', 'Monday', 1, 'DIP '),
(3180, '1803115', '30', '1', 'Monday', 1, 'DIP '),
(3181, '1803116', '30', '1', 'Monday', 1, 'DIP '),
(3182, '1803117', '30', '1', 'Monday', 1, 'DIP '),
(3183, '1803118', '30', '1', 'Monday', 1, 'DIP '),
(3184, '1803119', '30', '1', 'Monday', 1, 'DIP '),
(3185, '1803120', '30', '1', 'Monday', 1, 'DIP '),
(3186, '1803061', '37', '12', 'Monday', 0, 'DIP '),
(3187, '1803062', '37', '12', 'Monday', 1, 'DIP '),
(3188, '1803063', '37', '12', 'Monday', 1, 'DIP '),
(3189, '1803064', '37', '12', 'Monday', 1, 'DIP '),
(3190, '1803065', '37', '12', 'Monday', 0, 'DIP '),
(3191, '1803066', '37', '12', 'Monday', 1, 'DIP '),
(3192, '1803067', '37', '12', 'Monday', 1, 'DIP '),
(3193, '1803068', '37', '12', 'Monday', 1, 'DIP '),
(3194, '1803069', '37', '12', 'Monday', 1, 'DIP '),
(3195, '1803070', '37', '12', 'Monday', 0, 'DIP '),
(3196, '1803071', '37', '12', 'Monday', 1, 'DIP '),
(3197, '1803072', '37', '12', 'Monday', 1, 'DIP '),
(3198, '1803073', '37', '12', 'Monday', 1, 'DIP '),
(3199, '1803074', '37', '12', 'Monday', 1, 'DIP '),
(3200, '1803075', '37', '12', 'Monday', 1, 'DIP '),
(3201, '1803076', '37', '12', 'Monday', 1, 'DIP '),
(3202, '1803077', '37', '12', 'Monday', 1, 'DIP '),
(3203, '1803078', '37', '12', 'Monday', 1, 'DIP '),
(3204, '1803079', '37', '12', 'Monday', 1, 'DIP '),
(3205, '1803080', '37', '12', 'Monday', 1, 'DIP '),
(3206, '1803081', '37', '12', 'Monday', 1, 'DIP '),
(3207, '1803082', '37', '12', 'Monday', 1, 'DIP '),
(3208, '1803083', '37', '12', 'Monday', 1, 'DIP '),
(3209, '1803084', '37', '12', 'Monday', 1, 'DIP '),
(3210, '1803085', '37', '12', 'Monday', 1, 'DIP '),
(3211, '1803086', '37', '12', 'Monday', 1, 'DIP '),
(3212, '1803087', '37', '12', 'Monday', 1, 'DIP '),
(3213, '1803088', '37', '12', 'Monday', 1, 'DIP '),
(3214, '1803089', '37', '12', 'Monday', 0, 'DIP '),
(3215, '1803090', '37', '12', 'Monday', 1, 'DIP '),
(3216, '1803091', '37', '12', 'Monday', 1, 'DIP '),
(3217, '1803092', '37', '12', 'Monday', 1, 'DIP '),
(3218, '1803093', '37', '12', 'Monday', 1, 'DIP '),
(3219, '1803094', '37', '12', 'Monday', 1, 'DIP '),
(3220, '1803095', '37', '12', 'Monday', 1, 'DIP '),
(3221, '1803096', '37', '12', 'Monday', 1, 'DIP '),
(3222, '1803097', '37', '12', 'Monday', 1, 'DIP '),
(3223, '1803098', '37', '12', 'Monday', 1, 'DIP '),
(3224, '1803099', '37', '12', 'Monday', 1, 'DIP '),
(3225, '1803100', '37', '12', 'Monday', 1, 'DIP '),
(3226, '1803101', '37', '12', 'Monday', 1, 'DIP '),
(3227, '1803102', '37', '12', 'Monday', 1, 'DIP '),
(3228, '1803103', '37', '12', 'Monday', 1, 'DIP '),
(3229, '1803104', '37', '12', 'Monday', 1, 'DIP '),
(3230, '1803105', '37', '12', 'Monday', 1, 'DIP '),
(3231, '1803106', '37', '12', 'Monday', 1, 'DIP '),
(3232, '1803107', '37', '12', 'Monday', 1, 'DIP '),
(3233, '1803108', '37', '12', 'Monday', 1, 'DIP '),
(3234, '1803109', '37', '12', 'Monday', 1, 'DIP '),
(3235, '1803110', '37', '12', 'Monday', 1, 'DIP '),
(3236, '1803111', '37', '12', 'Monday', 1, 'DIP '),
(3237, '1803112', '37', '12', 'Monday', 1, 'DIP '),
(3238, '1803113', '37', '12', 'Monday', 1, 'DIP '),
(3239, '1803114', '37', '12', 'Monday', 1, 'DIP '),
(3240, '1803115', '37', '12', 'Monday', 1, 'DIP '),
(3241, '1803116', '37', '12', 'Monday', 1, 'DIP '),
(3242, '1803117', '37', '12', 'Monday', 1, 'DIP '),
(3243, '1803118', '37', '12', 'Monday', 1, 'DIP '),
(3244, '1803119', '37', '12', 'Monday', 1, 'DIP '),
(3245, '1803120', '37', '12', 'Monday', 1, 'DIP '),
(3246, '1803061', '37', '14', 'Monday', 1, 'DIP '),
(3247, '1803062', '37', '14', 'Monday', 1, 'DIP '),
(3248, '1803063', '37', '14', 'Monday', 0, 'DIP '),
(3249, '1803064', '37', '14', 'Monday', 1, 'DIP '),
(3250, '1803065', '37', '14', 'Monday', 0, 'DIP '),
(3251, '1803066', '37', '14', 'Monday', 1, 'DIP '),
(3252, '1803067', '37', '14', 'Monday', 1, 'DIP '),
(3253, '1803068', '37', '14', 'Monday', 1, 'DIP '),
(3254, '1803069', '37', '14', 'Monday', 1, 'DIP '),
(3255, '1803070', '37', '14', 'Monday', 1, 'DIP '),
(3256, '1803071', '37', '14', 'Monday', 1, 'DIP '),
(3257, '1803072', '37', '14', 'Monday', 1, 'DIP '),
(3258, '1803073', '37', '14', 'Monday', 0, 'DIP '),
(3259, '1803074', '37', '14', 'Monday', 1, 'DIP '),
(3260, '1803075', '37', '14', 'Monday', 1, 'DIP '),
(3261, '1803076', '37', '14', 'Monday', 1, 'DIP '),
(3262, '1803077', '37', '14', 'Monday', 1, 'DIP '),
(3263, '1803078', '37', '14', 'Monday', 1, 'DIP '),
(3264, '1803079', '37', '14', 'Monday', 1, 'DIP '),
(3265, '1803080', '37', '14', 'Monday', 1, 'DIP '),
(3266, '1803081', '37', '14', 'Monday', 1, 'DIP '),
(3267, '1803082', '37', '14', 'Monday', 0, 'DIP '),
(3268, '1803083', '37', '14', 'Monday', 1, 'DIP '),
(3269, '1803084', '37', '14', 'Monday', 1, 'DIP '),
(3270, '1803085', '37', '14', 'Monday', 1, 'DIP '),
(3271, '1803086', '37', '14', 'Monday', 1, 'DIP '),
(3272, '1803087', '37', '14', 'Monday', 1, 'DIP '),
(3273, '1803088', '37', '14', 'Monday', 1, 'DIP '),
(3274, '1803089', '37', '14', 'Monday', 1, 'DIP '),
(3275, '1803090', '37', '14', 'Monday', 1, 'DIP '),
(3276, '1803091', '37', '14', 'Monday', 1, 'DIP '),
(3277, '1803092', '37', '14', 'Monday', 1, 'DIP '),
(3278, '1803093', '37', '14', 'Monday', 1, 'DIP '),
(3279, '1803094', '37', '14', 'Monday', 1, 'DIP '),
(3280, '1803095', '37', '14', 'Monday', 1, 'DIP '),
(3281, '1803096', '37', '14', 'Monday', 1, 'DIP '),
(3282, '1803097', '37', '14', 'Monday', 1, 'DIP '),
(3283, '1803098', '37', '14', 'Monday', 1, 'DIP '),
(3284, '1803099', '37', '14', 'Monday', 1, 'DIP '),
(3285, '1803100', '37', '14', 'Monday', 1, 'DIP '),
(3286, '1803101', '37', '14', 'Monday', 1, 'DIP '),
(3287, '1803102', '37', '14', 'Monday', 1, 'DIP '),
(3288, '1803103', '37', '14', 'Monday', 1, 'DIP '),
(3289, '1803104', '37', '14', 'Monday', 1, 'DIP '),
(3290, '1803105', '37', '14', 'Monday', 1, 'DIP '),
(3291, '1803106', '37', '14', 'Monday', 1, 'DIP '),
(3292, '1803107', '37', '14', 'Monday', 1, 'DIP '),
(3293, '1803108', '37', '14', 'Monday', 1, 'DIP '),
(3294, '1803109', '37', '14', 'Monday', 1, 'DIP '),
(3295, '1803110', '37', '14', 'Monday', 1, 'DIP '),
(3296, '1803111', '37', '14', 'Monday', 1, 'DIP '),
(3297, '1803112', '37', '14', 'Monday', 1, 'DIP '),
(3298, '1803113', '37', '14', 'Monday', 1, 'DIP '),
(3299, '1803114', '37', '14', 'Monday', 1, 'DIP '),
(3300, '1803115', '37', '14', 'Monday', 1, 'DIP '),
(3301, '1803116', '37', '14', 'Monday', 1, 'DIP '),
(3302, '1803117', '37', '14', 'Monday', 1, 'DIP '),
(3303, '1803118', '37', '14', 'Monday', 1, 'DIP '),
(3304, '1803119', '37', '14', 'Monday', 1, 'DIP '),
(3305, '1803120', '37', '14', 'Monday', 1, 'DIP ');

-- --------------------------------------------------------

--
-- Table structure for table `co`
--

CREATE TABLE `co` (
  `id` int(11) NOT NULL,
  `roll` varchar(20) NOT NULL,
  `cid` varchar(20) NOT NULL,
  `no` varchar(11) NOT NULL,
  `cono` varchar(11) NOT NULL,
  `mark` varchar(11) NOT NULL,
  `fullmark` varchar(10) NOT NULL
) ENGINE=InnoDB DEFAULT CHARSET=utf8mb4 COLLATE=utf8mb4_general_ci;

--
-- Dumping data for table `co`
--

INSERT INTO `co` (`id`, `roll`, `cid`, `no`, `cono`, `mark`, `fullmark`) VALUES
(421, '1803061', '30', '1', 'CO1', 'A', '8'),
(422, '1803061', '30', '1', 'CO2', 'A', '8'),
(423, '1803061', '30', '1', 'CO3', 'A', '4'),
(424, '1803062', '30', '1', 'CO1', 'A', '8'),
(425, '1803062', '30', '1', 'CO2', 'A', '8'),
(426, '1803062', '30', '1', 'CO3', 'A', '4'),
(427, '1803063', '30', '1', 'CO1', '6', '8'),
(428, '1803063', '30', '1', 'CO2', '4', '8'),
(429, '1803063', '30', '1', 'CO3', 'A', '4'),
(430, '1803064', '30', '1', 'CO1', 'A', '8'),
(431, '1803064', '30', '1', 'CO2', 'A', '8'),
(432, '1803064', '30', '1', 'CO3', 'A', '4'),
(433, '1803065', '30', '1', 'CO1', '5', '8'),
(434, '1803065', '30', '1', 'CO2', '0', '8'),
(435, '1803065', '30', '1', 'CO3', '4', '4'),
(436, '1803066', '30', '1', 'CO1', 'A', '8'),
(437, '1803066', '30', '1', 'CO2', 'A', '8'),
(438, '1803066', '30', '1', 'CO3', 'A', '4'),
(439, '1803067', '30', '1', 'CO1', '6', '8'),
(440, '1803067', '30', '1', 'CO2', '5', '8'),
(441, '1803067', '30', '1', 'CO3', '4', '4'),
(442, '1803068', '30', '1', 'CO1', 'A', '8'),
(443, '1803068', '30', '1', 'CO2', '0', '8'),
(444, '1803068', '30', '1', 'CO3', 'A', '4'),
(445, '1803069', '30', '1', 'CO1', 'A', '8'),
(446, '1803069', '30', '1', 'CO2', 'A', '8'),
(447, '1803069', '30', '1', 'CO3', '4', '4'),
(448, '1803070', '30', '1', 'CO1', 'A', '8'),
(449, '1803070', '30', '1', 'CO2', 'A', '8'),
(450, '1803070', '30', '1', 'CO3', 'A', '4'),
(451, '1803071', '30', '1', 'CO1', 'A', '8'),
(452, '1803071', '30', '1', 'CO2', 'A', '8'),
(453, '1803071', '30', '1', 'CO3', 'A', '4'),
(454, '1803072', '30', '1', 'CO1', 'A', '8'),
(455, '1803072', '30', '1', 'CO2', 'A', '8'),
(456, '1803072', '30', '1', 'CO3', 'A', '4'),
(457, '1803073', '30', '1', 'CO1', 'A', '8'),
(458, '1803073', '30', '1', 'CO2', 'A', '8'),
(459, '1803073', '30', '1', 'CO3', 'A', '4'),
(460, '1803074', '30', '1', 'CO1', 'A', '8'),
(461, '1803074', '30', '1', 'CO2', 'A', '8'),
(462, '1803074', '30', '1', 'CO3', 'A', '4'),
(463, '1803075', '30', '1', 'CO1', 'A', '8'),
(464, '1803075', '30', '1', 'CO2', 'A', '8'),
(465, '1803075', '30', '1', 'CO3', 'A', '4'),
(466, '1803076', '30', '1', 'CO1', 'A', '8'),
(467, '1803076', '30', '1', 'CO2', 'A', '8'),
(468, '1803076', '30', '1', 'CO3', 'A', '4'),
(469, '1803077', '30', '1', 'CO1', 'A', '8'),
(470, '1803077', '30', '1', 'CO2', 'A', '8'),
(471, '1803077', '30', '1', 'CO3', 'A', '4'),
(472, '1803078', '30', '1', 'CO1', 'A', '8'),
(473, '1803078', '30', '1', 'CO2', 'A', '8'),
(474, '1803078', '30', '1', 'CO3', 'A', '4'),
(475, '1803079', '30', '1', 'CO1', 'A', '8'),
(476, '1803079', '30', '1', 'CO2', 'A', '8'),
(477, '1803079', '30', '1', 'CO3', 'A', '4'),
(478, '1803080', '30', '1', 'CO1', 'A', '8'),
(479, '1803080', '30', '1', 'CO2', 'A', '8'),
(480, '1803080', '30', '1', 'CO3', 'A', '4'),
(481, '1803081', '30', '1', 'CO1', 'A', '8'),
(482, '1803081', '30', '1', 'CO2', 'A', '8'),
(483, '1803081', '30', '1', 'CO3', 'A', '4'),
(484, '1803082', '30', '1', 'CO1', 'A', '8'),
(485, '1803082', '30', '1', 'CO2', 'A', '8'),
(486, '1803082', '30', '1', 'CO3', 'A', '4'),
(487, '1803083', '30', '1', 'CO1', 'A', '8'),
(488, '1803083', '30', '1', 'CO2', 'A', '8'),
(489, '1803083', '30', '1', 'CO3', 'A', '4'),
(490, '1803084', '30', '1', 'CO1', 'A', '8'),
(491, '1803084', '30', '1', 'CO2', 'A', '8'),
(492, '1803084', '30', '1', 'CO3', 'A', '4'),
(493, '1803085', '30', '1', 'CO1', 'A', '8'),
(494, '1803085', '30', '1', 'CO2', 'A', '8'),
(495, '1803085', '30', '1', 'CO3', 'A', '4'),
(496, '1803086', '30', '1', 'CO1', 'A', '8'),
(497, '1803086', '30', '1', 'CO2', 'A', '8'),
(498, '1803086', '30', '1', 'CO3', 'A', '4'),
(499, '1803087', '30', '1', 'CO1', 'A', '8'),
(500, '1803087', '30', '1', 'CO2', 'A', '8'),
(501, '1803087', '30', '1', 'CO3', 'A', '4'),
(502, '1803088', '30', '1', 'CO1', 'A', '8'),
(503, '1803088', '30', '1', 'CO2', 'A', '8'),
(504, '1803088', '30', '1', 'CO3', 'A', '4'),
(505, '1803089', '30', '1', 'CO1', 'A', '8'),
(506, '1803089', '30', '1', 'CO2', 'A', '8'),
(507, '1803089', '30', '1', 'CO3', 'A', '4'),
(508, '1803090', '30', '1', 'CO1', 'A', '8'),
(509, '1803090', '30', '1', 'CO2', 'A', '8'),
(510, '1803090', '30', '1', 'CO3', 'A', '4'),
(511, '1803091', '30', '1', 'CO1', 'A', '8'),
(512, '1803091', '30', '1', 'CO2', 'A', '8'),
(513, '1803091', '30', '1', 'CO3', 'A', '4'),
(514, '1803092', '30', '1', 'CO1', 'A', '8'),
(515, '1803092', '30', '1', 'CO2', 'A', '8'),
(516, '1803092', '30', '1', 'CO3', 'A', '4'),
(517, '1803093', '30', '1', 'CO1', 'A', '8'),
(518, '1803093', '30', '1', 'CO2', 'A', '8'),
(519, '1803093', '30', '1', 'CO3', 'A', '4'),
(520, '1803094', '30', '1', 'CO1', 'A', '8'),
(521, '1803094', '30', '1', 'CO2', 'A', '8'),
(522, '1803094', '30', '1', 'CO3', 'A', '4'),
(523, '1803095', '30', '1', 'CO1', 'A', '8'),
(524, '1803095', '30', '1', 'CO2', 'A', '8'),
(525, '1803095', '30', '1', 'CO3', 'A', '4'),
(526, '1803096', '30', '1', 'CO1', 'A', '8'),
(527, '1803096', '30', '1', 'CO2', 'A', '8'),
(528, '1803096', '30', '1', 'CO3', 'A', '4'),
(529, '1803097', '30', '1', 'CO1', 'A', '8'),
(530, '1803097', '30', '1', 'CO2', 'A', '8'),
(531, '1803097', '30', '1', 'CO3', 'A', '4'),
(532, '1803098', '30', '1', 'CO1', 'A', '8'),
(533, '1803098', '30', '1', 'CO2', 'A', '8'),
(534, '1803098', '30', '1', 'CO3', 'A', '4'),
(535, '1803099', '30', '1', 'CO1', 'A', '8'),
(536, '1803099', '30', '1', 'CO2', 'A', '8'),
(537, '1803099', '30', '1', 'CO3', 'A', '4'),
(538, '1803100', '30', '1', 'CO1', 'A', '8'),
(539, '1803100', '30', '1', 'CO2', 'A', '8'),
(540, '1803100', '30', '1', 'CO3', 'A', '4'),
(541, '1803101', '30', '1', 'CO1', 'A', '8'),
(542, '1803101', '30', '1', 'CO2', 'A', '8'),
(543, '1803101', '30', '1', 'CO3', 'A', '4'),
(544, '1803102', '30', '1', 'CO1', 'A', '8'),
(545, '1803102', '30', '1', 'CO2', 'A', '8'),
(546, '1803102', '30', '1', 'CO3', 'A', '4'),
(547, '1803103', '30', '1', 'CO1', 'A', '8'),
(548, '1803103', '30', '1', 'CO2', 'A', '8'),
(549, '1803103', '30', '1', 'CO3', 'A', '4'),
(550, '1803104', '30', '1', 'CO1', 'A', '8'),
(551, '1803104', '30', '1', 'CO2', 'A', '8'),
(552, '1803104', '30', '1', 'CO3', 'A', '4'),
(553, '1803105', '30', '1', 'CO1', 'A', '8'),
(554, '1803105', '30', '1', 'CO2', 'A', '8'),
(555, '1803105', '30', '1', 'CO3', 'A', '4'),
(556, '1803106', '30', '1', 'CO1', 'A', '8'),
(557, '1803106', '30', '1', 'CO2', 'A', '8'),
(558, '1803106', '30', '1', 'CO3', 'A', '4'),
(559, '1803107', '30', '1', 'CO1', 'A', '8'),
(560, '1803107', '30', '1', 'CO2', 'A', '8'),
(561, '1803107', '30', '1', 'CO3', 'A', '4'),
(562, '1803108', '30', '1', 'CO1', 'A', '8'),
(563, '1803108', '30', '1', 'CO2', 'A', '8'),
(564, '1803108', '30', '1', 'CO3', 'A', '4'),
(565, '1803109', '30', '1', 'CO1', 'A', '8'),
(566, '1803109', '30', '1', 'CO2', 'A', '8'),
(567, '1803109', '30', '1', 'CO3', 'A', '4'),
(568, '1803110', '30', '1', 'CO1', 'A', '8'),
(569, '1803110', '30', '1', 'CO2', 'A', '8'),
(570, '1803110', '30', '1', 'CO3', 'A', '4'),
(571, '1803111', '30', '1', 'CO1', 'A', '8'),
(572, '1803111', '30', '1', 'CO2', 'A', '8'),
(573, '1803111', '30', '1', 'CO3', 'A', '4'),
(574, '1803112', '30', '1', 'CO1', 'A', '8'),
(575, '1803112', '30', '1', 'CO2', 'A', '8'),
(576, '1803112', '30', '1', 'CO3', 'A', '4'),
(577, '1803113', '30', '1', 'CO1', 'A', '8'),
(578, '1803113', '30', '1', 'CO2', 'A', '8'),
(579, '1803113', '30', '1', 'CO3', 'A', '4'),
(580, '1803114', '30', '1', 'CO1', 'A', '8'),
(581, '1803114', '30', '1', 'CO2', 'A', '8'),
(582, '1803114', '30', '1', 'CO3', 'A', '4'),
(583, '1803115', '30', '1', 'CO1', 'A', '8'),
(584, '1803115', '30', '1', 'CO2', 'A', '8'),
(585, '1803115', '30', '1', 'CO3', 'A', '4'),
(586, '1803116', '30', '1', 'CO1', 'A', '8'),
(587, '1803116', '30', '1', 'CO2', 'A', '8'),
(588, '1803116', '30', '1', 'CO3', 'A', '4'),
(589, '1803117', '30', '1', 'CO1', 'A', '8'),
(590, '1803117', '30', '1', 'CO2', 'A', '8'),
(591, '1803117', '30', '1', 'CO3', 'A', '4'),
(592, '1803118', '30', '1', 'CO1', 'A', '8'),
(593, '1803118', '30', '1', 'CO2', 'A', '8'),
(594, '1803118', '30', '1', 'CO3', 'A', '4'),
(595, '1803119', '30', '1', 'CO1', 'A', '8'),
(596, '1803119', '30', '1', 'CO2', 'A', '8'),
(597, '1803119', '30', '1', 'CO3', 'A', '4'),
(598, '1803120', '30', '1', 'CO1', 'A', '8'),
(599, '1803120', '30', '1', 'CO2', 'A', '8'),
(600, '1803120', '30', '1', 'CO3', 'A', '4'),
(601, '1803061', '30', '0', 'CO1', '6', '20'),
(602, '1803061', '30', '0', 'CO2', 'A', '30'),
(603, '1803061', '30', '0', 'CO3', 'A', '40'),
(604, '1803061', '30', '0', 'CO4', 'A', '30'),
(605, '1803061', '30', '0', 'CO5', '6', '10'),
(606, '1803062', '30', '0', 'CO1', 'A', '20'),
(607, '1803062', '30', '0', 'CO2', 'A', '30'),
(608, '1803062', '30', '0', 'CO3', 'A', '40'),
(609, '1803062', '30', '0', 'CO4', 'A', '30'),
(610, '1803062', '30', '0', 'CO5', 'A', '10'),
(611, '1803063', '30', '0', 'CO1', 'A', '20'),
(612, '1803063', '30', '0', 'CO2', 'A', '30'),
(613, '1803063', '30', '0', 'CO3', 'A', '40'),
(614, '1803063', '30', '0', 'CO4', '6', '30'),
(615, '1803063', '30', '0', 'CO5', 'A', '10'),
(616, '1803064', '30', '0', 'CO1', 'A', '20'),
(617, '1803064', '30', '0', 'CO2', 'A', '30'),
(618, '1803064', '30', '0', 'CO3', '5', '40'),
(619, '1803064', '30', '0', 'CO4', 'A', '30'),
(620, '1803064', '30', '0', 'CO5', 'A', '10'),
(621, '1803065', '30', '0', 'CO1', 'A', '20'),
(622, '1803065', '30', '0', 'CO2', 'A', '30'),
(623, '1803065', '30', '0', 'CO3', 'A', '40'),
(624, '1803065', '30', '0', 'CO4', 'A', '30'),
(625, '1803065', '30', '0', 'CO5', 'A', '10'),
(626, '1803066', '30', '0', 'CO1', '4', '20'),
(627, '1803066', '30', '0', 'CO2', 'A', '30'),
(628, '1803066', '30', '0', 'CO3', 'A', '40'),
(629, '1803066', '30', '0', 'CO4', 'A', '30'),
(630, '1803066', '30', '0', 'CO5', 'A', '10'),
(631, '1803067', '30', '0', 'CO1', 'A', '20'),
(632, '1803067', '30', '0', 'CO2', 'A', '30'),
(633, '1803067', '30', '0', 'CO3', 'A', '40'),
(634, '1803067', '30', '0', 'CO4', 'A', '30'),
(635, '1803067', '30', '0', 'CO5', 'A', '10'),
(636, '1803068', '30', '0', 'CO1', '5', '20'),
(637, '1803068', '30', '0', 'CO2', '5', '30'),
(638, '1803068', '30', '0', 'CO3', 'A', '40'),
(639, '1803068', '30', '0', 'CO4', '5', '30'),
(640, '1803068', '30', '0', 'CO5', 'A', '10'),
(641, '1803069', '30', '0', 'CO1', 'A', '20'),
(642, '1803069', '30', '0', 'CO2', 'A', '30'),
(643, '1803069', '30', '0', 'CO3', 'A', '40'),
(644, '1803069', '30', '0', 'CO4', 'A', '30'),
(645, '1803069', '30', '0', 'CO5', '5', '10'),
(646, '1803070', '30', '0', 'CO1', 'A', '20'),
(647, '1803070', '30', '0', 'CO2', 'A', '30'),
(648, '1803070', '30', '0', 'CO3', 'A', '40'),
(649, '1803070', '30', '0', 'CO4', 'A', '30'),
(650, '1803070', '30', '0', 'CO5', 'A', '10'),
(651, '1803071', '30', '0', 'CO1', 'A', '20'),
(652, '1803071', '30', '0', 'CO2', 'A', '30'),
(653, '1803071', '30', '0', 'CO3', 'A', '40'),
(654, '1803071', '30', '0', 'CO4', 'A', '30'),
(655, '1803071', '30', '0', 'CO5', 'A', '10'),
(656, '1803072', '30', '0', 'CO1', 'A', '20'),
(657, '1803072', '30', '0', 'CO2', 'A', '30'),
(658, '1803072', '30', '0', 'CO3', 'A', '40'),
(659, '1803072', '30', '0', 'CO4', 'A', '30'),
(660, '1803072', '30', '0', 'CO5', 'A', '10'),
(661, '1803073', '30', '0', 'CO1', 'A', '20'),
(662, '1803073', '30', '0', 'CO2', 'A', '30'),
(663, '1803073', '30', '0', 'CO3', 'A', '40'),
(664, '1803073', '30', '0', 'CO4', 'A', '30'),
(665, '1803073', '30', '0', 'CO5', 'A', '10'),
(666, '1803074', '30', '0', 'CO1', 'A', '20'),
(667, '1803074', '30', '0', 'CO2', 'A', '30'),
(668, '1803074', '30', '0', 'CO3', 'A', '40'),
(669, '1803074', '30', '0', 'CO4', 'A', '30'),
(670, '1803074', '30', '0', 'CO5', 'A', '10'),
(671, '1803075', '30', '0', 'CO1', 'A', '20'),
(672, '1803075', '30', '0', 'CO2', 'A', '30'),
(673, '1803075', '30', '0', 'CO3', 'A', '40'),
(674, '1803075', '30', '0', 'CO4', 'A', '30'),
(675, '1803075', '30', '0', 'CO5', 'A', '10'),
(676, '1803076', '30', '0', 'CO1', 'A', '20'),
(677, '1803076', '30', '0', 'CO2', 'A', '30'),
(678, '1803076', '30', '0', 'CO3', 'A', '40'),
(679, '1803076', '30', '0', 'CO4', 'A', '30'),
(680, '1803076', '30', '0', 'CO5', 'A', '10'),
(681, '1803077', '30', '0', 'CO1', 'A', '20'),
(682, '1803077', '30', '0', 'CO2', 'A', '30'),
(683, '1803077', '30', '0', 'CO3', 'A', '40'),
(684, '1803077', '30', '0', 'CO4', 'A', '30'),
(685, '1803077', '30', '0', 'CO5', 'A', '10'),
(686, '1803078', '30', '0', 'CO1', 'A', '20'),
(687, '1803078', '30', '0', 'CO2', 'A', '30'),
(688, '1803078', '30', '0', 'CO3', 'A', '40'),
(689, '1803078', '30', '0', 'CO4', 'A', '30'),
(690, '1803078', '30', '0', 'CO5', 'A', '10'),
(691, '1803079', '30', '0', 'CO1', 'A', '20'),
(692, '1803079', '30', '0', 'CO2', 'A', '30'),
(693, '1803079', '30', '0', 'CO3', 'A', '40'),
(694, '1803079', '30', '0', 'CO4', 'A', '30'),
(695, '1803079', '30', '0', 'CO5', 'A', '10'),
(696, '1803080', '30', '0', 'CO1', 'A', '20'),
(697, '1803080', '30', '0', 'CO2', 'A', '30'),
(698, '1803080', '30', '0', 'CO3', 'A', '40'),
(699, '1803080', '30', '0', 'CO4', 'A', '30'),
(700, '1803080', '30', '0', 'CO5', 'A', '10'),
(701, '1803081', '30', '0', 'CO1', 'A', '20'),
(702, '1803081', '30', '0', 'CO2', 'A', '30'),
(703, '1803081', '30', '0', 'CO3', 'A', '40'),
(704, '1803081', '30', '0', 'CO4', 'A', '30'),
(705, '1803081', '30', '0', 'CO5', 'A', '10'),
(706, '1803082', '30', '0', 'CO1', 'A', '20'),
(707, '1803082', '30', '0', 'CO2', 'A', '30'),
(708, '1803082', '30', '0', 'CO3', 'A', '40'),
(709, '1803082', '30', '0', 'CO4', 'A', '30'),
(710, '1803082', '30', '0', 'CO5', 'A', '10'),
(711, '1803083', '30', '0', 'CO1', 'A', '20'),
(712, '1803083', '30', '0', 'CO2', 'A', '30'),
(713, '1803083', '30', '0', 'CO3', 'A', '40'),
(714, '1803083', '30', '0', 'CO4', 'A', '30'),
(715, '1803083', '30', '0', 'CO5', 'A', '10'),
(716, '1803084', '30', '0', 'CO1', 'A', '20'),
(717, '1803084', '30', '0', 'CO2', 'A', '30'),
(718, '1803084', '30', '0', 'CO3', 'A', '40'),
(719, '1803084', '30', '0', 'CO4', 'A', '30'),
(720, '1803084', '30', '0', 'CO5', 'A', '10'),
(721, '1803085', '30', '0', 'CO1', 'A', '20'),
(722, '1803085', '30', '0', 'CO2', 'A', '30'),
(723, '1803085', '30', '0', 'CO3', 'A', '40'),
(724, '1803085', '30', '0', 'CO4', 'A', '30'),
(725, '1803085', '30', '0', 'CO5', 'A', '10'),
(726, '1803086', '30', '0', 'CO1', 'A', '20'),
(727, '1803086', '30', '0', 'CO2', 'A', '30'),
(728, '1803086', '30', '0', 'CO3', 'A', '40'),
(729, '1803086', '30', '0', 'CO4', 'A', '30'),
(730, '1803086', '30', '0', 'CO5', 'A', '10'),
(731, '1803087', '30', '0', 'CO1', 'A', '20'),
(732, '1803087', '30', '0', 'CO2', 'A', '30'),
(733, '1803087', '30', '0', 'CO3', 'A', '40'),
(734, '1803087', '30', '0', 'CO4', 'A', '30'),
(735, '1803087', '30', '0', 'CO5', 'A', '10'),
(736, '1803088', '30', '0', 'CO1', 'A', '20'),
(737, '1803088', '30', '0', 'CO2', 'A', '30'),
(738, '1803088', '30', '0', 'CO3', 'A', '40'),
(739, '1803088', '30', '0', 'CO4', 'A', '30'),
(740, '1803088', '30', '0', 'CO5', 'A', '10'),
(741, '1803089', '30', '0', 'CO1', 'A', '20'),
(742, '1803089', '30', '0', 'CO2', 'A', '30'),
(743, '1803089', '30', '0', 'CO3', 'A', '40'),
(744, '1803089', '30', '0', 'CO4', 'A', '30'),
(745, '1803089', '30', '0', 'CO5', 'A', '10'),
(746, '1803090', '30', '0', 'CO1', 'A', '20'),
(747, '1803090', '30', '0', 'CO2', 'A', '30'),
(748, '1803090', '30', '0', 'CO3', 'A', '40'),
(749, '1803090', '30', '0', 'CO4', 'A', '30'),
(750, '1803090', '30', '0', 'CO5', 'A', '10'),
(751, '1803091', '30', '0', 'CO1', 'A', '20'),
(752, '1803091', '30', '0', 'CO2', 'A', '30'),
(753, '1803091', '30', '0', 'CO3', 'A', '40'),
(754, '1803091', '30', '0', 'CO4', 'A', '30'),
(755, '1803091', '30', '0', 'CO5', 'A', '10'),
(756, '1803092', '30', '0', 'CO1', 'A', '20'),
(757, '1803092', '30', '0', 'CO2', 'A', '30'),
(758, '1803092', '30', '0', 'CO3', 'A', '40'),
(759, '1803092', '30', '0', 'CO4', 'A', '30'),
(760, '1803092', '30', '0', 'CO5', 'A', '10'),
(761, '1803093', '30', '0', 'CO1', 'A', '20'),
(762, '1803093', '30', '0', 'CO2', 'A', '30'),
(763, '1803093', '30', '0', 'CO3', 'A', '40'),
(764, '1803093', '30', '0', 'CO4', 'A', '30'),
(765, '1803093', '30', '0', 'CO5', 'A', '10'),
(766, '1803094', '30', '0', 'CO1', 'A', '20'),
(767, '1803094', '30', '0', 'CO2', 'A', '30'),
(768, '1803094', '30', '0', 'CO3', 'A', '40'),
(769, '1803094', '30', '0', 'CO4', 'A', '30'),
(770, '1803094', '30', '0', 'CO5', 'A', '10'),
(771, '1803095', '30', '0', 'CO1', 'A', '20'),
(772, '1803095', '30', '0', 'CO2', 'A', '30'),
(773, '1803095', '30', '0', 'CO3', 'A', '40'),
(774, '1803095', '30', '0', 'CO4', 'A', '30'),
(775, '1803095', '30', '0', 'CO5', 'A', '10'),
(776, '1803096', '30', '0', 'CO1', 'A', '20'),
(777, '1803096', '30', '0', 'CO2', 'A', '30'),
(778, '1803096', '30', '0', 'CO3', 'A', '40'),
(779, '1803096', '30', '0', 'CO4', 'A', '30'),
(780, '1803096', '30', '0', 'CO5', 'A', '10'),
(781, '1803097', '30', '0', 'CO1', 'A', '20'),
(782, '1803097', '30', '0', 'CO2', 'A', '30'),
(783, '1803097', '30', '0', 'CO3', 'A', '40'),
(784, '1803097', '30', '0', 'CO4', 'A', '30'),
(785, '1803097', '30', '0', 'CO5', 'A', '10'),
(786, '1803098', '30', '0', 'CO1', 'A', '20'),
(787, '1803098', '30', '0', 'CO2', 'A', '30'),
(788, '1803098', '30', '0', 'CO3', 'A', '40'),
(789, '1803098', '30', '0', 'CO4', 'A', '30'),
(790, '1803098', '30', '0', 'CO5', 'A', '10'),
(791, '1803099', '30', '0', 'CO1', 'A', '20'),
(792, '1803099', '30', '0', 'CO2', 'A', '30'),
(793, '1803099', '30', '0', 'CO3', 'A', '40'),
(794, '1803099', '30', '0', 'CO4', 'A', '30'),
(795, '1803099', '30', '0', 'CO5', 'A', '10'),
(796, '1803100', '30', '0', 'CO1', 'A', '20'),
(797, '1803100', '30', '0', 'CO2', 'A', '30'),
(798, '1803100', '30', '0', 'CO3', 'A', '40'),
(799, '1803100', '30', '0', 'CO4', 'A', '30'),
(800, '1803100', '30', '0', 'CO5', 'A', '10'),
(801, '1803101', '30', '0', 'CO1', 'A', '20'),
(802, '1803101', '30', '0', 'CO2', 'A', '30'),
(803, '1803101', '30', '0', 'CO3', 'A', '40'),
(804, '1803101', '30', '0', 'CO4', 'A', '30'),
(805, '1803101', '30', '0', 'CO5', 'A', '10'),
(806, '1803102', '30', '0', 'CO1', 'A', '20'),
(807, '1803102', '30', '0', 'CO2', 'A', '30'),
(808, '1803102', '30', '0', 'CO3', 'A', '40'),
(809, '1803102', '30', '0', 'CO4', 'A', '30'),
(810, '1803102', '30', '0', 'CO5', 'A', '10'),
(811, '1803103', '30', '0', 'CO1', 'A', '20'),
(812, '1803103', '30', '0', 'CO2', 'A', '30'),
(813, '1803103', '30', '0', 'CO3', 'A', '40'),
(814, '1803103', '30', '0', 'CO4', 'A', '30'),
(815, '1803103', '30', '0', 'CO5', 'A', '10'),
(816, '1803104', '30', '0', 'CO1', 'A', '20'),
(817, '1803104', '30', '0', 'CO2', 'A', '30'),
(818, '1803104', '30', '0', 'CO3', 'A', '40'),
(819, '1803104', '30', '0', 'CO4', 'A', '30'),
(820, '1803104', '30', '0', 'CO5', 'A', '10'),
(821, '1803105', '30', '0', 'CO1', 'A', '20'),
(822, '1803105', '30', '0', 'CO2', 'A', '30'),
(823, '1803105', '30', '0', 'CO3', 'A', '40'),
(824, '1803105', '30', '0', 'CO4', 'A', '30'),
(825, '1803105', '30', '0', 'CO5', 'A', '10'),
(826, '1803106', '30', '0', 'CO1', 'A', '20'),
(827, '1803106', '30', '0', 'CO2', 'A', '30'),
(828, '1803106', '30', '0', 'CO3', 'A', '40'),
(829, '1803106', '30', '0', 'CO4', 'A', '30'),
(830, '1803106', '30', '0', 'CO5', 'A', '10'),
(831, '1803107', '30', '0', 'CO1', 'A', '20'),
(832, '1803107', '30', '0', 'CO2', 'A', '30'),
(833, '1803107', '30', '0', 'CO3', 'A', '40'),
(834, '1803107', '30', '0', 'CO4', 'A', '30'),
(835, '1803107', '30', '0', 'CO5', 'A', '10'),
(836, '1803108', '30', '0', 'CO1', 'A', '20'),
(837, '1803108', '30', '0', 'CO2', 'A', '30'),
(838, '1803108', '30', '0', 'CO3', 'A', '40'),
(839, '1803108', '30', '0', 'CO4', 'A', '30'),
(840, '1803108', '30', '0', 'CO5', 'A', '10'),
(841, '1803109', '30', '0', 'CO1', 'A', '20'),
(842, '1803109', '30', '0', 'CO2', 'A', '30'),
(843, '1803109', '30', '0', 'CO3', 'A', '40'),
(844, '1803109', '30', '0', 'CO4', 'A', '30'),
(845, '1803109', '30', '0', 'CO5', 'A', '10'),
(846, '1803110', '30', '0', 'CO1', 'A', '20'),
(847, '1803110', '30', '0', 'CO2', 'A', '30'),
(848, '1803110', '30', '0', 'CO3', 'A', '40'),
(849, '1803110', '30', '0', 'CO4', 'A', '30'),
(850, '1803110', '30', '0', 'CO5', 'A', '10'),
(851, '1803111', '30', '0', 'CO1', 'A', '20'),
(852, '1803111', '30', '0', 'CO2', 'A', '30'),
(853, '1803111', '30', '0', 'CO3', 'A', '40'),
(854, '1803111', '30', '0', 'CO4', 'A', '30'),
(855, '1803111', '30', '0', 'CO5', 'A', '10'),
(856, '1803112', '30', '0', 'CO1', 'A', '20'),
(857, '1803112', '30', '0', 'CO2', 'A', '30'),
(858, '1803112', '30', '0', 'CO3', 'A', '40'),
(859, '1803112', '30', '0', 'CO4', 'A', '30'),
(860, '1803112', '30', '0', 'CO5', 'A', '10'),
(861, '1803113', '30', '0', 'CO1', 'A', '20'),
(862, '1803113', '30', '0', 'CO2', 'A', '30'),
(863, '1803113', '30', '0', 'CO3', 'A', '40'),
(864, '1803113', '30', '0', 'CO4', 'A', '30'),
(865, '1803113', '30', '0', 'CO5', 'A', '10'),
(866, '1803114', '30', '0', 'CO1', 'A', '20'),
(867, '1803114', '30', '0', 'CO2', 'A', '30'),
(868, '1803114', '30', '0', 'CO3', 'A', '40'),
(869, '1803114', '30', '0', 'CO4', 'A', '30'),
(870, '1803114', '30', '0', 'CO5', 'A', '10'),
(871, '1803115', '30', '0', 'CO1', 'A', '20'),
(872, '1803115', '30', '0', 'CO2', 'A', '30'),
(873, '1803115', '30', '0', 'CO3', 'A', '40'),
(874, '1803115', '30', '0', 'CO4', 'A', '30'),
(875, '1803115', '30', '0', 'CO5', 'A', '10'),
(876, '1803116', '30', '0', 'CO1', 'A', '20'),
(877, '1803116', '30', '0', 'CO2', 'A', '30'),
(878, '1803116', '30', '0', 'CO3', 'A', '40'),
(879, '1803116', '30', '0', 'CO4', 'A', '30'),
(880, '1803116', '30', '0', 'CO5', 'A', '10'),
(881, '1803117', '30', '0', 'CO1', 'A', '20'),
(882, '1803117', '30', '0', 'CO2', 'A', '30'),
(883, '1803117', '30', '0', 'CO3', 'A', '40'),
(884, '1803117', '30', '0', 'CO4', 'A', '30'),
(885, '1803117', '30', '0', 'CO5', 'A', '10'),
(886, '1803118', '30', '0', 'CO1', 'A', '20'),
(887, '1803118', '30', '0', 'CO2', 'A', '30'),
(888, '1803118', '30', '0', 'CO3', 'A', '40'),
(889, '1803118', '30', '0', 'CO4', 'A', '30'),
(890, '1803118', '30', '0', 'CO5', 'A', '10'),
(891, '1803119', '30', '0', 'CO1', 'A', '20'),
(892, '1803119', '30', '0', 'CO2', 'A', '30'),
(893, '1803119', '30', '0', 'CO3', 'A', '40'),
(894, '1803119', '30', '0', 'CO4', 'A', '30'),
(895, '1803119', '30', '0', 'CO5', 'A', '10'),
(896, '1803120', '30', '0', 'CO1', 'A', '20'),
(897, '1803120', '30', '0', 'CO2', 'A', '30'),
(898, '1803120', '30', '0', 'CO3', 'A', '40'),
(899, '1803120', '30', '0', 'CO4', 'A', '30'),
(900, '1803120', '30', '0', 'CO5', 'A', '10'),
(901, '1803061', '12', '0', 'CO1', 'A', '20'),
(902, '1803061', '12', '0', 'CO2', 'A', '20'),
(903, '1803061', '12', '0', 'CO3', 'A', '20'),
(904, '1803061', '12', '0', 'CO4', '5', '20'),
(905, '1803061', '12', '0', 'CO5', 'A', '20'),
(906, '1803062', '12', '0', 'CO1', '6', '20'),
(907, '1803062', '12', '0', 'CO2', '3', '20'),
(908, '1803062', '12', '0', 'CO3', '5', '20'),
(909, '1803062', '12', '0', 'CO4', '4', '20'),
(910, '1803062', '12', '0', 'CO5', '1', '20'),
(911, '1803063', '12', '0', 'CO1', 'A', '20'),
(912, '1803063', '12', '0', 'CO2', 'A', '20'),
(913, '1803063', '12', '0', 'CO3', 'A', '20'),
(914, '1803063', '12', '0', 'CO4', '5', '20'),
(915, '1803063', '12', '0', 'CO5', 'A', '20'),
(916, '1803064', '12', '0', 'CO1', '6', '20'),
(917, '1803064', '12', '0', 'CO2', '6', '20'),
(918, '1803064', '12', '0', 'CO3', '5', '20'),
(919, '1803064', '12', '0', 'CO4', '5', '20'),
(920, '1803064', '12', '0', 'CO5', 'A', '20'),
(921, '1803065', '12', '0', 'CO1', 'A', '20'),
(922, '1803065', '12', '0', 'CO2', 'A', '20'),
(923, '1803065', '12', '0', 'CO3', 'A', '20'),
(924, '1803065', '12', '0', 'CO4', '6', '20'),
(925, '1803065', '12', '0', 'CO5', 'A', '20'),
(926, '1803066', '12', '0', 'CO1', 'A', '20'),
(927, '1803066', '12', '0', 'CO2', 'A', '20'),
(928, '1803066', '12', '0', 'CO3', 'A', '20'),
(929, '1803066', '12', '0', 'CO4', '2', '20'),
(930, '1803066', '12', '0', 'CO5', 'A', '20'),
(931, '1803067', '12', '0', 'CO1', 'A', '20'),
(932, '1803067', '12', '0', 'CO2', 'A', '20'),
(933, '1803067', '12', '0', 'CO3', 'A', '20'),
(934, '1803067', '12', '0', 'CO4', '1', '20'),
(935, '1803067', '12', '0', 'CO5', 'A', '20'),
(936, '1803068', '12', '0', 'CO1', 'A', '20'),
(937, '1803068', '12', '0', 'CO2', 'A', '20'),
(938, '1803068', '12', '0', 'CO3', 'A', '20'),
(939, '1803068', '12', '0', 'CO4', 'A', '20'),
(940, '1803068', '12', '0', 'CO5', 'A', '20'),
(941, '1803069', '12', '0', 'CO1', 'A', '20'),
(942, '1803069', '12', '0', 'CO2', 'A', '20'),
(943, '1803069', '12', '0', 'CO3', 'A', '20'),
(944, '1803069', '12', '0', 'CO4', 'A', '20'),
(945, '1803069', '12', '0', 'CO5', 'A', '20'),
(946, '1803070', '12', '0', 'CO1', 'A', '20'),
(947, '1803070', '12', '0', 'CO2', 'A', '20'),
(948, '1803070', '12', '0', 'CO3', 'A', '20'),
(949, '1803070', '12', '0', 'CO4', 'A', '20'),
(950, '1803070', '12', '0', 'CO5', 'A', '20'),
(951, '1803071', '12', '0', 'CO1', 'A', '20'),
(952, '1803071', '12', '0', 'CO2', 'A', '20'),
(953, '1803071', '12', '0', 'CO3', 'A', '20'),
(954, '1803071', '12', '0', 'CO4', 'A', '20'),
(955, '1803071', '12', '0', 'CO5', 'A', '20'),
(956, '1803072', '12', '0', 'CO1', 'A', '20'),
(957, '1803072', '12', '0', 'CO2', 'A', '20'),
(958, '1803072', '12', '0', 'CO3', 'A', '20'),
(959, '1803072', '12', '0', 'CO4', 'A', '20'),
(960, '1803072', '12', '0', 'CO5', 'A', '20'),
(961, '1803073', '12', '0', 'CO1', 'A', '20'),
(962, '1803073', '12', '0', 'CO2', 'A', '20'),
(963, '1803073', '12', '0', 'CO3', 'A', '20'),
(964, '1803073', '12', '0', 'CO4', 'A', '20'),
(965, '1803073', '12', '0', 'CO5', 'A', '20'),
(966, '1803074', '12', '0', 'CO1', 'A', '20'),
(967, '1803074', '12', '0', 'CO2', 'A', '20'),
(968, '1803074', '12', '0', 'CO3', 'A', '20'),
(969, '1803074', '12', '0', 'CO4', 'A', '20'),
(970, '1803074', '12', '0', 'CO5', 'A', '20'),
(971, '1803075', '12', '0', 'CO1', 'A', '20'),
(972, '1803075', '12', '0', 'CO2', 'A', '20'),
(973, '1803075', '12', '0', 'CO3', 'A', '20'),
(974, '1803075', '12', '0', 'CO4', 'A', '20'),
(975, '1803075', '12', '0', 'CO5', 'A', '20'),
(976, '1803076', '12', '0', 'CO1', 'A', '20'),
(977, '1803076', '12', '0', 'CO2', 'A', '20'),
(978, '1803076', '12', '0', 'CO3', 'A', '20'),
(979, '1803076', '12', '0', 'CO4', 'A', '20'),
(980, '1803076', '12', '0', 'CO5', 'A', '20'),
(981, '1803077', '12', '0', 'CO1', 'A', '20'),
(982, '1803077', '12', '0', 'CO2', 'A', '20'),
(983, '1803077', '12', '0', 'CO3', 'A', '20'),
(984, '1803077', '12', '0', 'CO4', 'A', '20'),
(985, '1803077', '12', '0', 'CO5', 'A', '20'),
(986, '1803078', '12', '0', 'CO1', 'A', '20'),
(987, '1803078', '12', '0', 'CO2', 'A', '20'),
(988, '1803078', '12', '0', 'CO3', 'A', '20'),
(989, '1803078', '12', '0', 'CO4', 'A', '20'),
(990, '1803078', '12', '0', 'CO5', 'A', '20'),
(991, '1803079', '12', '0', 'CO1', 'A', '20'),
(992, '1803079', '12', '0', 'CO2', 'A', '20'),
(993, '1803079', '12', '0', 'CO3', 'A', '20'),
(994, '1803079', '12', '0', 'CO4', 'A', '20'),
(995, '1803079', '12', '0', 'CO5', 'A', '20'),
(996, '1803080', '12', '0', 'CO1', 'A', '20'),
(997, '1803080', '12', '0', 'CO2', 'A', '20'),
(998, '1803080', '12', '0', 'CO3', 'A', '20'),
(999, '1803080', '12', '0', 'CO4', 'A', '20'),
(1000, '1803080', '12', '0', 'CO5', 'A', '20'),
(1001, '1803081', '12', '0', 'CO1', 'A', '20'),
(1002, '1803081', '12', '0', 'CO2', 'A', '20'),
(1003, '1803081', '12', '0', 'CO3', 'A', '20'),
(1004, '1803081', '12', '0', 'CO4', 'A', '20'),
(1005, '1803081', '12', '0', 'CO5', 'A', '20'),
(1006, '1803082', '12', '0', 'CO1', 'A', '20'),
(1007, '1803082', '12', '0', 'CO2', 'A', '20'),
(1008, '1803082', '12', '0', 'CO3', 'A', '20'),
(1009, '1803082', '12', '0', 'CO4', 'A', '20'),
(1010, '1803082', '12', '0', 'CO5', 'A', '20'),
(1011, '1803083', '12', '0', 'CO1', 'A', '20'),
(1012, '1803083', '12', '0', 'CO2', 'A', '20'),
(1013, '1803083', '12', '0', 'CO3', 'A', '20'),
(1014, '1803083', '12', '0', 'CO4', 'A', '20'),
(1015, '1803083', '12', '0', 'CO5', 'A', '20'),
(1016, '1803084', '12', '0', 'CO1', 'A', '20'),
(1017, '1803084', '12', '0', 'CO2', 'A', '20'),
(1018, '1803084', '12', '0', 'CO3', 'A', '20'),
(1019, '1803084', '12', '0', 'CO4', 'A', '20'),
(1020, '1803084', '12', '0', 'CO5', 'A', '20'),
(1021, '1803085', '12', '0', 'CO1', 'A', '20'),
(1022, '1803085', '12', '0', 'CO2', 'A', '20'),
(1023, '1803085', '12', '0', 'CO3', 'A', '20'),
(1024, '1803085', '12', '0', 'CO4', 'A', '20'),
(1025, '1803085', '12', '0', 'CO5', 'A', '20'),
(1026, '1803086', '12', '0', 'CO1', 'A', '20'),
(1027, '1803086', '12', '0', 'CO2', 'A', '20'),
(1028, '1803086', '12', '0', 'CO3', 'A', '20'),
(1029, '1803086', '12', '0', 'CO4', 'A', '20'),
(1030, '1803086', '12', '0', 'CO5', 'A', '20'),
(1031, '1803087', '12', '0', 'CO1', 'A', '20'),
(1032, '1803087', '12', '0', 'CO2', 'A', '20'),
(1033, '1803087', '12', '0', 'CO3', 'A', '20'),
(1034, '1803087', '12', '0', 'CO4', 'A', '20'),
(1035, '1803087', '12', '0', 'CO5', 'A', '20'),
(1036, '1803088', '12', '0', 'CO1', 'A', '20'),
(1037, '1803088', '12', '0', 'CO2', 'A', '20'),
(1038, '1803088', '12', '0', 'CO3', 'A', '20'),
(1039, '1803088', '12', '0', 'CO4', 'A', '20'),
(1040, '1803088', '12', '0', 'CO5', 'A', '20'),
(1041, '1803089', '12', '0', 'CO1', 'A', '20'),
(1042, '1803089', '12', '0', 'CO2', 'A', '20'),
(1043, '1803089', '12', '0', 'CO3', 'A', '20'),
(1044, '1803089', '12', '0', 'CO4', 'A', '20'),
(1045, '1803089', '12', '0', 'CO5', 'A', '20'),
(1046, '1803090', '12', '0', 'CO1', 'A', '20'),
(1047, '1803090', '12', '0', 'CO2', 'A', '20'),
(1048, '1803090', '12', '0', 'CO3', 'A', '20'),
(1049, '1803090', '12', '0', 'CO4', 'A', '20'),
(1050, '1803090', '12', '0', 'CO5', 'A', '20'),
(1051, '1803091', '12', '0', 'CO1', 'A', '20'),
(1052, '1803091', '12', '0', 'CO2', 'A', '20'),
(1053, '1803091', '12', '0', 'CO3', 'A', '20'),
(1054, '1803091', '12', '0', 'CO4', 'A', '20'),
(1055, '1803091', '12', '0', 'CO5', 'A', '20'),
(1056, '1803092', '12', '0', 'CO1', 'A', '20'),
(1057, '1803092', '12', '0', 'CO2', 'A', '20'),
(1058, '1803092', '12', '0', 'CO3', 'A', '20'),
(1059, '1803092', '12', '0', 'CO4', 'A', '20'),
(1060, '1803092', '12', '0', 'CO5', 'A', '20'),
(1061, '1803093', '12', '0', 'CO1', 'A', '20'),
(1062, '1803093', '12', '0', 'CO2', 'A', '20'),
(1063, '1803093', '12', '0', 'CO3', 'A', '20'),
(1064, '1803093', '12', '0', 'CO4', 'A', '20'),
(1065, '1803093', '12', '0', 'CO5', 'A', '20'),
(1066, '1803094', '12', '0', 'CO1', 'A', '20'),
(1067, '1803094', '12', '0', 'CO2', 'A', '20'),
(1068, '1803094', '12', '0', 'CO3', 'A', '20'),
(1069, '1803094', '12', '0', 'CO4', 'A', '20'),
(1070, '1803094', '12', '0', 'CO5', 'A', '20'),
(1071, '1803095', '12', '0', 'CO1', 'A', '20'),
(1072, '1803095', '12', '0', 'CO2', 'A', '20'),
(1073, '1803095', '12', '0', 'CO3', 'A', '20'),
(1074, '1803095', '12', '0', 'CO4', 'A', '20'),
(1075, '1803095', '12', '0', 'CO5', 'A', '20'),
(1076, '1803096', '12', '0', 'CO1', 'A', '20'),
(1077, '1803096', '12', '0', 'CO2', 'A', '20'),
(1078, '1803096', '12', '0', 'CO3', 'A', '20'),
(1079, '1803096', '12', '0', 'CO4', 'A', '20'),
(1080, '1803096', '12', '0', 'CO5', 'A', '20'),
(1081, '1803097', '12', '0', 'CO1', 'A', '20'),
(1082, '1803097', '12', '0', 'CO2', 'A', '20'),
(1083, '1803097', '12', '0', 'CO3', 'A', '20'),
(1084, '1803097', '12', '0', 'CO4', 'A', '20'),
(1085, '1803097', '12', '0', 'CO5', 'A', '20'),
(1086, '1803098', '12', '0', 'CO1', 'A', '20'),
(1087, '1803098', '12', '0', 'CO2', 'A', '20'),
(1088, '1803098', '12', '0', 'CO3', 'A', '20'),
(1089, '1803098', '12', '0', 'CO4', 'A', '20'),
(1090, '1803098', '12', '0', 'CO5', 'A', '20'),
(1091, '1803099', '12', '0', 'CO1', 'A', '20'),
(1092, '1803099', '12', '0', 'CO2', 'A', '20'),
(1093, '1803099', '12', '0', 'CO3', 'A', '20'),
(1094, '1803099', '12', '0', 'CO4', 'A', '20'),
(1095, '1803099', '12', '0', 'CO5', 'A', '20'),
(1096, '1803100', '12', '0', 'CO1', 'A', '20'),
(1097, '1803100', '12', '0', 'CO2', 'A', '20'),
(1098, '1803100', '12', '0', 'CO3', 'A', '20'),
(1099, '1803100', '12', '0', 'CO4', 'A', '20'),
(1100, '1803100', '12', '0', 'CO5', 'A', '20'),
(1101, '1803101', '12', '0', 'CO1', 'A', '20'),
(1102, '1803101', '12', '0', 'CO2', 'A', '20'),
(1103, '1803101', '12', '0', 'CO3', 'A', '20'),
(1104, '1803101', '12', '0', 'CO4', 'A', '20'),
(1105, '1803101', '12', '0', 'CO5', 'A', '20'),
(1106, '1803102', '12', '0', 'CO1', 'A', '20'),
(1107, '1803102', '12', '0', 'CO2', 'A', '20'),
(1108, '1803102', '12', '0', 'CO3', 'A', '20'),
(1109, '1803102', '12', '0', 'CO4', 'A', '20'),
(1110, '1803102', '12', '0', 'CO5', 'A', '20'),
(1111, '1803103', '12', '0', 'CO1', 'A', '20'),
(1112, '1803103', '12', '0', 'CO2', 'A', '20'),
(1113, '1803103', '12', '0', 'CO3', 'A', '20'),
(1114, '1803103', '12', '0', 'CO4', 'A', '20'),
(1115, '1803103', '12', '0', 'CO5', 'A', '20'),
(1116, '1803104', '12', '0', 'CO1', 'A', '20'),
(1117, '1803104', '12', '0', 'CO2', 'A', '20'),
(1118, '1803104', '12', '0', 'CO3', 'A', '20'),
(1119, '1803104', '12', '0', 'CO4', 'A', '20'),
(1120, '1803104', '12', '0', 'CO5', 'A', '20'),
(1121, '1803105', '12', '0', 'CO1', 'A', '20'),
(1122, '1803105', '12', '0', 'CO2', 'A', '20'),
(1123, '1803105', '12', '0', 'CO3', 'A', '20'),
(1124, '1803105', '12', '0', 'CO4', 'A', '20'),
(1125, '1803105', '12', '0', 'CO5', 'A', '20'),
(1126, '1803106', '12', '0', 'CO1', 'A', '20'),
(1127, '1803106', '12', '0', 'CO2', 'A', '20'),
(1128, '1803106', '12', '0', 'CO3', 'A', '20'),
(1129, '1803106', '12', '0', 'CO4', 'A', '20'),
(1130, '1803106', '12', '0', 'CO5', 'A', '20'),
(1131, '1803107', '12', '0', 'CO1', 'A', '20'),
(1132, '1803107', '12', '0', 'CO2', 'A', '20'),
(1133, '1803107', '12', '0', 'CO3', 'A', '20'),
(1134, '1803107', '12', '0', 'CO4', 'A', '20'),
(1135, '1803107', '12', '0', 'CO5', 'A', '20'),
(1136, '1803108', '12', '0', 'CO1', 'A', '20'),
(1137, '1803108', '12', '0', 'CO2', 'A', '20'),
(1138, '1803108', '12', '0', 'CO3', 'A', '20'),
(1139, '1803108', '12', '0', 'CO4', 'A', '20'),
(1140, '1803108', '12', '0', 'CO5', 'A', '20'),
(1141, '1803109', '12', '0', 'CO1', 'A', '20'),
(1142, '1803109', '12', '0', 'CO2', 'A', '20'),
(1143, '1803109', '12', '0', 'CO3', 'A', '20'),
(1144, '1803109', '12', '0', 'CO4', 'A', '20'),
(1145, '1803109', '12', '0', 'CO5', 'A', '20'),
(1146, '1803110', '12', '0', 'CO1', 'A', '20'),
(1147, '1803110', '12', '0', 'CO2', 'A', '20'),
(1148, '1803110', '12', '0', 'CO3', 'A', '20'),
(1149, '1803110', '12', '0', 'CO4', 'A', '20'),
(1150, '1803110', '12', '0', 'CO5', 'A', '20'),
(1151, '1803111', '12', '0', 'CO1', 'A', '20'),
(1152, '1803111', '12', '0', 'CO2', 'A', '20'),
(1153, '1803111', '12', '0', 'CO3', 'A', '20'),
(1154, '1803111', '12', '0', 'CO4', 'A', '20'),
(1155, '1803111', '12', '0', 'CO5', 'A', '20'),
(1156, '1803112', '12', '0', 'CO1', 'A', '20'),
(1157, '1803112', '12', '0', 'CO2', 'A', '20'),
(1158, '1803112', '12', '0', 'CO3', 'A', '20'),
(1159, '1803112', '12', '0', 'CO4', 'A', '20'),
(1160, '1803112', '12', '0', 'CO5', 'A', '20'),
(1161, '1803113', '12', '0', 'CO1', 'A', '20'),
(1162, '1803113', '12', '0', 'CO2', 'A', '20'),
(1163, '1803113', '12', '0', 'CO3', 'A', '20'),
(1164, '1803113', '12', '0', 'CO4', 'A', '20'),
(1165, '1803113', '12', '0', 'CO5', 'A', '20'),
(1166, '1803114', '12', '0', 'CO1', 'A', '20'),
(1167, '1803114', '12', '0', 'CO2', 'A', '20'),
(1168, '1803114', '12', '0', 'CO3', 'A', '20'),
(1169, '1803114', '12', '0', 'CO4', 'A', '20'),
(1170, '1803114', '12', '0', 'CO5', 'A', '20'),
(1171, '1803115', '12', '0', 'CO1', 'A', '20'),
(1172, '1803115', '12', '0', 'CO2', 'A', '20'),
(1173, '1803115', '12', '0', 'CO3', 'A', '20'),
(1174, '1803115', '12', '0', 'CO4', 'A', '20'),
(1175, '1803115', '12', '0', 'CO5', 'A', '20'),
(1176, '1803116', '12', '0', 'CO1', 'A', '20'),
(1177, '1803116', '12', '0', 'CO2', 'A', '20'),
(1178, '1803116', '12', '0', 'CO3', 'A', '20'),
(1179, '1803116', '12', '0', 'CO4', 'A', '20'),
(1180, '1803116', '12', '0', 'CO5', 'A', '20'),
(1181, '1803117', '12', '0', 'CO1', 'A', '20'),
(1182, '1803117', '12', '0', 'CO2', 'A', '20'),
(1183, '1803117', '12', '0', 'CO3', 'A', '20'),
(1184, '1803117', '12', '0', 'CO4', 'A', '20'),
(1185, '1803117', '12', '0', 'CO5', 'A', '20'),
(1186, '1803118', '12', '0', 'CO1', 'A', '20'),
(1187, '1803118', '12', '0', 'CO2', 'A', '20'),
(1188, '1803118', '12', '0', 'CO3', 'A', '20'),
(1189, '1803118', '12', '0', 'CO4', 'A', '20'),
(1190, '1803118', '12', '0', 'CO5', 'A', '20'),
(1191, '1803119', '12', '0', 'CO1', 'A', '20'),
(1192, '1803119', '12', '0', 'CO2', 'A', '20'),
(1193, '1803119', '12', '0', 'CO3', 'A', '20'),
(1194, '1803119', '12', '0', 'CO4', 'A', '20'),
(1195, '1803119', '12', '0', 'CO5', 'A', '20'),
(1196, '1803120', '12', '0', 'CO1', 'A', '20'),
(1197, '1803120', '12', '0', 'CO2', 'A', '20'),
(1198, '1803120', '12', '0', 'CO3', 'A', '20'),
(1199, '1803120', '12', '0', 'CO4', 'A', '20'),
(1200, '1803120', '12', '0', 'CO5', 'A', '20'),
(1201, '1803061', '4', '0', 'CO1', 'A', '20'),
(1202, '1803061', '4', '0', 'CO2', 'A', '0'),
(1203, '1803061', '4', '0', 'CO3', 'A', '0'),
(1204, '1803061', '4', '0', 'CO4', 'A', '0'),
(1205, '1803061', '4', '0', 'CO5', 'A', '0'),
(1206, '1803062', '4', '0', 'CO1', 'A', '20'),
(1207, '1803062', '4', '0', 'CO2', 'A', '0'),
(1208, '1803062', '4', '0', 'CO3', 'A', '0'),
(1209, '1803062', '4', '0', 'CO4', 'A', '0'),
(1210, '1803062', '4', '0', 'CO5', 'A', '0'),
(1211, '1803063', '4', '0', 'CO1', '6', '20'),
(1212, '1803063', '4', '0', 'CO2', 'A', '0'),
(1213, '1803063', '4', '0', 'CO3', 'A', '0'),
(1214, '1803063', '4', '0', 'CO4', 'A', '0'),
(1215, '1803063', '4', '0', 'CO5', 'A', '0'),
(1216, '1803064', '4', '0', 'CO1', 'A', '20'),
(1217, '1803064', '4', '0', 'CO2', '0', '0'),
(1218, '1803064', '4', '0', 'CO3', '0', '0'),
(1219, '1803064', '4', '0', 'CO4', 'A', '0'),
(1220, '1803064', '4', '0', 'CO5', 'A', '0'),
(1221, '1803065', '4', '0', 'CO1', '6', '20'),
(1222, '1803065', '4', '0', 'CO2', 'A', '0'),
(1223, '1803065', '4', '0', 'CO3', 'A', '0'),
(1224, '1803065', '4', '0', 'CO4', 'A', '0'),
(1225, '1803065', '4', '0', 'CO5', 'A', '0'),
(1226, '1803066', '4', '0', 'CO1', 'A', '20'),
(1227, '1803066', '4', '0', 'CO2', 'A', '0'),
(1228, '1803066', '4', '0', 'CO3', 'A', '0'),
(1229, '1803066', '4', '0', 'CO4', 'A', '0'),
(1230, '1803066', '4', '0', 'CO5', 'A', '0'),
(1231, '1803067', '4', '0', 'CO1', 'A', '20'),
(1232, '1803067', '4', '0', 'CO2', 'A', '0'),
(1233, '1803067', '4', '0', 'CO3', 'A', '0'),
(1234, '1803067', '4', '0', 'CO4', 'A', '0'),
(1235, '1803067', '4', '0', 'CO5', 'A', '0'),
(1236, '1803068', '4', '0', 'CO1', 'A', '20'),
(1237, '1803068', '4', '0', 'CO2', 'A', '0'),
(1238, '1803068', '4', '0', 'CO3', 'A', '0'),
(1239, '1803068', '4', '0', 'CO4', 'A', '0'),
(1240, '1803068', '4', '0', 'CO5', 'A', '0'),
(1241, '1803069', '4', '0', 'CO1', 'A', '20'),
(1242, '1803069', '4', '0', 'CO2', 'A', '0'),
(1243, '1803069', '4', '0', 'CO3', 'A', '0'),
(1244, '1803069', '4', '0', 'CO4', 'A', '0'),
(1245, '1803069', '4', '0', 'CO5', 'A', '0'),
(1246, '1803070', '4', '0', 'CO1', 'A', '20'),
(1247, '1803070', '4', '0', 'CO2', 'A', '0'),
(1248, '1803070', '4', '0', 'CO3', 'A', '0'),
(1249, '1803070', '4', '0', 'CO4', 'A', '0'),
(1250, '1803070', '4', '0', 'CO5', 'A', '0'),
(1251, '1803071', '4', '0', 'CO1', '6', '20'),
(1252, '1803071', '4', '0', 'CO2', 'A', '0'),
(1253, '1803071', '4', '0', 'CO3', 'A', '0'),
(1254, '1803071', '4', '0', 'CO4', 'A', '0'),
(1255, '1803071', '4', '0', 'CO5', 'A', '0'),
(1256, '1803072', '4', '0', 'CO1', 'A', '20'),
(1257, '1803072', '4', '0', 'CO2', 'A', '0'),
(1258, '1803072', '4', '0', 'CO3', 'A', '0'),
(1259, '1803072', '4', '0', 'CO4', 'A', '0'),
(1260, '1803072', '4', '0', 'CO5', 'A', '0'),
(1261, '1803073', '4', '0', 'CO1', 'A', '20'),
(1262, '1803073', '4', '0', 'CO2', 'A', '0'),
(1263, '1803073', '4', '0', 'CO3', 'A', '0'),
(1264, '1803073', '4', '0', 'CO4', 'A', '0'),
(1265, '1803073', '4', '0', 'CO5', 'A', '0'),
(1266, '1803074', '4', '0', 'CO1', 'A', '20'),
(1267, '1803074', '4', '0', 'CO2', 'A', '0'),
(1268, '1803074', '4', '0', 'CO3', 'A', '0'),
(1269, '1803074', '4', '0', 'CO4', 'A', '0'),
(1270, '1803074', '4', '0', 'CO5', 'A', '0'),
(1271, '1803075', '4', '0', 'CO1', 'A', '20'),
(1272, '1803075', '4', '0', 'CO2', 'A', '0'),
(1273, '1803075', '4', '0', 'CO3', 'A', '0'),
(1274, '1803075', '4', '0', 'CO4', 'A', '0'),
(1275, '1803075', '4', '0', 'CO5', 'A', '0'),
(1276, '1803076', '4', '0', 'CO1', 'A', '20'),
(1277, '1803076', '4', '0', 'CO2', 'A', '0'),
(1278, '1803076', '4', '0', 'CO3', 'A', '0'),
(1279, '1803076', '4', '0', 'CO4', 'A', '0'),
(1280, '1803076', '4', '0', 'CO5', 'A', '0'),
(1281, '1803077', '4', '0', 'CO1', 'A', '20'),
(1282, '1803077', '4', '0', 'CO2', 'A', '0'),
(1283, '1803077', '4', '0', 'CO3', 'A', '0'),
(1284, '1803077', '4', '0', 'CO4', 'A', '0'),
(1285, '1803077', '4', '0', 'CO5', 'A', '0'),
(1286, '1803078', '4', '0', 'CO1', 'A', '20'),
(1287, '1803078', '4', '0', 'CO2', 'A', '0'),
(1288, '1803078', '4', '0', 'CO3', 'A', '0'),
(1289, '1803078', '4', '0', 'CO4', 'A', '0'),
(1290, '1803078', '4', '0', 'CO5', 'A', '0'),
(1291, '1803079', '4', '0', 'CO1', 'A', '20'),
(1292, '1803079', '4', '0', 'CO2', 'A', '0'),
(1293, '1803079', '4', '0', 'CO3', 'A', '0'),
(1294, '1803079', '4', '0', 'CO4', 'A', '0'),
(1295, '1803079', '4', '0', 'CO5', 'A', '0'),
(1296, '1803080', '4', '0', 'CO1', 'A', '20'),
(1297, '1803080', '4', '0', 'CO2', 'A', '0'),
(1298, '1803080', '4', '0', 'CO3', 'A', '0'),
(1299, '1803080', '4', '0', 'CO4', 'A', '0'),
(1300, '1803080', '4', '0', 'CO5', 'A', '0'),
(1301, '1803081', '4', '0', 'CO1', 'A', '20'),
(1302, '1803081', '4', '0', 'CO2', 'A', '0'),
(1303, '1803081', '4', '0', 'CO3', 'A', '0'),
(1304, '1803081', '4', '0', 'CO4', 'A', '0'),
(1305, '1803081', '4', '0', 'CO5', 'A', '0'),
(1306, '1803082', '4', '0', 'CO1', 'A', '20'),
(1307, '1803082', '4', '0', 'CO2', 'A', '0'),
(1308, '1803082', '4', '0', 'CO3', 'A', '0'),
(1309, '1803082', '4', '0', 'CO4', 'A', '0'),
(1310, '1803082', '4', '0', 'CO5', 'A', '0'),
(1311, '1803083', '4', '0', 'CO1', 'A', '20'),
(1312, '1803083', '4', '0', 'CO2', 'A', '0'),
(1313, '1803083', '4', '0', 'CO3', 'A', '0'),
(1314, '1803083', '4', '0', 'CO4', 'A', '0'),
(1315, '1803083', '4', '0', 'CO5', 'A', '0'),
(1316, '1803084', '4', '0', 'CO1', 'A', '20'),
(1317, '1803084', '4', '0', 'CO2', 'A', '0'),
(1318, '1803084', '4', '0', 'CO3', 'A', '0'),
(1319, '1803084', '4', '0', 'CO4', 'A', '0'),
(1320, '1803084', '4', '0', 'CO5', 'A', '0'),
(1321, '1803085', '4', '0', 'CO1', 'A', '20'),
(1322, '1803085', '4', '0', 'CO2', 'A', '0'),
(1323, '1803085', '4', '0', 'CO3', 'A', '0'),
(1324, '1803085', '4', '0', 'CO4', 'A', '0'),
(1325, '1803085', '4', '0', 'CO5', 'A', '0'),
(1326, '1803086', '4', '0', 'CO1', 'A', '20'),
(1327, '1803086', '4', '0', 'CO2', 'A', '0'),
(1328, '1803086', '4', '0', 'CO3', 'A', '0'),
(1329, '1803086', '4', '0', 'CO4', 'A', '0'),
(1330, '1803086', '4', '0', 'CO5', 'A', '0'),
(1331, '1803087', '4', '0', 'CO1', 'A', '20'),
(1332, '1803087', '4', '0', 'CO2', 'A', '0'),
(1333, '1803087', '4', '0', 'CO3', 'A', '0'),
(1334, '1803087', '4', '0', 'CO4', 'A', '0'),
(1335, '1803087', '4', '0', 'CO5', 'A', '0'),
(1336, '1803088', '4', '0', 'CO1', 'A', '20'),
(1337, '1803088', '4', '0', 'CO2', 'A', '0'),
(1338, '1803088', '4', '0', 'CO3', 'A', '0'),
(1339, '1803088', '4', '0', 'CO4', 'A', '0'),
(1340, '1803088', '4', '0', 'CO5', 'A', '0'),
(1341, '1803089', '4', '0', 'CO1', 'A', '20'),
(1342, '1803089', '4', '0', 'CO2', 'A', '0'),
(1343, '1803089', '4', '0', 'CO3', 'A', '0'),
(1344, '1803089', '4', '0', 'CO4', 'A', '0'),
(1345, '1803089', '4', '0', 'CO5', 'A', '0'),
(1346, '1803090', '4', '0', 'CO1', 'A', '20'),
(1347, '1803090', '4', '0', 'CO2', 'A', '0'),
(1348, '1803090', '4', '0', 'CO3', 'A', '0'),
(1349, '1803090', '4', '0', 'CO4', 'A', '0'),
(1350, '1803090', '4', '0', 'CO5', 'A', '0'),
(1351, '1803091', '4', '0', 'CO1', 'A', '20'),
(1352, '1803091', '4', '0', 'CO2', 'A', '0'),
(1353, '1803091', '4', '0', 'CO3', 'A', '0'),
(1354, '1803091', '4', '0', 'CO4', 'A', '0'),
(1355, '1803091', '4', '0', 'CO5', 'A', '0'),
(1356, '1803092', '4', '0', 'CO1', 'A', '20'),
(1357, '1803092', '4', '0', 'CO2', 'A', '0'),
(1358, '1803092', '4', '0', 'CO3', 'A', '0'),
(1359, '1803092', '4', '0', 'CO4', 'A', '0'),
(1360, '1803092', '4', '0', 'CO5', 'A', '0'),
(1361, '1803093', '4', '0', 'CO1', 'A', '20'),
(1362, '1803093', '4', '0', 'CO2', 'A', '0'),
(1363, '1803093', '4', '0', 'CO3', 'A', '0'),
(1364, '1803093', '4', '0', 'CO4', 'A', '0'),
(1365, '1803093', '4', '0', 'CO5', 'A', '0'),
(1366, '1803094', '4', '0', 'CO1', 'A', '20'),
(1367, '1803094', '4', '0', 'CO2', 'A', '0'),
(1368, '1803094', '4', '0', 'CO3', 'A', '0'),
(1369, '1803094', '4', '0', 'CO4', 'A', '0'),
(1370, '1803094', '4', '0', 'CO5', 'A', '0'),
(1371, '1803095', '4', '0', 'CO1', 'A', '20'),
(1372, '1803095', '4', '0', 'CO2', 'A', '0'),
(1373, '1803095', '4', '0', 'CO3', 'A', '0'),
(1374, '1803095', '4', '0', 'CO4', 'A', '0'),
(1375, '1803095', '4', '0', 'CO5', 'A', '0'),
(1376, '1803096', '4', '0', 'CO1', 'A', '20'),
(1377, '1803096', '4', '0', 'CO2', 'A', '0'),
(1378, '1803096', '4', '0', 'CO3', 'A', '0'),
(1379, '1803096', '4', '0', 'CO4', 'A', '0'),
(1380, '1803096', '4', '0', 'CO5', 'A', '0'),
(1381, '1803097', '4', '0', 'CO1', 'A', '20'),
(1382, '1803097', '4', '0', 'CO2', 'A', '0'),
(1383, '1803097', '4', '0', 'CO3', 'A', '0'),
(1384, '1803097', '4', '0', 'CO4', 'A', '0'),
(1385, '1803097', '4', '0', 'CO5', 'A', '0'),
(1386, '1803098', '4', '0', 'CO1', 'A', '20'),
(1387, '1803098', '4', '0', 'CO2', 'A', '0'),
(1388, '1803098', '4', '0', 'CO3', 'A', '0'),
(1389, '1803098', '4', '0', 'CO4', 'A', '0'),
(1390, '1803098', '4', '0', 'CO5', 'A', '0'),
(1391, '1803099', '4', '0', 'CO1', 'A', '20'),
(1392, '1803099', '4', '0', 'CO2', 'A', '0'),
(1393, '1803099', '4', '0', 'CO3', 'A', '0'),
(1394, '1803099', '4', '0', 'CO4', 'A', '0'),
(1395, '1803099', '4', '0', 'CO5', 'A', '0'),
(1396, '1803100', '4', '0', 'CO1', 'A', '20'),
(1397, '1803100', '4', '0', 'CO2', 'A', '0'),
(1398, '1803100', '4', '0', 'CO3', 'A', '0'),
(1399, '1803100', '4', '0', 'CO4', 'A', '0'),
(1400, '1803100', '4', '0', 'CO5', 'A', '0'),
(1401, '1803101', '4', '0', 'CO1', 'A', '20'),
(1402, '1803101', '4', '0', 'CO2', 'A', '0'),
(1403, '1803101', '4', '0', 'CO3', 'A', '0'),
(1404, '1803101', '4', '0', 'CO4', 'A', '0'),
(1405, '1803101', '4', '0', 'CO5', 'A', '0'),
(1406, '1803102', '4', '0', 'CO1', 'A', '20'),
(1407, '1803102', '4', '0', 'CO2', 'A', '0'),
(1408, '1803102', '4', '0', 'CO3', 'A', '0'),
(1409, '1803102', '4', '0', 'CO4', 'A', '0'),
(1410, '1803102', '4', '0', 'CO5', 'A', '0'),
(1411, '1803103', '4', '0', 'CO1', 'A', '20'),
(1412, '1803103', '4', '0', 'CO2', 'A', '0'),
(1413, '1803103', '4', '0', 'CO3', 'A', '0'),
(1414, '1803103', '4', '0', 'CO4', 'A', '0'),
(1415, '1803103', '4', '0', 'CO5', 'A', '0'),
(1416, '1803104', '4', '0', 'CO1', 'A', '20'),
(1417, '1803104', '4', '0', 'CO2', 'A', '0'),
(1418, '1803104', '4', '0', 'CO3', 'A', '0'),
(1419, '1803104', '4', '0', 'CO4', 'A', '0'),
(1420, '1803104', '4', '0', 'CO5', 'A', '0'),
(1421, '1803105', '4', '0', 'CO1', 'A', '20'),
(1422, '1803105', '4', '0', 'CO2', 'A', '0'),
(1423, '1803105', '4', '0', 'CO3', 'A', '0'),
(1424, '1803105', '4', '0', 'CO4', 'A', '0'),
(1425, '1803105', '4', '0', 'CO5', 'A', '0'),
(1426, '1803106', '4', '0', 'CO1', 'A', '20'),
(1427, '1803106', '4', '0', 'CO2', 'A', '0'),
(1428, '1803106', '4', '0', 'CO3', 'A', '0'),
(1429, '1803106', '4', '0', 'CO4', 'A', '0'),
(1430, '1803106', '4', '0', 'CO5', 'A', '0'),
(1431, '1803107', '4', '0', 'CO1', 'A', '20'),
(1432, '1803107', '4', '0', 'CO2', 'A', '0'),
(1433, '1803107', '4', '0', 'CO3', 'A', '0'),
(1434, '1803107', '4', '0', 'CO4', 'A', '0'),
(1435, '1803107', '4', '0', 'CO5', 'A', '0'),
(1436, '1803108', '4', '0', 'CO1', 'A', '20'),
(1437, '1803108', '4', '0', 'CO2', 'A', '0'),
(1438, '1803108', '4', '0', 'CO3', 'A', '0'),
(1439, '1803108', '4', '0', 'CO4', 'A', '0'),
(1440, '1803108', '4', '0', 'CO5', 'A', '0'),
(1441, '1803109', '4', '0', 'CO1', 'A', '20'),
(1442, '1803109', '4', '0', 'CO2', 'A', '0'),
(1443, '1803109', '4', '0', 'CO3', 'A', '0'),
(1444, '1803109', '4', '0', 'CO4', 'A', '0'),
(1445, '1803109', '4', '0', 'CO5', 'A', '0'),
(1446, '1803110', '4', '0', 'CO1', 'A', '20'),
(1447, '1803110', '4', '0', 'CO2', 'A', '0'),
(1448, '1803110', '4', '0', 'CO3', 'A', '0'),
(1449, '1803110', '4', '0', 'CO4', 'A', '0'),
(1450, '1803110', '4', '0', 'CO5', 'A', '0'),
(1451, '1803111', '4', '0', 'CO1', 'A', '20'),
(1452, '1803111', '4', '0', 'CO2', 'A', '0'),
(1453, '1803111', '4', '0', 'CO3', 'A', '0'),
(1454, '1803111', '4', '0', 'CO4', 'A', '0'),
(1455, '1803111', '4', '0', 'CO5', 'A', '0'),
(1456, '1803112', '4', '0', 'CO1', 'A', '20'),
(1457, '1803112', '4', '0', 'CO2', 'A', '0'),
(1458, '1803112', '4', '0', 'CO3', 'A', '0'),
(1459, '1803112', '4', '0', 'CO4', 'A', '0'),
(1460, '1803112', '4', '0', 'CO5', 'A', '0'),
(1461, '1803113', '4', '0', 'CO1', 'A', '20'),
(1462, '1803113', '4', '0', 'CO2', 'A', '0'),
(1463, '1803113', '4', '0', 'CO3', 'A', '0'),
(1464, '1803113', '4', '0', 'CO4', 'A', '0'),
(1465, '1803113', '4', '0', 'CO5', 'A', '0'),
(1466, '1803114', '4', '0', 'CO1', 'A', '20'),
(1467, '1803114', '4', '0', 'CO2', 'A', '0'),
(1468, '1803114', '4', '0', 'CO3', 'A', '0'),
(1469, '1803114', '4', '0', 'CO4', 'A', '0'),
(1470, '1803114', '4', '0', 'CO5', 'A', '0'),
(1471, '1803115', '4', '0', 'CO1', 'A', '20'),
(1472, '1803115', '4', '0', 'CO2', 'A', '0'),
(1473, '1803115', '4', '0', 'CO3', 'A', '0'),
(1474, '1803115', '4', '0', 'CO4', 'A', '0'),
(1475, '1803115', '4', '0', 'CO5', 'A', '0'),
(1476, '1803116', '4', '0', 'CO1', 'A', '20'),
(1477, '1803116', '4', '0', 'CO2', 'A', '0'),
(1478, '1803116', '4', '0', 'CO3', 'A', '0'),
(1479, '1803116', '4', '0', 'CO4', 'A', '0'),
(1480, '1803116', '4', '0', 'CO5', 'A', '0'),
(1481, '1803117', '4', '0', 'CO1', 'A', '20'),
(1482, '1803117', '4', '0', 'CO2', 'A', '0'),
(1483, '1803117', '4', '0', 'CO3', 'A', '0'),
(1484, '1803117', '4', '0', 'CO4', 'A', '0'),
(1485, '1803117', '4', '0', 'CO5', 'A', '0'),
(1486, '1803118', '4', '0', 'CO1', 'A', '20'),
(1487, '1803118', '4', '0', 'CO2', 'A', '0'),
(1488, '1803118', '4', '0', 'CO3', 'A', '0'),
(1489, '1803118', '4', '0', 'CO4', 'A', '0'),
(1490, '1803118', '4', '0', 'CO5', 'A', '0'),
(1491, '1803119', '4', '0', 'CO1', 'A', '20'),
(1492, '1803119', '4', '0', 'CO2', 'A', '0'),
(1493, '1803119', '4', '0', 'CO3', 'A', '0'),
(1494, '1803119', '4', '0', 'CO4', 'A', '0'),
(1495, '1803119', '4', '0', 'CO5', 'A', '0'),
(1496, '1803120', '4', '0', 'CO1', 'A', '20'),
(1497, '1803120', '4', '0', 'CO2', 'A', '0'),
(1498, '1803120', '4', '0', 'CO3', 'A', '0'),
(1499, '1803120', '4', '0', 'CO4', 'A', '0'),
(1500, '1803120', '4', '0', 'CO5', 'A', '0'),
(1501, '1803061', '30', '3', 'CO1', 'A', '9'),
(1502, '1803061', '30', '3', 'CO2', 'A', '7'),
(1503, '1803061', '30', '3', 'CO3', 'A', '8'),
(1504, '1803062', '30', '3', 'CO1', 'A', '9'),
(1505, '1803062', '30', '3', 'CO2', 'A', '7'),
(1506, '1803062', '30', '3', 'CO3', 'A', '8'),
(1507, '1803063', '30', '3', 'CO1', 'A', '9'),
(1508, '1803063', '30', '3', 'CO2', '5', '7'),
(1509, '1803063', '30', '3', 'CO3', '5', '8'),
(1510, '1803064', '30', '3', 'CO1', 'A', '9'),
(1511, '1803064', '30', '3', 'CO2', 'A', '7'),
(1512, '1803064', '30', '3', 'CO3', 'A', '8'),
(1513, '1803065', '30', '3', 'CO1', 'A', '9'),
(1514, '1803065', '30', '3', 'CO2', 'A', '7'),
(1515, '1803065', '30', '3', 'CO3', 'A', '8'),
(1516, '1803066', '30', '3', 'CO1', 'A', '9'),
(1517, '1803066', '30', '3', 'CO2', '3', '7'),
(1518, '1803066', '30', '3', 'CO3', 'A', '8'),
(1519, '1803067', '30', '3', 'CO1', '7', '9'),
(1520, '1803067', '30', '3', 'CO2', '7', '7'),
(1521, '1803067', '30', '3', 'CO3', '3', '8'),
(1522, '1803068', '30', '3', 'CO1', '3', '9'),
(1523, '1803068', '30', '3', 'CO2', 'A', '7'),
(1524, '1803068', '30', '3', 'CO3', 'A', '8'),
(1525, '1803069', '30', '3', 'CO1', 'A', '9'),
(1526, '1803069', '30', '3', 'CO2', 'A', '7'),
(1527, '1803069', '30', '3', 'CO3', 'A', '8'),
(1528, '1803070', '30', '3', 'CO1', 'A', '9'),
(1529, '1803070', '30', '3', 'CO2', '4', '7'),
(1530, '1803070', '30', '3', 'CO3', 'A', '8'),
(1531, '1803071', '30', '3', 'CO1', 'A', '9'),
(1532, '1803071', '30', '3', 'CO2', 'A', '7'),
(1533, '1803071', '30', '3', 'CO3', 'A', '8'),
(1534, '1803072', '30', '3', 'CO1', 'A', '9');
INSERT INTO `co` (`id`, `roll`, `cid`, `no`, `cono`, `mark`, `fullmark`) VALUES
(1535, '1803072', '30', '3', 'CO2', 'A', '7'),
(1536, '1803072', '30', '3', 'CO3', 'A', '8'),
(1537, '1803073', '30', '3', 'CO1', 'A', '9'),
(1538, '1803073', '30', '3', 'CO2', 'A', '7'),
(1539, '1803073', '30', '3', 'CO3', 'A', '8'),
(1540, '1803074', '30', '3', 'CO1', 'A', '9'),
(1541, '1803074', '30', '3', 'CO2', 'A', '7'),
(1542, '1803074', '30', '3', 'CO3', 'A', '8'),
(1543, '1803075', '30', '3', 'CO1', 'A', '9'),
(1544, '1803075', '30', '3', 'CO2', 'A', '7'),
(1545, '1803075', '30', '3', 'CO3', 'A', '8'),
(1546, '1803076', '30', '3', 'CO1', 'A', '9'),
(1547, '1803076', '30', '3', 'CO2', 'A', '7'),
(1548, '1803076', '30', '3', 'CO3', 'A', '8'),
(1549, '1803077', '30', '3', 'CO1', 'A', '9'),
(1550, '1803077', '30', '3', 'CO2', 'A', '7'),
(1551, '1803077', '30', '3', 'CO3', 'A', '8'),
(1552, '1803078', '30', '3', 'CO1', 'A', '9'),
(1553, '1803078', '30', '3', 'CO2', 'A', '7'),
(1554, '1803078', '30', '3', 'CO3', 'A', '8'),
(1555, '1803079', '30', '3', 'CO1', 'A', '9'),
(1556, '1803079', '30', '3', 'CO2', 'A', '7'),
(1557, '1803079', '30', '3', 'CO3', 'A', '8'),
(1558, '1803080', '30', '3', 'CO1', 'A', '9'),
(1559, '1803080', '30', '3', 'CO2', 'A', '7'),
(1560, '1803080', '30', '3', 'CO3', 'A', '8'),
(1561, '1803081', '30', '3', 'CO1', 'A', '9'),
(1562, '1803081', '30', '3', 'CO2', 'A', '7'),
(1563, '1803081', '30', '3', 'CO3', 'A', '8'),
(1564, '1803082', '30', '3', 'CO1', 'A', '9'),
(1565, '1803082', '30', '3', 'CO2', 'A', '7'),
(1566, '1803082', '30', '3', 'CO3', 'A', '8'),
(1567, '1803083', '30', '3', 'CO1', 'A', '9'),
(1568, '1803083', '30', '3', 'CO2', 'A', '7'),
(1569, '1803083', '30', '3', 'CO3', 'A', '8'),
(1570, '1803084', '30', '3', 'CO1', 'A', '9'),
(1571, '1803084', '30', '3', 'CO2', 'A', '7'),
(1572, '1803084', '30', '3', 'CO3', 'A', '8'),
(1573, '1803085', '30', '3', 'CO1', 'A', '9'),
(1574, '1803085', '30', '3', 'CO2', 'A', '7'),
(1575, '1803085', '30', '3', 'CO3', 'A', '8'),
(1576, '1803086', '30', '3', 'CO1', 'A', '9'),
(1577, '1803086', '30', '3', 'CO2', 'A', '7'),
(1578, '1803086', '30', '3', 'CO3', 'A', '8'),
(1579, '1803087', '30', '3', 'CO1', 'A', '9'),
(1580, '1803087', '30', '3', 'CO2', 'A', '7'),
(1581, '1803087', '30', '3', 'CO3', 'A', '8'),
(1582, '1803088', '30', '3', 'CO1', 'A', '9'),
(1583, '1803088', '30', '3', 'CO2', 'A', '7'),
(1584, '1803088', '30', '3', 'CO3', 'A', '8'),
(1585, '1803089', '30', '3', 'CO1', 'A', '9'),
(1586, '1803089', '30', '3', 'CO2', 'A', '7'),
(1587, '1803089', '30', '3', 'CO3', 'A', '8'),
(1588, '1803090', '30', '3', 'CO1', 'A', '9'),
(1589, '1803090', '30', '3', 'CO2', 'A', '7'),
(1590, '1803090', '30', '3', 'CO3', 'A', '8'),
(1591, '1803091', '30', '3', 'CO1', 'A', '9'),
(1592, '1803091', '30', '3', 'CO2', 'A', '7'),
(1593, '1803091', '30', '3', 'CO3', 'A', '8'),
(1594, '1803092', '30', '3', 'CO1', 'A', '9'),
(1595, '1803092', '30', '3', 'CO2', 'A', '7'),
(1596, '1803092', '30', '3', 'CO3', 'A', '8'),
(1597, '1803093', '30', '3', 'CO1', 'A', '9'),
(1598, '1803093', '30', '3', 'CO2', 'A', '7'),
(1599, '1803093', '30', '3', 'CO3', 'A', '8'),
(1600, '1803094', '30', '3', 'CO1', 'A', '9'),
(1601, '1803094', '30', '3', 'CO2', 'A', '7'),
(1602, '1803094', '30', '3', 'CO3', 'A', '8'),
(1603, '1803095', '30', '3', 'CO1', 'A', '9'),
(1604, '1803095', '30', '3', 'CO2', 'A', '7'),
(1605, '1803095', '30', '3', 'CO3', 'A', '8'),
(1606, '1803096', '30', '3', 'CO1', 'A', '9'),
(1607, '1803096', '30', '3', 'CO2', 'A', '7'),
(1608, '1803096', '30', '3', 'CO3', 'A', '8'),
(1609, '1803097', '30', '3', 'CO1', 'A', '9'),
(1610, '1803097', '30', '3', 'CO2', 'A', '7'),
(1611, '1803097', '30', '3', 'CO3', 'A', '8'),
(1612, '1803098', '30', '3', 'CO1', 'A', '9'),
(1613, '1803098', '30', '3', 'CO2', 'A', '7'),
(1614, '1803098', '30', '3', 'CO3', 'A', '8'),
(1615, '1803099', '30', '3', 'CO1', 'A', '9'),
(1616, '1803099', '30', '3', 'CO2', 'A', '7'),
(1617, '1803099', '30', '3', 'CO3', 'A', '8'),
(1618, '1803100', '30', '3', 'CO1', 'A', '9'),
(1619, '1803100', '30', '3', 'CO2', 'A', '7'),
(1620, '1803100', '30', '3', 'CO3', 'A', '8'),
(1621, '1803101', '30', '3', 'CO1', 'A', '9'),
(1622, '1803101', '30', '3', 'CO2', '4', '7'),
(1623, '1803101', '30', '3', 'CO3', 'A', '8'),
(1624, '1803102', '30', '3', 'CO1', 'A', '9'),
(1625, '1803102', '30', '3', 'CO2', 'A', '7'),
(1626, '1803102', '30', '3', 'CO3', 'A', '8'),
(1627, '1803103', '30', '3', 'CO1', 'A', '9'),
(1628, '1803103', '30', '3', 'CO2', 'A', '7'),
(1629, '1803103', '30', '3', 'CO3', 'A', '8'),
(1630, '1803104', '30', '3', 'CO1', 'A', '9'),
(1631, '1803104', '30', '3', 'CO2', 'A', '7'),
(1632, '1803104', '30', '3', 'CO3', 'A', '8'),
(1633, '1803105', '30', '3', 'CO1', 'A', '9'),
(1634, '1803105', '30', '3', 'CO2', 'A', '7'),
(1635, '1803105', '30', '3', 'CO3', 'A', '8'),
(1636, '1803106', '30', '3', 'CO1', 'A', '9'),
(1637, '1803106', '30', '3', 'CO2', 'A', '7'),
(1638, '1803106', '30', '3', 'CO3', 'A', '8'),
(1639, '1803107', '30', '3', 'CO1', 'A', '9'),
(1640, '1803107', '30', '3', 'CO2', 'A', '7'),
(1641, '1803107', '30', '3', 'CO3', 'A', '8'),
(1642, '1803108', '30', '3', 'CO1', 'A', '9'),
(1643, '1803108', '30', '3', 'CO2', 'A', '7'),
(1644, '1803108', '30', '3', 'CO3', 'A', '8'),
(1645, '1803109', '30', '3', 'CO1', 'A', '9'),
(1646, '1803109', '30', '3', 'CO2', 'A', '7'),
(1647, '1803109', '30', '3', 'CO3', 'A', '8'),
(1648, '1803110', '30', '3', 'CO1', 'A', '9'),
(1649, '1803110', '30', '3', 'CO2', 'A', '7'),
(1650, '1803110', '30', '3', 'CO3', 'A', '8'),
(1651, '1803111', '30', '3', 'CO1', 'A', '9'),
(1652, '1803111', '30', '3', 'CO2', 'A', '7'),
(1653, '1803111', '30', '3', 'CO3', 'A', '8'),
(1654, '1803112', '30', '3', 'CO1', 'A', '9'),
(1655, '1803112', '30', '3', 'CO2', 'A', '7'),
(1656, '1803112', '30', '3', 'CO3', 'A', '8'),
(1657, '1803113', '30', '3', 'CO1', 'A', '9'),
(1658, '1803113', '30', '3', 'CO2', 'A', '7'),
(1659, '1803113', '30', '3', 'CO3', 'A', '8'),
(1660, '1803114', '30', '3', 'CO1', 'A', '9'),
(1661, '1803114', '30', '3', 'CO2', '1', '7'),
(1662, '1803114', '30', '3', 'CO3', 'A', '8'),
(1663, '1803115', '30', '3', 'CO1', 'A', '9'),
(1664, '1803115', '30', '3', 'CO2', 'A', '7'),
(1665, '1803115', '30', '3', 'CO3', 'A', '8'),
(1666, '1803116', '30', '3', 'CO1', 'A', '9'),
(1667, '1803116', '30', '3', 'CO2', 'A', '7'),
(1668, '1803116', '30', '3', 'CO3', 'A', '8'),
(1669, '1803117', '30', '3', 'CO1', 'A', '9'),
(1670, '1803117', '30', '3', 'CO2', 'A', '7'),
(1671, '1803117', '30', '3', 'CO3', 'A', '8'),
(1672, '1803118', '30', '3', 'CO1', 'A', '9'),
(1673, '1803118', '30', '3', 'CO2', 'A', '7'),
(1674, '1803118', '30', '3', 'CO3', 'A', '8'),
(1675, '1803119', '30', '3', 'CO1', 'A', '9'),
(1676, '1803119', '30', '3', 'CO2', 'A', '7'),
(1677, '1803119', '30', '3', 'CO3', 'A', '8'),
(1678, '1803120', '30', '3', 'CO1', 'A', '9'),
(1679, '1803120', '30', '3', 'CO2', 'A', '7'),
(1680, '1803120', '30', '3', 'CO3', 'A', '8'),
(1681, '1803061', '30', '6', 'CO1', '5', '6'),
(1682, '1803061', '30', '6', 'CO2', 'A', '5'),
(1683, '1803061', '30', '6', 'CO3', 'A', '6'),
(1684, '1803062', '30', '6', 'CO1', 'A', '6'),
(1685, '1803062', '30', '6', 'CO2', '5', '5'),
(1686, '1803062', '30', '6', 'CO3', 'A', '6'),
(1687, '1803063', '30', '6', 'CO1', 'A', '6'),
(1688, '1803063', '30', '6', 'CO2', 'A', '5'),
(1689, '1803063', '30', '6', 'CO3', '6', '6'),
(1690, '1803064', '30', '6', 'CO1', 'A', '6'),
(1691, '1803064', '30', '6', 'CO2', 'A', '5'),
(1692, '1803064', '30', '6', 'CO3', 'A', '6'),
(1693, '1803065', '30', '6', 'CO1', '6', '6'),
(1694, '1803065', '30', '6', 'CO2', '4', '5'),
(1695, '1803065', '30', '6', 'CO3', 'A', '6'),
(1696, '1803066', '30', '6', 'CO1', 'A', '6'),
(1697, '1803066', '30', '6', 'CO2', 'A', '5'),
(1698, '1803066', '30', '6', 'CO3', '6', '6'),
(1699, '1803067', '30', '6', 'CO1', 'A', '6'),
(1700, '1803067', '30', '6', 'CO2', 'A', '5'),
(1701, '1803067', '30', '6', 'CO3', 'A', '6'),
(1702, '1803068', '30', '6', 'CO1', 'A', '6'),
(1703, '1803068', '30', '6', 'CO2', 'A', '5'),
(1704, '1803068', '30', '6', 'CO3', 'A', '6'),
(1705, '1803069', '30', '6', 'CO1', 'A', '6'),
(1706, '1803069', '30', '6', 'CO2', 'A', '5'),
(1707, '1803069', '30', '6', 'CO3', 'A', '6'),
(1708, '1803070', '30', '6', 'CO1', '4', '6'),
(1709, '1803070', '30', '6', 'CO2', 'A', '5'),
(1710, '1803070', '30', '6', 'CO3', 'A', '6'),
(1711, '1803071', '30', '6', 'CO1', 'A', '6'),
(1712, '1803071', '30', '6', 'CO2', 'A', '5'),
(1713, '1803071', '30', '6', 'CO3', 'A', '6'),
(1714, '1803072', '30', '6', 'CO1', 'A', '6'),
(1715, '1803072', '30', '6', 'CO2', 'A', '5'),
(1716, '1803072', '30', '6', 'CO3', 'A', '6'),
(1717, '1803073', '30', '6', 'CO1', 'A', '6'),
(1718, '1803073', '30', '6', 'CO2', 'A', '5'),
(1719, '1803073', '30', '6', 'CO3', 'A', '6'),
(1720, '1803074', '30', '6', 'CO1', 'A', '6'),
(1721, '1803074', '30', '6', 'CO2', 'A', '5'),
(1722, '1803074', '30', '6', 'CO3', 'A', '6'),
(1723, '1803075', '30', '6', 'CO1', 'A', '6'),
(1724, '1803075', '30', '6', 'CO2', 'A', '5'),
(1725, '1803075', '30', '6', 'CO3', 'A', '6'),
(1726, '1803076', '30', '6', 'CO1', 'A', '6'),
(1727, '1803076', '30', '6', 'CO2', 'A', '5'),
(1728, '1803076', '30', '6', 'CO3', 'A', '6'),
(1729, '1803077', '30', '6', 'CO1', 'A', '6'),
(1730, '1803077', '30', '6', 'CO2', '5', '5'),
(1731, '1803077', '30', '6', 'CO3', 'A', '6'),
(1732, '1803078', '30', '6', 'CO1', 'A', '6'),
(1733, '1803078', '30', '6', 'CO2', 'A', '5'),
(1734, '1803078', '30', '6', 'CO3', 'A', '6'),
(1735, '1803079', '30', '6', 'CO1', 'A', '6'),
(1736, '1803079', '30', '6', 'CO2', 'A', '5'),
(1737, '1803079', '30', '6', 'CO3', 'A', '6'),
(1738, '1803080', '30', '6', 'CO1', 'A', '6'),
(1739, '1803080', '30', '6', 'CO2', 'A', '5'),
(1740, '1803080', '30', '6', 'CO3', 'A', '6'),
(1741, '1803081', '30', '6', 'CO1', 'A', '6'),
(1742, '1803081', '30', '6', 'CO2', 'A', '5'),
(1743, '1803081', '30', '6', 'CO3', 'A', '6'),
(1744, '1803082', '30', '6', 'CO1', 'A', '6'),
(1745, '1803082', '30', '6', 'CO2', 'A', '5'),
(1746, '1803082', '30', '6', 'CO3', 'A', '6'),
(1747, '1803083', '30', '6', 'CO1', 'A', '6'),
(1748, '1803083', '30', '6', 'CO2', 'A', '5'),
(1749, '1803083', '30', '6', 'CO3', 'A', '6'),
(1750, '1803084', '30', '6', 'CO1', 'A', '6'),
(1751, '1803084', '30', '6', 'CO2', 'A', '5'),
(1752, '1803084', '30', '6', 'CO3', 'A', '6'),
(1753, '1803085', '30', '6', 'CO1', 'A', '6'),
(1754, '1803085', '30', '6', 'CO2', 'A', '5'),
(1755, '1803085', '30', '6', 'CO3', 'A', '6'),
(1756, '1803086', '30', '6', 'CO1', 'A', '6'),
(1757, '1803086', '30', '6', 'CO2', 'A', '5'),
(1758, '1803086', '30', '6', 'CO3', 'A', '6'),
(1759, '1803087', '30', '6', 'CO1', 'A', '6'),
(1760, '1803087', '30', '6', 'CO2', 'A', '5'),
(1761, '1803087', '30', '6', 'CO3', 'A', '6'),
(1762, '1803088', '30', '6', 'CO1', 'A', '6'),
(1763, '1803088', '30', '6', 'CO2', 'A', '5'),
(1764, '1803088', '30', '6', 'CO3', 'A', '6'),
(1765, '1803089', '30', '6', 'CO1', 'A', '6'),
(1766, '1803089', '30', '6', 'CO2', 'A', '5'),
(1767, '1803089', '30', '6', 'CO3', 'A', '6'),
(1768, '1803090', '30', '6', 'CO1', 'A', '6'),
(1769, '1803090', '30', '6', 'CO2', 'A', '5'),
(1770, '1803090', '30', '6', 'CO3', 'A', '6'),
(1771, '1803091', '30', '6', 'CO1', 'A', '6'),
(1772, '1803091', '30', '6', 'CO2', 'A', '5'),
(1773, '1803091', '30', '6', 'CO3', 'A', '6'),
(1774, '1803092', '30', '6', 'CO1', 'A', '6'),
(1775, '1803092', '30', '6', 'CO2', 'A', '5'),
(1776, '1803092', '30', '6', 'CO3', 'A', '6'),
(1777, '1803093', '30', '6', 'CO1', 'A', '6'),
(1778, '1803093', '30', '6', 'CO2', 'A', '5'),
(1779, '1803093', '30', '6', 'CO3', 'A', '6'),
(1780, '1803094', '30', '6', 'CO1', 'A', '6'),
(1781, '1803094', '30', '6', 'CO2', 'A', '5'),
(1782, '1803094', '30', '6', 'CO3', 'A', '6'),
(1783, '1803095', '30', '6', 'CO1', 'A', '6'),
(1784, '1803095', '30', '6', 'CO2', 'A', '5'),
(1785, '1803095', '30', '6', 'CO3', 'A', '6'),
(1786, '1803096', '30', '6', 'CO1', 'A', '6'),
(1787, '1803096', '30', '6', 'CO2', 'A', '5'),
(1788, '1803096', '30', '6', 'CO3', 'A', '6'),
(1789, '1803097', '30', '6', 'CO1', 'A', '6'),
(1790, '1803097', '30', '6', 'CO2', 'A', '5'),
(1791, '1803097', '30', '6', 'CO3', 'A', '6'),
(1792, '1803098', '30', '6', 'CO1', 'A', '6'),
(1793, '1803098', '30', '6', 'CO2', 'A', '5'),
(1794, '1803098', '30', '6', 'CO3', 'A', '6'),
(1795, '1803099', '30', '6', 'CO1', 'A', '6'),
(1796, '1803099', '30', '6', 'CO2', 'A', '5'),
(1797, '1803099', '30', '6', 'CO3', 'A', '6'),
(1798, '1803100', '30', '6', 'CO1', 'A', '6'),
(1799, '1803100', '30', '6', 'CO2', 'A', '5'),
(1800, '1803100', '30', '6', 'CO3', 'A', '6'),
(1801, '1803101', '30', '6', 'CO1', 'A', '6'),
(1802, '1803101', '30', '6', 'CO2', 'A', '5'),
(1803, '1803101', '30', '6', 'CO3', 'A', '6'),
(1804, '1803102', '30', '6', 'CO1', 'A', '6'),
(1805, '1803102', '30', '6', 'CO2', 'A', '5'),
(1806, '1803102', '30', '6', 'CO3', 'A', '6'),
(1807, '1803103', '30', '6', 'CO1', 'A', '6'),
(1808, '1803103', '30', '6', 'CO2', 'A', '5'),
(1809, '1803103', '30', '6', 'CO3', 'A', '6'),
(1810, '1803104', '30', '6', 'CO1', 'A', '6'),
(1811, '1803104', '30', '6', 'CO2', 'A', '5'),
(1812, '1803104', '30', '6', 'CO3', 'A', '6'),
(1813, '1803105', '30', '6', 'CO1', 'A', '6'),
(1814, '1803105', '30', '6', 'CO2', 'A', '5'),
(1815, '1803105', '30', '6', 'CO3', 'A', '6'),
(1816, '1803106', '30', '6', 'CO1', 'A', '6'),
(1817, '1803106', '30', '6', 'CO2', 'A', '5'),
(1818, '1803106', '30', '6', 'CO3', 'A', '6'),
(1819, '1803107', '30', '6', 'CO1', 'A', '6'),
(1820, '1803107', '30', '6', 'CO2', 'A', '5'),
(1821, '1803107', '30', '6', 'CO3', 'A', '6'),
(1822, '1803108', '30', '6', 'CO1', 'A', '6'),
(1823, '1803108', '30', '6', 'CO2', 'A', '5'),
(1824, '1803108', '30', '6', 'CO3', 'A', '6'),
(1825, '1803109', '30', '6', 'CO1', 'A', '6'),
(1826, '1803109', '30', '6', 'CO2', 'A', '5'),
(1827, '1803109', '30', '6', 'CO3', 'A', '6'),
(1828, '1803110', '30', '6', 'CO1', 'A', '6'),
(1829, '1803110', '30', '6', 'CO2', 'A', '5'),
(1830, '1803110', '30', '6', 'CO3', 'A', '6'),
(1831, '1803111', '30', '6', 'CO1', 'A', '6'),
(1832, '1803111', '30', '6', 'CO2', 'A', '5'),
(1833, '1803111', '30', '6', 'CO3', 'A', '6'),
(1834, '1803112', '30', '6', 'CO1', 'A', '6'),
(1835, '1803112', '30', '6', 'CO2', 'A', '5'),
(1836, '1803112', '30', '6', 'CO3', 'A', '6'),
(1837, '1803113', '30', '6', 'CO1', 'A', '6'),
(1838, '1803113', '30', '6', 'CO2', 'A', '5'),
(1839, '1803113', '30', '6', 'CO3', 'A', '6'),
(1840, '1803114', '30', '6', 'CO1', 'A', '6'),
(1841, '1803114', '30', '6', 'CO2', 'A', '5'),
(1842, '1803114', '30', '6', 'CO3', 'A', '6'),
(1843, '1803115', '30', '6', 'CO1', 'A', '6'),
(1844, '1803115', '30', '6', 'CO2', 'A', '5'),
(1845, '1803115', '30', '6', 'CO3', 'A', '6'),
(1846, '1803116', '30', '6', 'CO1', 'A', '6'),
(1847, '1803116', '30', '6', 'CO2', 'A', '5'),
(1848, '1803116', '30', '6', 'CO3', 'A', '6'),
(1849, '1803117', '30', '6', 'CO1', 'A', '6'),
(1850, '1803117', '30', '6', 'CO2', 'A', '5'),
(1851, '1803117', '30', '6', 'CO3', 'A', '6'),
(1852, '1803118', '30', '6', 'CO1', 'A', '6'),
(1853, '1803118', '30', '6', 'CO2', 'A', '5'),
(1854, '1803118', '30', '6', 'CO3', 'A', '6'),
(1855, '1803119', '30', '6', 'CO1', 'A', '6'),
(1856, '1803119', '30', '6', 'CO2', 'A', '5'),
(1857, '1803119', '30', '6', 'CO3', 'A', '6'),
(1858, '1803120', '30', '6', 'CO1', 'A', '6'),
(1859, '1803120', '30', '6', 'CO2', 'A', '5'),
(1860, '1803120', '30', '6', 'CO3', 'A', '6'),
(1861, '1803061', '30', '5', 'CO1', 'A', '6'),
(1862, '1803061', '30', '5', 'CO2', 'A', '5'),
(1863, '1803061', '30', '5', 'CO3', 'A', '6'),
(1864, '1803062', '30', '5', 'CO1', 'A', '6'),
(1865, '1803062', '30', '5', 'CO2', 'A', '5'),
(1866, '1803062', '30', '5', 'CO3', '3', '6'),
(1867, '1803063', '30', '5', 'CO1', '6', '6'),
(1868, '1803063', '30', '5', 'CO2', 'A', '5'),
(1869, '1803063', '30', '5', 'CO3', 'A', '6'),
(1870, '1803064', '30', '5', 'CO1', 'A', '6'),
(1871, '1803064', '30', '5', 'CO2', 'A', '5'),
(1872, '1803064', '30', '5', 'CO3', 'A', '6'),
(1873, '1803065', '30', '5', 'CO1', 'A', '6'),
(1874, '1803065', '30', '5', 'CO2', '5', '5'),
(1875, '1803065', '30', '5', 'CO3', 'A', '6'),
(1876, '1803066', '30', '5', 'CO1', 'A', '6'),
(1877, '1803066', '30', '5', 'CO2', 'A', '5'),
(1878, '1803066', '30', '5', 'CO3', '6', '6'),
(1879, '1803067', '30', '5', 'CO1', '6', '6'),
(1880, '1803067', '30', '5', 'CO2', 'A', '5'),
(1881, '1803067', '30', '5', 'CO3', 'A', '6'),
(1882, '1803068', '30', '5', 'CO1', 'A', '6'),
(1883, '1803068', '30', '5', 'CO2', 'A', '5'),
(1884, '1803068', '30', '5', 'CO3', 'A', '6'),
(1885, '1803069', '30', '5', 'CO1', 'A', '6'),
(1886, '1803069', '30', '5', 'CO2', 'A', '5'),
(1887, '1803069', '30', '5', 'CO3', 'A', '6'),
(1888, '1803070', '30', '5', 'CO1', 'A', '6'),
(1889, '1803070', '30', '5', 'CO2', 'A', '5'),
(1890, '1803070', '30', '5', 'CO3', 'A', '6'),
(1891, '1803071', '30', '5', 'CO1', 'A', '6'),
(1892, '1803071', '30', '5', 'CO2', 'A', '5'),
(1893, '1803071', '30', '5', 'CO3', 'A', '6'),
(1894, '1803072', '30', '5', 'CO1', 'A', '6'),
(1895, '1803072', '30', '5', 'CO2', 'A', '5'),
(1896, '1803072', '30', '5', 'CO3', 'A', '6'),
(1897, '1803073', '30', '5', 'CO1', 'A', '6'),
(1898, '1803073', '30', '5', 'CO2', 'A', '5'),
(1899, '1803073', '30', '5', 'CO3', 'A', '6'),
(1900, '1803074', '30', '5', 'CO1', 'A', '6'),
(1901, '1803074', '30', '5', 'CO2', 'A', '5'),
(1902, '1803074', '30', '5', 'CO3', 'A', '6'),
(1903, '1803075', '30', '5', 'CO1', 'A', '6'),
(1904, '1803075', '30', '5', 'CO2', 'A', '5'),
(1905, '1803075', '30', '5', 'CO3', 'A', '6'),
(1906, '1803076', '30', '5', 'CO1', 'A', '6'),
(1907, '1803076', '30', '5', 'CO2', 'A', '5'),
(1908, '1803076', '30', '5', 'CO3', 'A', '6'),
(1909, '1803077', '30', '5', 'CO1', 'A', '6'),
(1910, '1803077', '30', '5', 'CO2', 'A', '5'),
(1911, '1803077', '30', '5', 'CO3', 'A', '6'),
(1912, '1803078', '30', '5', 'CO1', 'A', '6'),
(1913, '1803078', '30', '5', 'CO2', 'A', '5'),
(1914, '1803078', '30', '5', 'CO3', 'A', '6'),
(1915, '1803079', '30', '5', 'CO1', 'A', '6'),
(1916, '1803079', '30', '5', 'CO2', 'A', '5'),
(1917, '1803079', '30', '5', 'CO3', 'A', '6'),
(1918, '1803080', '30', '5', 'CO1', 'A', '6'),
(1919, '1803080', '30', '5', 'CO2', 'A', '5'),
(1920, '1803080', '30', '5', 'CO3', 'A', '6'),
(1921, '1803081', '30', '5', 'CO1', 'A', '6'),
(1922, '1803081', '30', '5', 'CO2', 'A', '5'),
(1923, '1803081', '30', '5', 'CO3', 'A', '6'),
(1924, '1803082', '30', '5', 'CO1', 'A', '6'),
(1925, '1803082', '30', '5', 'CO2', 'A', '5'),
(1926, '1803082', '30', '5', 'CO3', 'A', '6'),
(1927, '1803083', '30', '5', 'CO1', 'A', '6'),
(1928, '1803083', '30', '5', 'CO2', 'A', '5'),
(1929, '1803083', '30', '5', 'CO3', 'A', '6'),
(1930, '1803084', '30', '5', 'CO1', 'A', '6'),
(1931, '1803084', '30', '5', 'CO2', 'A', '5'),
(1932, '1803084', '30', '5', 'CO3', 'A', '6'),
(1933, '1803085', '30', '5', 'CO1', '6', '6'),
(1934, '1803085', '30', '5', 'CO2', 'A', '5'),
(1935, '1803085', '30', '5', 'CO3', 'A', '6'),
(1936, '1803086', '30', '5', 'CO1', '6', '6'),
(1937, '1803086', '30', '5', 'CO2', 'A', '5'),
(1938, '1803086', '30', '5', 'CO3', 'A', '6'),
(1939, '1803087', '30', '5', 'CO1', 'A', '6'),
(1940, '1803087', '30', '5', 'CO2', 'A', '5'),
(1941, '1803087', '30', '5', 'CO3', 'A', '6'),
(1942, '1803088', '30', '5', 'CO1', 'A', '6'),
(1943, '1803088', '30', '5', 'CO2', 'A', '5'),
(1944, '1803088', '30', '5', 'CO3', 'A', '6'),
(1945, '1803089', '30', '5', 'CO1', 'A', '6'),
(1946, '1803089', '30', '5', 'CO2', 'A', '5'),
(1947, '1803089', '30', '5', 'CO3', 'A', '6'),
(1948, '1803090', '30', '5', 'CO1', 'A', '6'),
(1949, '1803090', '30', '5', 'CO2', 'A', '5'),
(1950, '1803090', '30', '5', 'CO3', 'A', '6'),
(1951, '1803091', '30', '5', 'CO1', 'A', '6'),
(1952, '1803091', '30', '5', 'CO2', 'A', '5'),
(1953, '1803091', '30', '5', 'CO3', 'A', '6'),
(1954, '1803092', '30', '5', 'CO1', 'A', '6'),
(1955, '1803092', '30', '5', 'CO2', 'A', '5'),
(1956, '1803092', '30', '5', 'CO3', 'A', '6'),
(1957, '1803093', '30', '5', 'CO1', 'A', '6'),
(1958, '1803093', '30', '5', 'CO2', 'A', '5'),
(1959, '1803093', '30', '5', 'CO3', 'A', '6'),
(1960, '1803094', '30', '5', 'CO1', 'A', '6'),
(1961, '1803094', '30', '5', 'CO2', 'A', '5'),
(1962, '1803094', '30', '5', 'CO3', 'A', '6'),
(1963, '1803095', '30', '5', 'CO1', 'A', '6'),
(1964, '1803095', '30', '5', 'CO2', 'A', '5'),
(1965, '1803095', '30', '5', 'CO3', 'A', '6'),
(1966, '1803096', '30', '5', 'CO1', 'A', '6'),
(1967, '1803096', '30', '5', 'CO2', 'A', '5'),
(1968, '1803096', '30', '5', 'CO3', 'A', '6'),
(1969, '1803097', '30', '5', 'CO1', 'A', '6'),
(1970, '1803097', '30', '5', 'CO2', 'A', '5'),
(1971, '1803097', '30', '5', 'CO3', 'A', '6'),
(1972, '1803098', '30', '5', 'CO1', 'A', '6'),
(1973, '1803098', '30', '5', 'CO2', 'A', '5'),
(1974, '1803098', '30', '5', 'CO3', 'A', '6'),
(1975, '1803099', '30', '5', 'CO1', 'A', '6'),
(1976, '1803099', '30', '5', 'CO2', 'A', '5'),
(1977, '1803099', '30', '5', 'CO3', 'A', '6'),
(1978, '1803100', '30', '5', 'CO1', 'A', '6'),
(1979, '1803100', '30', '5', 'CO2', 'A', '5'),
(1980, '1803100', '30', '5', 'CO3', 'A', '6'),
(1981, '1803101', '30', '5', 'CO1', 'A', '6'),
(1982, '1803101', '30', '5', 'CO2', 'A', '5'),
(1983, '1803101', '30', '5', 'CO3', 'A', '6'),
(1984, '1803102', '30', '5', 'CO1', 'A', '6'),
(1985, '1803102', '30', '5', 'CO2', 'A', '5'),
(1986, '1803102', '30', '5', 'CO3', 'A', '6'),
(1987, '1803103', '30', '5', 'CO1', 'A', '6'),
(1988, '1803103', '30', '5', 'CO2', 'A', '5'),
(1989, '1803103', '30', '5', 'CO3', 'A', '6'),
(1990, '1803104', '30', '5', 'CO1', 'A', '6'),
(1991, '1803104', '30', '5', 'CO2', 'A', '5'),
(1992, '1803104', '30', '5', 'CO3', 'A', '6'),
(1993, '1803105', '30', '5', 'CO1', 'A', '6'),
(1994, '1803105', '30', '5', 'CO2', 'A', '5'),
(1995, '1803105', '30', '5', 'CO3', 'A', '6'),
(1996, '1803106', '30', '5', 'CO1', 'A', '6'),
(1997, '1803106', '30', '5', 'CO2', 'A', '5'),
(1998, '1803106', '30', '5', 'CO3', 'A', '6'),
(1999, '1803107', '30', '5', 'CO1', 'A', '6'),
(2000, '1803107', '30', '5', 'CO2', 'A', '5'),
(2001, '1803107', '30', '5', 'CO3', 'A', '6'),
(2002, '1803108', '30', '5', 'CO1', 'A', '6'),
(2003, '1803108', '30', '5', 'CO2', 'A', '5'),
(2004, '1803108', '30', '5', 'CO3', 'A', '6'),
(2005, '1803109', '30', '5', 'CO1', 'A', '6'),
(2006, '1803109', '30', '5', 'CO2', 'A', '5'),
(2007, '1803109', '30', '5', 'CO3', 'A', '6'),
(2008, '1803110', '30', '5', 'CO1', 'A', '6'),
(2009, '1803110', '30', '5', 'CO2', 'A', '5'),
(2010, '1803110', '30', '5', 'CO3', 'A', '6'),
(2011, '1803111', '30', '5', 'CO1', 'A', '6'),
(2012, '1803111', '30', '5', 'CO2', 'A', '5'),
(2013, '1803111', '30', '5', 'CO3', 'A', '6'),
(2014, '1803112', '30', '5', 'CO1', 'A', '6'),
(2015, '1803112', '30', '5', 'CO2', 'A', '5'),
(2016, '1803112', '30', '5', 'CO3', 'A', '6'),
(2017, '1803113', '30', '5', 'CO1', 'A', '6'),
(2018, '1803113', '30', '5', 'CO2', 'A', '5'),
(2019, '1803113', '30', '5', 'CO3', 'A', '6'),
(2020, '1803114', '30', '5', 'CO1', 'A', '6'),
(2021, '1803114', '30', '5', 'CO2', 'A', '5'),
(2022, '1803114', '30', '5', 'CO3', 'A', '6'),
(2023, '1803115', '30', '5', 'CO1', '4', '6'),
(2024, '1803115', '30', '5', 'CO2', 'A', '5'),
(2025, '1803115', '30', '5', 'CO3', 'A', '6'),
(2026, '1803116', '30', '5', 'CO1', 'A', '6'),
(2027, '1803116', '30', '5', 'CO2', 'A', '5'),
(2028, '1803116', '30', '5', 'CO3', 'A', '6'),
(2029, '1803117', '30', '5', 'CO1', 'A', '6'),
(2030, '1803117', '30', '5', 'CO2', 'A', '5'),
(2031, '1803117', '30', '5', 'CO3', '5', '6'),
(2032, '1803118', '30', '5', 'CO1', 'A', '6'),
(2033, '1803118', '30', '5', 'CO2', 'A', '5'),
(2034, '1803118', '30', '5', 'CO3', 'A', '6'),
(2035, '1803119', '30', '5', 'CO1', 'A', '6'),
(2036, '1803119', '30', '5', 'CO2', 'A', '5'),
(2037, '1803119', '30', '5', 'CO3', 'A', '6'),
(2038, '1803120', '30', '5', 'CO1', 'A', '6'),
(2039, '1803120', '30', '5', 'CO2', 'A', '5'),
(2040, '1803120', '30', '5', 'CO3', 'A', '6'),
(2041, '1803061', '30', '3', 'CO4', 'A', '6'),
(2042, '1803062', '30', '3', 'CO4', 'A', '6'),
(2043, '1803063', '30', '3', 'CO4', 'A', '6'),
(2044, '1803064', '30', '3', 'CO4', 'A', '6'),
(2045, '1803065', '30', '3', 'CO4', 'A', '6'),
(2046, '1803066', '30', '3', 'CO4', 'A', '6'),
(2047, '1803067', '30', '3', 'CO4', '5', '6'),
(2048, '1803068', '30', '3', 'CO4', 'A', '6'),
(2049, '1803069', '30', '3', 'CO4', 'A', '6'),
(2050, '1803070', '30', '3', 'CO4', 'A', '6'),
(2051, '1803071', '30', '3', 'CO4', 'A', '6'),
(2052, '1803072', '30', '3', 'CO4', 'A', '6'),
(2053, '1803073', '30', '3', 'CO4', 'A', '6'),
(2054, '1803074', '30', '3', 'CO4', 'A', '6'),
(2055, '1803075', '30', '3', 'CO4', 'A', '6'),
(2056, '1803076', '30', '3', 'CO4', 'A', '6'),
(2057, '1803077', '30', '3', 'CO4', 'A', '6'),
(2058, '1803078', '30', '3', 'CO4', 'A', '6'),
(2059, '1803079', '30', '3', 'CO4', 'A', '6'),
(2060, '1803080', '30', '3', 'CO4', 'A', '6'),
(2061, '1803081', '30', '3', 'CO4', 'A', '6'),
(2062, '1803082', '30', '3', 'CO4', 'A', '6'),
(2063, '1803083', '30', '3', 'CO4', 'A', '6'),
(2064, '1803084', '30', '3', 'CO4', 'A', '6'),
(2065, '1803085', '30', '3', 'CO4', 'A', '6'),
(2066, '1803086', '30', '3', 'CO4', 'A', '6'),
(2067, '1803087', '30', '3', 'CO4', 'A', '6'),
(2068, '1803088', '30', '3', 'CO4', 'A', '6'),
(2069, '1803089', '30', '3', 'CO4', 'A', '6'),
(2070, '1803090', '30', '3', 'CO4', 'A', '6'),
(2071, '1803091', '30', '3', 'CO4', 'A', '6'),
(2072, '1803092', '30', '3', 'CO4', 'A', '6'),
(2073, '1803093', '30', '3', 'CO4', 'A', '6'),
(2074, '1803094', '30', '3', 'CO4', 'A', '6'),
(2075, '1803095', '30', '3', 'CO4', 'A', '6'),
(2076, '1803096', '30', '3', 'CO4', 'A', '6'),
(2077, '1803097', '30', '3', 'CO4', 'A', '6'),
(2078, '1803098', '30', '3', 'CO4', 'A', '6'),
(2079, '1803099', '30', '3', 'CO4', 'A', '6'),
(2080, '1803100', '30', '3', 'CO4', 'A', '6'),
(2081, '1803101', '30', '3', 'CO4', 'A', '6'),
(2082, '1803102', '30', '3', 'CO4', 'A', '6'),
(2083, '1803103', '30', '3', 'CO4', 'A', '6'),
(2084, '1803104', '30', '3', 'CO4', 'A', '6'),
(2085, '1803105', '30', '3', 'CO4', 'A', '6'),
(2086, '1803106', '30', '3', 'CO4', 'A', '6'),
(2087, '1803107', '30', '3', 'CO4', 'A', '6'),
(2088, '1803108', '30', '3', 'CO4', 'A', '6'),
(2089, '1803109', '30', '3', 'CO4', 'A', '6'),
(2090, '1803110', '30', '3', 'CO4', 'A', '6'),
(2091, '1803111', '30', '3', 'CO4', 'A', '6'),
(2092, '1803112', '30', '3', 'CO4', 'A', '6'),
(2093, '1803113', '30', '3', 'CO4', 'A', '6'),
(2094, '1803114', '30', '3', 'CO4', 'A', '6'),
(2095, '1803115', '30', '3', 'CO4', 'A', '6'),
(2096, '1803116', '30', '3', 'CO4', 'A', '6'),
(2097, '1803117', '30', '3', 'CO4', 'A', '6'),
(2098, '1803118', '30', '3', 'CO4', 'A', '6'),
(2099, '1803119', '30', '3', 'CO4', 'A', '6'),
(2100, '1803120', '30', '3', 'CO4', 'A', '6'),
(2101, '1803061', '10', '5', 'CO1', 'A', '7'),
(2102, '1803061', '10', '5', 'CO4', 'A', '6'),
(2103, '1803062', '10', '5', 'CO1', 'A', '7'),
(2104, '1803062', '10', '5', 'CO4', 'A', '6'),
(2105, '1803063', '10', '5', 'CO1', 'A', '7'),
(2106, '1803063', '10', '5', 'CO4', 'A', '6'),
(2107, '1803064', '10', '5', 'CO1', 'A', '7'),
(2108, '1803064', '10', '5', 'CO4', 'A', '6'),
(2109, '1803065', '10', '5', 'CO1', 'A', '7'),
(2110, '1803065', '10', '5', 'CO4', 'A', '6'),
(2111, '1803066', '10', '5', 'CO1', 'A', '7'),
(2112, '1803066', '10', '5', 'CO4', 'A', '6'),
(2113, '1803067', '10', '5', 'CO1', '6', '7'),
(2114, '1803067', '10', '5', 'CO4', '5', '6'),
(2115, '1803068', '10', '5', 'CO1', 'A', '7'),
(2116, '1803068', '10', '5', 'CO4', 'A', '6'),
(2117, '1803069', '10', '5', 'CO1', 'A', '7'),
(2118, '1803069', '10', '5', 'CO4', 'A', '6'),
(2119, '1803070', '10', '5', 'CO1', 'A', '7'),
(2120, '1803070', '10', '5', 'CO4', 'A', '6'),
(2121, '1803071', '10', '5', 'CO1', 'A', '7'),
(2122, '1803071', '10', '5', 'CO4', 'A', '6'),
(2123, '1803072', '10', '5', 'CO1', 'A', '7'),
(2124, '1803072', '10', '5', 'CO4', 'A', '6'),
(2125, '1803073', '10', '5', 'CO1', 'A', '7'),
(2126, '1803073', '10', '5', 'CO4', 'A', '6'),
(2127, '1803074', '10', '5', 'CO1', 'A', '7'),
(2128, '1803074', '10', '5', 'CO4', 'A', '6'),
(2129, '1803075', '10', '5', 'CO1', 'A', '7'),
(2130, '1803075', '10', '5', 'CO4', 'A', '6'),
(2131, '1803076', '10', '5', 'CO1', 'A', '7'),
(2132, '1803076', '10', '5', 'CO4', 'A', '6'),
(2133, '1803077', '10', '5', 'CO1', 'A', '7'),
(2134, '1803077', '10', '5', 'CO4', 'A', '6'),
(2135, '1803078', '10', '5', 'CO1', 'A', '7'),
(2136, '1803078', '10', '5', 'CO4', 'A', '6'),
(2137, '1803079', '10', '5', 'CO1', 'A', '7'),
(2138, '1803079', '10', '5', 'CO4', 'A', '6'),
(2139, '1803080', '10', '5', 'CO1', 'A', '7'),
(2140, '1803080', '10', '5', 'CO4', 'A', '6'),
(2141, '1803081', '10', '5', 'CO1', 'A', '7'),
(2142, '1803081', '10', '5', 'CO4', 'A', '6'),
(2143, '1803082', '10', '5', 'CO1', 'A', '7'),
(2144, '1803082', '10', '5', 'CO4', 'A', '6'),
(2145, '1803083', '10', '5', 'CO1', 'A', '7'),
(2146, '1803083', '10', '5', 'CO4', 'A', '6'),
(2147, '1803084', '10', '5', 'CO1', 'A', '7'),
(2148, '1803084', '10', '5', 'CO4', 'A', '6'),
(2149, '1803085', '10', '5', 'CO1', 'A', '7'),
(2150, '1803085', '10', '5', 'CO4', 'A', '6'),
(2151, '1803086', '10', '5', 'CO1', 'A', '7'),
(2152, '1803086', '10', '5', 'CO4', 'A', '6'),
(2153, '1803087', '10', '5', 'CO1', 'A', '7'),
(2154, '1803087', '10', '5', 'CO4', 'A', '6'),
(2155, '1803088', '10', '5', 'CO1', 'A', '7'),
(2156, '1803088', '10', '5', 'CO4', 'A', '6'),
(2157, '1803089', '10', '5', 'CO1', 'A', '7'),
(2158, '1803089', '10', '5', 'CO4', 'A', '6'),
(2159, '1803090', '10', '5', 'CO1', 'A', '7'),
(2160, '1803090', '10', '5', 'CO4', 'A', '6'),
(2161, '1803091', '10', '5', 'CO1', 'A', '7'),
(2162, '1803091', '10', '5', 'CO4', 'A', '6'),
(2163, '1803092', '10', '5', 'CO1', 'A', '7'),
(2164, '1803092', '10', '5', 'CO4', 'A', '6'),
(2165, '1803093', '10', '5', 'CO1', 'A', '7'),
(2166, '1803093', '10', '5', 'CO4', 'A', '6'),
(2167, '1803094', '10', '5', 'CO1', 'A', '7'),
(2168, '1803094', '10', '5', 'CO4', 'A', '6'),
(2169, '1803095', '10', '5', 'CO1', 'A', '7'),
(2170, '1803095', '10', '5', 'CO4', 'A', '6'),
(2171, '1803096', '10', '5', 'CO1', 'A', '7'),
(2172, '1803096', '10', '5', 'CO4', 'A', '6'),
(2173, '1803097', '10', '5', 'CO1', 'A', '7'),
(2174, '1803097', '10', '5', 'CO4', 'A', '6'),
(2175, '1803098', '10', '5', 'CO1', 'A', '7'),
(2176, '1803098', '10', '5', 'CO4', 'A', '6'),
(2177, '1803099', '10', '5', 'CO1', 'A', '7'),
(2178, '1803099', '10', '5', 'CO4', 'A', '6'),
(2179, '1803100', '10', '5', 'CO1', 'A', '7'),
(2180, '1803100', '10', '5', 'CO4', 'A', '6'),
(2181, '1803101', '10', '5', 'CO1', 'A', '7'),
(2182, '1803101', '10', '5', 'CO4', 'A', '6'),
(2183, '1803102', '10', '5', 'CO1', 'A', '7'),
(2184, '1803102', '10', '5', 'CO4', 'A', '6'),
(2185, '1803103', '10', '5', 'CO1', 'A', '7'),
(2186, '1803103', '10', '5', 'CO4', 'A', '6'),
(2187, '1803104', '10', '5', 'CO1', 'A', '7'),
(2188, '1803104', '10', '5', 'CO4', 'A', '6'),
(2189, '1803105', '10', '5', 'CO1', 'A', '7'),
(2190, '1803105', '10', '5', 'CO4', 'A', '6'),
(2191, '1803106', '10', '5', 'CO1', 'A', '7'),
(2192, '1803106', '10', '5', 'CO4', 'A', '6'),
(2193, '1803107', '10', '5', 'CO1', 'A', '7'),
(2194, '1803107', '10', '5', 'CO4', 'A', '6'),
(2195, '1803108', '10', '5', 'CO1', 'A', '7'),
(2196, '1803108', '10', '5', 'CO4', 'A', '6'),
(2197, '1803109', '10', '5', 'CO1', 'A', '7'),
(2198, '1803109', '10', '5', 'CO4', 'A', '6'),
(2199, '1803110', '10', '5', 'CO1', 'A', '7'),
(2200, '1803110', '10', '5', 'CO4', 'A', '6'),
(2201, '1803111', '10', '5', 'CO1', 'A', '7'),
(2202, '1803111', '10', '5', 'CO4', 'A', '6'),
(2203, '1803112', '10', '5', 'CO1', 'A', '7'),
(2204, '1803112', '10', '5', 'CO4', 'A', '6'),
(2205, '1803113', '10', '5', 'CO1', 'A', '7'),
(2206, '1803113', '10', '5', 'CO4', 'A', '6'),
(2207, '1803114', '10', '5', 'CO1', 'A', '7'),
(2208, '1803114', '10', '5', 'CO4', 'A', '6'),
(2209, '1803115', '10', '5', 'CO1', 'A', '7'),
(2210, '1803115', '10', '5', 'CO4', 'A', '6'),
(2211, '1803116', '10', '5', 'CO1', 'A', '7'),
(2212, '1803116', '10', '5', 'CO4', 'A', '6'),
(2213, '1803117', '10', '5', 'CO1', 'A', '7'),
(2214, '1803117', '10', '5', 'CO4', 'A', '6'),
(2215, '1803118', '10', '5', 'CO1', 'A', '7'),
(2216, '1803118', '10', '5', 'CO4', 'A', '6'),
(2217, '1803119', '10', '5', 'CO1', 'A', '7'),
(2218, '1803119', '10', '5', 'CO4', 'A', '6'),
(2219, '1803120', '10', '5', 'CO1', 'A', '7'),
(2220, '1803120', '10', '5', 'CO4', 'A', '6'),
(2221, '1803061', '9', '2', 'CO1', 'A', '6'),
(2222, '1803061', '9', '2', 'CO3', 'A', '5'),
(2223, '1803061', '9', '2', 'CO5', 'A', '6'),
(2224, '1803062', '9', '2', 'CO1', '5', '6'),
(2225, '1803062', '9', '2', 'CO3', '4', '5'),
(2226, '1803062', '9', '2', 'CO5', 'A', '6'),
(2227, '1803063', '9', '2', 'CO1', 'A', '6'),
(2228, '1803063', '9', '2', 'CO3', 'A', '5'),
(2229, '1803063', '9', '2', 'CO5', '4', '6'),
(2230, '1803064', '9', '2', 'CO1', 'A', '6'),
(2231, '1803064', '9', '2', 'CO3', 'A', '5'),
(2232, '1803064', '9', '2', 'CO5', 'A', '6'),
(2233, '1803065', '9', '2', 'CO1', 'A', '6'),
(2234, '1803065', '9', '2', 'CO3', 'A', '5'),
(2235, '1803065', '9', '2', 'CO5', 'A', '6'),
(2236, '1803066', '9', '2', 'CO1', 'A', '6'),
(2237, '1803066', '9', '2', 'CO3', 'A', '5'),
(2238, '1803066', '9', '2', 'CO5', 'A', '6'),
(2239, '1803067', '9', '2', 'CO1', '5', '6'),
(2240, '1803067', '9', '2', 'CO3', '5', '5'),
(2241, '1803067', '9', '2', 'CO5', '5', '6'),
(2242, '1803068', '9', '2', 'CO1', 'A', '6'),
(2243, '1803068', '9', '2', 'CO3', 'A', '5'),
(2244, '1803068', '9', '2', 'CO5', 'A', '6'),
(2245, '1803069', '9', '2', 'CO1', 'A', '6'),
(2246, '1803069', '9', '2', 'CO3', 'A', '5'),
(2247, '1803069', '9', '2', 'CO5', 'A', '6'),
(2248, '1803070', '9', '2', 'CO1', 'A', '6'),
(2249, '1803070', '9', '2', 'CO3', 'A', '5'),
(2250, '1803070', '9', '2', 'CO5', 'A', '6'),
(2251, '1803071', '9', '2', 'CO1', 'A', '6'),
(2252, '1803071', '9', '2', 'CO3', 'A', '5'),
(2253, '1803071', '9', '2', 'CO5', 'A', '6'),
(2254, '1803072', '9', '2', 'CO1', 'A', '6'),
(2255, '1803072', '9', '2', 'CO3', 'A', '5'),
(2256, '1803072', '9', '2', 'CO5', 'A', '6'),
(2257, '1803073', '9', '2', 'CO1', 'A', '6'),
(2258, '1803073', '9', '2', 'CO3', 'A', '5'),
(2259, '1803073', '9', '2', 'CO5', 'A', '6'),
(2260, '1803074', '9', '2', 'CO1', 'A', '6'),
(2261, '1803074', '9', '2', 'CO3', 'A', '5'),
(2262, '1803074', '9', '2', 'CO5', 'A', '6'),
(2263, '1803075', '9', '2', 'CO1', 'A', '6'),
(2264, '1803075', '9', '2', 'CO3', 'A', '5'),
(2265, '1803075', '9', '2', 'CO5', 'A', '6'),
(2266, '1803076', '9', '2', 'CO1', 'A', '6'),
(2267, '1803076', '9', '2', 'CO3', 'A', '5'),
(2268, '1803076', '9', '2', 'CO5', 'A', '6'),
(2269, '1803077', '9', '2', 'CO1', 'A', '6'),
(2270, '1803077', '9', '2', 'CO3', 'A', '5'),
(2271, '1803077', '9', '2', 'CO5', 'A', '6'),
(2272, '1803078', '9', '2', 'CO1', 'A', '6'),
(2273, '1803078', '9', '2', 'CO3', 'A', '5'),
(2274, '1803078', '9', '2', 'CO5', 'A', '6'),
(2275, '1803079', '9', '2', 'CO1', 'A', '6'),
(2276, '1803079', '9', '2', 'CO3', 'A', '5'),
(2277, '1803079', '9', '2', 'CO5', 'A', '6'),
(2278, '1803080', '9', '2', 'CO1', 'A', '6'),
(2279, '1803080', '9', '2', 'CO3', 'A', '5'),
(2280, '1803080', '9', '2', 'CO5', 'A', '6'),
(2281, '1803081', '9', '2', 'CO1', 'A', '6'),
(2282, '1803081', '9', '2', 'CO3', 'A', '5'),
(2283, '1803081', '9', '2', 'CO5', 'A', '6'),
(2284, '1803082', '9', '2', 'CO1', 'A', '6'),
(2285, '1803082', '9', '2', 'CO3', 'A', '5'),
(2286, '1803082', '9', '2', 'CO5', 'A', '6'),
(2287, '1803083', '9', '2', 'CO1', 'A', '6'),
(2288, '1803083', '9', '2', 'CO3', 'A', '5'),
(2289, '1803083', '9', '2', 'CO5', 'A', '6'),
(2290, '1803084', '9', '2', 'CO1', 'A', '6'),
(2291, '1803084', '9', '2', 'CO3', 'A', '5'),
(2292, '1803084', '9', '2', 'CO5', 'A', '6'),
(2293, '1803085', '9', '2', 'CO1', 'A', '6'),
(2294, '1803085', '9', '2', 'CO3', 'A', '5'),
(2295, '1803085', '9', '2', 'CO5', 'A', '6'),
(2296, '1803086', '9', '2', 'CO1', 'A', '6'),
(2297, '1803086', '9', '2', 'CO3', 'A', '5'),
(2298, '1803086', '9', '2', 'CO5', 'A', '6'),
(2299, '1803087', '9', '2', 'CO1', 'A', '6'),
(2300, '1803087', '9', '2', 'CO3', 'A', '5'),
(2301, '1803087', '9', '2', 'CO5', 'A', '6'),
(2302, '1803088', '9', '2', 'CO1', 'A', '6'),
(2303, '1803088', '9', '2', 'CO3', 'A', '5'),
(2304, '1803088', '9', '2', 'CO5', 'A', '6'),
(2305, '1803089', '9', '2', 'CO1', 'A', '6'),
(2306, '1803089', '9', '2', 'CO3', 'A', '5'),
(2307, '1803089', '9', '2', 'CO5', 'A', '6'),
(2308, '1803090', '9', '2', 'CO1', 'A', '6'),
(2309, '1803090', '9', '2', 'CO3', 'A', '5'),
(2310, '1803090', '9', '2', 'CO5', 'A', '6'),
(2311, '1803091', '9', '2', 'CO1', 'A', '6'),
(2312, '1803091', '9', '2', 'CO3', 'A', '5'),
(2313, '1803091', '9', '2', 'CO5', 'A', '6'),
(2314, '1803092', '9', '2', 'CO1', 'A', '6'),
(2315, '1803092', '9', '2', 'CO3', 'A', '5'),
(2316, '1803092', '9', '2', 'CO5', 'A', '6'),
(2317, '1803093', '9', '2', 'CO1', 'A', '6'),
(2318, '1803093', '9', '2', 'CO3', 'A', '5'),
(2319, '1803093', '9', '2', 'CO5', 'A', '6'),
(2320, '1803094', '9', '2', 'CO1', 'A', '6'),
(2321, '1803094', '9', '2', 'CO3', 'A', '5'),
(2322, '1803094', '9', '2', 'CO5', 'A', '6'),
(2323, '1803095', '9', '2', 'CO1', 'A', '6'),
(2324, '1803095', '9', '2', 'CO3', 'A', '5'),
(2325, '1803095', '9', '2', 'CO5', 'A', '6'),
(2326, '1803096', '9', '2', 'CO1', 'A', '6'),
(2327, '1803096', '9', '2', 'CO3', 'A', '5'),
(2328, '1803096', '9', '2', 'CO5', 'A', '6'),
(2329, '1803097', '9', '2', 'CO1', 'A', '6'),
(2330, '1803097', '9', '2', 'CO3', 'A', '5'),
(2331, '1803097', '9', '2', 'CO5', 'A', '6'),
(2332, '1803098', '9', '2', 'CO1', 'A', '6'),
(2333, '1803098', '9', '2', 'CO3', 'A', '5'),
(2334, '1803098', '9', '2', 'CO5', 'A', '6'),
(2335, '1803099', '9', '2', 'CO1', 'A', '6'),
(2336, '1803099', '9', '2', 'CO3', 'A', '5'),
(2337, '1803099', '9', '2', 'CO5', 'A', '6'),
(2338, '1803100', '9', '2', 'CO1', 'A', '6'),
(2339, '1803100', '9', '2', 'CO3', 'A', '5'),
(2340, '1803100', '9', '2', 'CO5', 'A', '6'),
(2341, '1803101', '9', '2', 'CO1', 'A', '6'),
(2342, '1803101', '9', '2', 'CO3', 'A', '5'),
(2343, '1803101', '9', '2', 'CO5', 'A', '6'),
(2344, '1803102', '9', '2', 'CO1', 'A', '6'),
(2345, '1803102', '9', '2', 'CO3', 'A', '5'),
(2346, '1803102', '9', '2', 'CO5', 'A', '6'),
(2347, '1803103', '9', '2', 'CO1', 'A', '6'),
(2348, '1803103', '9', '2', 'CO3', 'A', '5'),
(2349, '1803103', '9', '2', 'CO5', 'A', '6'),
(2350, '1803104', '9', '2', 'CO1', 'A', '6'),
(2351, '1803104', '9', '2', 'CO3', 'A', '5'),
(2352, '1803104', '9', '2', 'CO5', 'A', '6'),
(2353, '1803105', '9', '2', 'CO1', 'A', '6'),
(2354, '1803105', '9', '2', 'CO3', 'A', '5'),
(2355, '1803105', '9', '2', 'CO5', 'A', '6'),
(2356, '1803106', '9', '2', 'CO1', 'A', '6'),
(2357, '1803106', '9', '2', 'CO3', 'A', '5'),
(2358, '1803106', '9', '2', 'CO5', 'A', '6'),
(2359, '1803107', '9', '2', 'CO1', 'A', '6'),
(2360, '1803107', '9', '2', 'CO3', 'A', '5'),
(2361, '1803107', '9', '2', 'CO5', 'A', '6'),
(2362, '1803108', '9', '2', 'CO1', 'A', '6'),
(2363, '1803108', '9', '2', 'CO3', 'A', '5'),
(2364, '1803108', '9', '2', 'CO5', 'A', '6'),
(2365, '1803109', '9', '2', 'CO1', 'A', '6'),
(2366, '1803109', '9', '2', 'CO3', 'A', '5'),
(2367, '1803109', '9', '2', 'CO5', 'A', '6'),
(2368, '1803110', '9', '2', 'CO1', 'A', '6'),
(2369, '1803110', '9', '2', 'CO3', 'A', '5'),
(2370, '1803110', '9', '2', 'CO5', 'A', '6'),
(2371, '1803111', '9', '2', 'CO1', 'A', '6'),
(2372, '1803111', '9', '2', 'CO3', 'A', '5'),
(2373, '1803111', '9', '2', 'CO5', 'A', '6'),
(2374, '1803112', '9', '2', 'CO1', 'A', '6'),
(2375, '1803112', '9', '2', 'CO3', 'A', '5'),
(2376, '1803112', '9', '2', 'CO5', 'A', '6'),
(2377, '1803113', '9', '2', 'CO1', 'A', '6'),
(2378, '1803113', '9', '2', 'CO3', 'A', '5'),
(2379, '1803113', '9', '2', 'CO5', 'A', '6'),
(2380, '1803114', '9', '2', 'CO1', 'A', '6'),
(2381, '1803114', '9', '2', 'CO3', 'A', '5'),
(2382, '1803114', '9', '2', 'CO5', 'A', '6'),
(2383, '1803115', '9', '2', 'CO1', 'A', '6'),
(2384, '1803115', '9', '2', 'CO3', 'A', '5'),
(2385, '1803115', '9', '2', 'CO5', 'A', '6'),
(2386, '1803116', '9', '2', 'CO1', 'A', '6'),
(2387, '1803116', '9', '2', 'CO3', 'A', '5'),
(2388, '1803116', '9', '2', 'CO5', 'A', '6'),
(2389, '1803117', '9', '2', 'CO1', 'A', '6'),
(2390, '1803117', '9', '2', 'CO3', 'A', '5'),
(2391, '1803117', '9', '2', 'CO5', 'A', '6'),
(2392, '1803118', '9', '2', 'CO1', 'A', '6'),
(2393, '1803118', '9', '2', 'CO3', 'A', '5'),
(2394, '1803118', '9', '2', 'CO5', 'A', '6'),
(2395, '1803119', '9', '2', 'CO1', 'A', '6'),
(2396, '1803119', '9', '2', 'CO3', 'A', '5'),
(2397, '1803119', '9', '2', 'CO5', 'A', '6'),
(2398, '1803120', '9', '2', 'CO1', 'A', '6'),
(2399, '1803120', '9', '2', 'CO3', 'A', '5'),
(2400, '1803120', '9', '2', 'CO5', 'A', '6'),
(2401, '1803061', '11', '4', 'CO1', 'A', '5'),
(2402, '1803061', '11', '4', 'CO2', 'A', '9'),
(2403, '1803061', '11', '4', 'CO3', 'A', '4'),
(2404, '1803061', '11', '4', 'CO4', 'A', '6'),
(2405, '1803062', '11', '4', 'CO1', 'A', '5'),
(2406, '1803062', '11', '4', 'CO2', 'A', '9'),
(2407, '1803062', '11', '4', 'CO3', 'A', '4'),
(2408, '1803062', '11', '4', 'CO4', 'A', '6'),
(2409, '1803063', '11', '4', 'CO1', 'A', '5'),
(2410, '1803063', '11', '4', 'CO2', 'A', '9'),
(2411, '1803063', '11', '4', 'CO3', 'A', '4'),
(2412, '1803063', '11', '4', 'CO4', 'A', '6'),
(2413, '1803064', '11', '4', 'CO1', 'A', '5'),
(2414, '1803064', '11', '4', 'CO2', 'A', '9'),
(2415, '1803064', '11', '4', 'CO3', 'A', '4'),
(2416, '1803064', '11', '4', 'CO4', 'A', '6'),
(2417, '1803065', '11', '4', 'CO1', 'A', '5'),
(2418, '1803065', '11', '4', 'CO2', 'A', '9'),
(2419, '1803065', '11', '4', 'CO3', 'A', '4'),
(2420, '1803065', '11', '4', 'CO4', 'A', '6'),
(2421, '1803066', '11', '4', 'CO1', 'A', '5'),
(2422, '1803066', '11', '4', 'CO2', 'A', '9'),
(2423, '1803066', '11', '4', 'CO3', 'A', '4'),
(2424, '1803066', '11', '4', 'CO4', 'A', '6'),
(2425, '1803067', '11', '4', 'CO1', '5', '5'),
(2426, '1803067', '11', '4', 'CO2', '4', '9'),
(2427, '1803067', '11', '4', 'CO3', '3', '4'),
(2428, '1803067', '11', '4', 'CO4', '2', '6'),
(2429, '1803068', '11', '4', 'CO1', 'A', '5'),
(2430, '1803068', '11', '4', 'CO2', 'A', '9'),
(2431, '1803068', '11', '4', 'CO3', 'A', '4'),
(2432, '1803068', '11', '4', 'CO4', 'A', '6'),
(2433, '1803069', '11', '4', 'CO1', 'A', '5'),
(2434, '1803069', '11', '4', 'CO2', 'A', '9'),
(2435, '1803069', '11', '4', 'CO3', 'A', '4'),
(2436, '1803069', '11', '4', 'CO4', 'A', '6'),
(2437, '1803070', '11', '4', 'CO1', 'A', '5'),
(2438, '1803070', '11', '4', 'CO2', 'A', '9'),
(2439, '1803070', '11', '4', 'CO3', 'A', '4'),
(2440, '1803070', '11', '4', 'CO4', 'A', '6'),
(2441, '1803071', '11', '4', 'CO1', 'A', '5'),
(2442, '1803071', '11', '4', 'CO2', 'A', '9'),
(2443, '1803071', '11', '4', 'CO3', 'A', '4'),
(2444, '1803071', '11', '4', 'CO4', 'A', '6'),
(2445, '1803072', '11', '4', 'CO1', 'A', '5'),
(2446, '1803072', '11', '4', 'CO2', 'A', '9'),
(2447, '1803072', '11', '4', 'CO3', 'A', '4'),
(2448, '1803072', '11', '4', 'CO4', 'A', '6'),
(2449, '1803073', '11', '4', 'CO1', 'A', '5'),
(2450, '1803073', '11', '4', 'CO2', 'A', '9'),
(2451, '1803073', '11', '4', 'CO3', 'A', '4'),
(2452, '1803073', '11', '4', 'CO4', 'A', '6'),
(2453, '1803074', '11', '4', 'CO1', 'A', '5'),
(2454, '1803074', '11', '4', 'CO2', 'A', '9'),
(2455, '1803074', '11', '4', 'CO3', 'A', '4'),
(2456, '1803074', '11', '4', 'CO4', 'A', '6'),
(2457, '1803075', '11', '4', 'CO1', 'A', '5'),
(2458, '1803075', '11', '4', 'CO2', 'A', '9'),
(2459, '1803075', '11', '4', 'CO3', 'A', '4'),
(2460, '1803075', '11', '4', 'CO4', 'A', '6'),
(2461, '1803076', '11', '4', 'CO1', 'A', '5'),
(2462, '1803076', '11', '4', 'CO2', 'A', '9'),
(2463, '1803076', '11', '4', 'CO3', 'A', '4'),
(2464, '1803076', '11', '4', 'CO4', 'A', '6'),
(2465, '1803077', '11', '4', 'CO1', 'A', '5'),
(2466, '1803077', '11', '4', 'CO2', 'A', '9'),
(2467, '1803077', '11', '4', 'CO3', 'A', '4'),
(2468, '1803077', '11', '4', 'CO4', 'A', '6'),
(2469, '1803078', '11', '4', 'CO1', 'A', '5'),
(2470, '1803078', '11', '4', 'CO2', 'A', '9'),
(2471, '1803078', '11', '4', 'CO3', 'A', '4'),
(2472, '1803078', '11', '4', 'CO4', 'A', '6'),
(2473, '1803079', '11', '4', 'CO1', 'A', '5'),
(2474, '1803079', '11', '4', 'CO2', 'A', '9'),
(2475, '1803079', '11', '4', 'CO3', 'A', '4'),
(2476, '1803079', '11', '4', 'CO4', 'A', '6'),
(2477, '1803080', '11', '4', 'CO1', 'A', '5'),
(2478, '1803080', '11', '4', 'CO2', 'A', '9'),
(2479, '1803080', '11', '4', 'CO3', 'A', '4'),
(2480, '1803080', '11', '4', 'CO4', 'A', '6'),
(2481, '1803081', '11', '4', 'CO1', 'A', '5'),
(2482, '1803081', '11', '4', 'CO2', 'A', '9'),
(2483, '1803081', '11', '4', 'CO3', 'A', '4'),
(2484, '1803081', '11', '4', 'CO4', 'A', '6'),
(2485, '1803082', '11', '4', 'CO1', 'A', '5'),
(2486, '1803082', '11', '4', 'CO2', 'A', '9'),
(2487, '1803082', '11', '4', 'CO3', 'A', '4'),
(2488, '1803082', '11', '4', 'CO4', 'A', '6'),
(2489, '1803083', '11', '4', 'CO1', 'A', '5'),
(2490, '1803083', '11', '4', 'CO2', 'A', '9'),
(2491, '1803083', '11', '4', 'CO3', 'A', '4'),
(2492, '1803083', '11', '4', 'CO4', 'A', '6'),
(2493, '1803084', '11', '4', 'CO1', 'A', '5'),
(2494, '1803084', '11', '4', 'CO2', 'A', '9'),
(2495, '1803084', '11', '4', 'CO3', 'A', '4'),
(2496, '1803084', '11', '4', 'CO4', 'A', '6'),
(2497, '1803085', '11', '4', 'CO1', 'A', '5'),
(2498, '1803085', '11', '4', 'CO2', 'A', '9'),
(2499, '1803085', '11', '4', 'CO3', 'A', '4'),
(2500, '1803085', '11', '4', 'CO4', 'A', '6'),
(2501, '1803086', '11', '4', 'CO1', 'A', '5'),
(2502, '1803086', '11', '4', 'CO2', 'A', '9'),
(2503, '1803086', '11', '4', 'CO3', 'A', '4'),
(2504, '1803086', '11', '4', 'CO4', 'A', '6'),
(2505, '1803087', '11', '4', 'CO1', 'A', '5'),
(2506, '1803087', '11', '4', 'CO2', 'A', '9'),
(2507, '1803087', '11', '4', 'CO3', 'A', '4'),
(2508, '1803087', '11', '4', 'CO4', 'A', '6'),
(2509, '1803088', '11', '4', 'CO1', 'A', '5'),
(2510, '1803088', '11', '4', 'CO2', 'A', '9'),
(2511, '1803088', '11', '4', 'CO3', 'A', '4'),
(2512, '1803088', '11', '4', 'CO4', 'A', '6'),
(2513, '1803089', '11', '4', 'CO1', 'A', '5'),
(2514, '1803089', '11', '4', 'CO2', 'A', '9'),
(2515, '1803089', '11', '4', 'CO3', 'A', '4'),
(2516, '1803089', '11', '4', 'CO4', 'A', '6'),
(2517, '1803090', '11', '4', 'CO1', 'A', '5'),
(2518, '1803090', '11', '4', 'CO2', 'A', '9'),
(2519, '1803090', '11', '4', 'CO3', 'A', '4'),
(2520, '1803090', '11', '4', 'CO4', 'A', '6'),
(2521, '1803091', '11', '4', 'CO1', 'A', '5'),
(2522, '1803091', '11', '4', 'CO2', 'A', '9'),
(2523, '1803091', '11', '4', 'CO3', 'A', '4'),
(2524, '1803091', '11', '4', 'CO4', 'A', '6'),
(2525, '1803092', '11', '4', 'CO1', 'A', '5'),
(2526, '1803092', '11', '4', 'CO2', 'A', '9'),
(2527, '1803092', '11', '4', 'CO3', 'A', '4'),
(2528, '1803092', '11', '4', 'CO4', 'A', '6'),
(2529, '1803093', '11', '4', 'CO1', 'A', '5'),
(2530, '1803093', '11', '4', 'CO2', 'A', '9'),
(2531, '1803093', '11', '4', 'CO3', 'A', '4'),
(2532, '1803093', '11', '4', 'CO4', 'A', '6'),
(2533, '1803094', '11', '4', 'CO1', 'A', '5'),
(2534, '1803094', '11', '4', 'CO2', 'A', '9'),
(2535, '1803094', '11', '4', 'CO3', 'A', '4'),
(2536, '1803094', '11', '4', 'CO4', 'A', '6'),
(2537, '1803095', '11', '4', 'CO1', 'A', '5'),
(2538, '1803095', '11', '4', 'CO2', 'A', '9'),
(2539, '1803095', '11', '4', 'CO3', 'A', '4'),
(2540, '1803095', '11', '4', 'CO4', 'A', '6'),
(2541, '1803096', '11', '4', 'CO1', 'A', '5'),
(2542, '1803096', '11', '4', 'CO2', 'A', '9'),
(2543, '1803096', '11', '4', 'CO3', 'A', '4'),
(2544, '1803096', '11', '4', 'CO4', 'A', '6'),
(2545, '1803097', '11', '4', 'CO1', 'A', '5'),
(2546, '1803097', '11', '4', 'CO2', 'A', '9'),
(2547, '1803097', '11', '4', 'CO3', 'A', '4'),
(2548, '1803097', '11', '4', 'CO4', 'A', '6'),
(2549, '1803098', '11', '4', 'CO1', 'A', '5'),
(2550, '1803098', '11', '4', 'CO2', 'A', '9'),
(2551, '1803098', '11', '4', 'CO3', 'A', '4'),
(2552, '1803098', '11', '4', 'CO4', 'A', '6'),
(2553, '1803099', '11', '4', 'CO1', 'A', '5'),
(2554, '1803099', '11', '4', 'CO2', 'A', '9'),
(2555, '1803099', '11', '4', 'CO3', 'A', '4'),
(2556, '1803099', '11', '4', 'CO4', 'A', '6'),
(2557, '1803100', '11', '4', 'CO1', 'A', '5'),
(2558, '1803100', '11', '4', 'CO2', 'A', '9'),
(2559, '1803100', '11', '4', 'CO3', 'A', '4'),
(2560, '1803100', '11', '4', 'CO4', 'A', '6'),
(2561, '1803101', '11', '4', 'CO1', 'A', '5'),
(2562, '1803101', '11', '4', 'CO2', 'A', '9'),
(2563, '1803101', '11', '4', 'CO3', 'A', '4'),
(2564, '1803101', '11', '4', 'CO4', 'A', '6'),
(2565, '1803102', '11', '4', 'CO1', 'A', '5'),
(2566, '1803102', '11', '4', 'CO2', 'A', '9'),
(2567, '1803102', '11', '4', 'CO3', 'A', '4'),
(2568, '1803102', '11', '4', 'CO4', 'A', '6'),
(2569, '1803103', '11', '4', 'CO1', 'A', '5'),
(2570, '1803103', '11', '4', 'CO2', 'A', '9'),
(2571, '1803103', '11', '4', 'CO3', 'A', '4'),
(2572, '1803103', '11', '4', 'CO4', 'A', '6'),
(2573, '1803104', '11', '4', 'CO1', 'A', '5'),
(2574, '1803104', '11', '4', 'CO2', 'A', '9'),
(2575, '1803104', '11', '4', 'CO3', 'A', '4'),
(2576, '1803104', '11', '4', 'CO4', 'A', '6'),
(2577, '1803105', '11', '4', 'CO1', 'A', '5'),
(2578, '1803105', '11', '4', 'CO2', 'A', '9'),
(2579, '1803105', '11', '4', 'CO3', 'A', '4'),
(2580, '1803105', '11', '4', 'CO4', 'A', '6'),
(2581, '1803106', '11', '4', 'CO1', 'A', '5'),
(2582, '1803106', '11', '4', 'CO2', 'A', '9'),
(2583, '1803106', '11', '4', 'CO3', 'A', '4'),
(2584, '1803106', '11', '4', 'CO4', 'A', '6'),
(2585, '1803107', '11', '4', 'CO1', 'A', '5'),
(2586, '1803107', '11', '4', 'CO2', 'A', '9'),
(2587, '1803107', '11', '4', 'CO3', 'A', '4'),
(2588, '1803107', '11', '4', 'CO4', 'A', '6'),
(2589, '1803108', '11', '4', 'CO1', 'A', '5'),
(2590, '1803108', '11', '4', 'CO2', 'A', '9'),
(2591, '1803108', '11', '4', 'CO3', 'A', '4'),
(2592, '1803108', '11', '4', 'CO4', 'A', '6'),
(2593, '1803109', '11', '4', 'CO1', 'A', '5'),
(2594, '1803109', '11', '4', 'CO2', 'A', '9'),
(2595, '1803109', '11', '4', 'CO3', 'A', '4'),
(2596, '1803109', '11', '4', 'CO4', 'A', '6'),
(2597, '1803110', '11', '4', 'CO1', 'A', '5'),
(2598, '1803110', '11', '4', 'CO2', 'A', '9'),
(2599, '1803110', '11', '4', 'CO3', 'A', '4'),
(2600, '1803110', '11', '4', 'CO4', 'A', '6'),
(2601, '1803111', '11', '4', 'CO1', 'A', '5'),
(2602, '1803111', '11', '4', 'CO2', 'A', '9'),
(2603, '1803111', '11', '4', 'CO3', 'A', '4'),
(2604, '1803111', '11', '4', 'CO4', 'A', '6'),
(2605, '1803112', '11', '4', 'CO1', 'A', '5'),
(2606, '1803112', '11', '4', 'CO2', 'A', '9'),
(2607, '1803112', '11', '4', 'CO3', 'A', '4'),
(2608, '1803112', '11', '4', 'CO4', 'A', '6'),
(2609, '1803113', '11', '4', 'CO1', 'A', '5'),
(2610, '1803113', '11', '4', 'CO2', 'A', '9'),
(2611, '1803113', '11', '4', 'CO3', 'A', '4'),
(2612, '1803113', '11', '4', 'CO4', 'A', '6'),
(2613, '1803114', '11', '4', 'CO1', 'A', '5'),
(2614, '1803114', '11', '4', 'CO2', 'A', '9'),
(2615, '1803114', '11', '4', 'CO3', 'A', '4'),
(2616, '1803114', '11', '4', 'CO4', 'A', '6'),
(2617, '1803115', '11', '4', 'CO1', 'A', '5'),
(2618, '1803115', '11', '4', 'CO2', 'A', '9'),
(2619, '1803115', '11', '4', 'CO3', 'A', '4'),
(2620, '1803115', '11', '4', 'CO4', 'A', '6'),
(2621, '1803116', '11', '4', 'CO1', 'A', '5'),
(2622, '1803116', '11', '4', 'CO2', 'A', '9'),
(2623, '1803116', '11', '4', 'CO3', 'A', '4'),
(2624, '1803116', '11', '4', 'CO4', 'A', '6'),
(2625, '1803117', '11', '4', 'CO1', 'A', '5'),
(2626, '1803117', '11', '4', 'CO2', 'A', '9'),
(2627, '1803117', '11', '4', 'CO3', 'A', '4'),
(2628, '1803117', '11', '4', 'CO4', 'A', '6'),
(2629, '1803118', '11', '4', 'CO1', 'A', '5'),
(2630, '1803118', '11', '4', 'CO2', 'A', '9'),
(2631, '1803118', '11', '4', 'CO3', 'A', '4'),
(2632, '1803118', '11', '4', 'CO4', 'A', '6'),
(2633, '1803119', '11', '4', 'CO1', 'A', '5'),
(2634, '1803119', '11', '4', 'CO2', 'A', '9'),
(2635, '1803119', '11', '4', 'CO3', 'A', '4'),
(2636, '1803119', '11', '4', 'CO4', 'A', '6'),
(2637, '1803120', '11', '4', 'CO1', 'A', '5'),
(2638, '1803120', '11', '4', 'CO2', 'A', '9'),
(2639, '1803120', '11', '4', 'CO3', 'A', '4'),
(2640, '1803120', '11', '4', 'CO4', 'A', '6'),
(2641, '1803061', '4', '4', 'CO5', 'A', '10'),
(2642, '1803062', '4', '4', 'CO5', 'A', '10'),
(2643, '1803063', '4', '4', 'CO5', 'A', '10'),
(2644, '1803064', '4', '4', 'CO5', 'A', '10'),
(2645, '1803065', '4', '4', 'CO5', '2', '10'),
(2646, '1803066', '4', '4', 'CO5', 'A', '10'),
(2647, '1803067', '4', '4', 'CO5', '7', '10');
INSERT INTO `co` (`id`, `roll`, `cid`, `no`, `cono`, `mark`, `fullmark`) VALUES
(2648, '1803068', '4', '4', 'CO5', 'A', '10'),
(2649, '1803069', '4', '4', 'CO5', 'A', '10'),
(2650, '1803070', '4', '4', 'CO5', 'A', '10'),
(2651, '1803071', '4', '4', 'CO5', 'A', '10'),
(2652, '1803072', '4', '4', 'CO5', 'A', '10'),
(2653, '1803073', '4', '4', 'CO5', 'A', '10'),
(2654, '1803074', '4', '4', 'CO5', 'A', '10'),
(2655, '1803075', '4', '4', 'CO5', 'A', '10'),
(2656, '1803076', '4', '4', 'CO5', 'A', '10'),
(2657, '1803077', '4', '4', 'CO5', 'A', '10'),
(2658, '1803078', '4', '4', 'CO5', 'A', '10'),
(2659, '1803079', '4', '4', 'CO5', 'A', '10'),
(2660, '1803080', '4', '4', 'CO5', 'A', '10'),
(2661, '1803081', '4', '4', 'CO5', 'A', '10'),
(2662, '1803082', '4', '4', 'CO5', 'A', '10'),
(2663, '1803083', '4', '4', 'CO5', 'A', '10'),
(2664, '1803084', '4', '4', 'CO5', 'A', '10'),
(2665, '1803085', '4', '4', 'CO5', 'A', '10'),
(2666, '1803086', '4', '4', 'CO5', 'A', '10'),
(2667, '1803087', '4', '4', 'CO5', 'A', '10'),
(2668, '1803088', '4', '4', 'CO5', 'A', '10'),
(2669, '1803089', '4', '4', 'CO5', 'A', '10'),
(2670, '1803090', '4', '4', 'CO5', 'A', '10'),
(2671, '1803091', '4', '4', 'CO5', 'A', '10'),
(2672, '1803092', '4', '4', 'CO5', 'A', '10'),
(2673, '1803093', '4', '4', 'CO5', 'A', '10'),
(2674, '1803094', '4', '4', 'CO5', 'A', '10'),
(2675, '1803095', '4', '4', 'CO5', 'A', '10'),
(2676, '1803096', '4', '4', 'CO5', 'A', '10'),
(2677, '1803097', '4', '4', 'CO5', 'A', '10'),
(2678, '1803098', '4', '4', 'CO5', 'A', '10'),
(2679, '1803099', '4', '4', 'CO5', 'A', '10'),
(2680, '1803100', '4', '4', 'CO5', 'A', '10'),
(2681, '1803101', '4', '4', 'CO5', 'A', '10'),
(2682, '1803102', '4', '4', 'CO5', 'A', '10'),
(2683, '1803103', '4', '4', 'CO5', 'A', '10'),
(2684, '1803104', '4', '4', 'CO5', 'A', '10'),
(2685, '1803105', '4', '4', 'CO5', 'A', '10'),
(2686, '1803106', '4', '4', 'CO5', 'A', '10'),
(2687, '1803107', '4', '4', 'CO5', 'A', '10'),
(2688, '1803108', '4', '4', 'CO5', 'A', '10'),
(2689, '1803109', '4', '4', 'CO5', 'A', '10'),
(2690, '1803110', '4', '4', 'CO5', 'A', '10'),
(2691, '1803111', '4', '4', 'CO5', 'A', '10'),
(2692, '1803112', '4', '4', 'CO5', 'A', '10'),
(2693, '1803113', '4', '4', 'CO5', 'A', '10'),
(2694, '1803114', '4', '4', 'CO5', 'A', '10'),
(2695, '1803115', '4', '4', 'CO5', 'A', '10'),
(2696, '1803116', '4', '4', 'CO5', 'A', '10'),
(2697, '1803117', '4', '4', 'CO5', 'A', '10'),
(2698, '1803118', '4', '4', 'CO5', 'A', '10'),
(2699, '1803119', '4', '4', 'CO5', 'A', '10'),
(2700, '1803120', '4', '4', 'CO5', 'A', '10');

-- --------------------------------------------------------

--
-- Table structure for table `copo`
--

CREATE TABLE `copo` (
  `id` int(11) NOT NULL,
  `personid` int(11) NOT NULL,
  `cid` varchar(10) NOT NULL,
  `co` varchar(10) NOT NULL,
  `statement` varchar(500) NOT NULL,
  `content` varchar(500) NOT NULL,
  `po1` varchar(5) NOT NULL,
  `po2` varchar(5) NOT NULL,
  `po3` varchar(5) NOT NULL,
  `po4` varchar(5) NOT NULL,
  `po5` varchar(5) NOT NULL,
  `po6` varchar(5) NOT NULL,
  `po7` varchar(5) NOT NULL,
  `po8` varchar(5) NOT NULL,
  `po9` varchar(5) NOT NULL,
  `po10` varchar(5) NOT NULL,
  `po11` varchar(5) NOT NULL,
  `po12` varchar(5) NOT NULL
) ENGINE=InnoDB DEFAULT CHARSET=utf8mb4 COLLATE=utf8mb4_general_ci;

--
-- Dumping data for table `copo`
--

INSERT INTO `copo` (`id`, `personid`, `cid`, `co`, `statement`, `content`, `po1`, `po2`, `po3`, `po4`, `po5`, `po6`, `po7`, `po8`, `po9`, `po10`, `po11`, `po12`) VALUES
(11, 2, '30', '1', 'Understanding the basic principles and concepts of structured programming. ', 'Introduction to Structured Programming, Basics Concepts.', '1', '', '', '', '', '', '', '', '', '', '', ''),
(12, 2, '30', '2', 'Applying fundamental concepts of programming in solving mathematical, engineering and programming problems.', 'Selection Statements, Control Statements.', '', '1', '', '', '', '', '', '', '', '', '', ''),
(13, 2, '30', '3', 'Analyzing decision making and looping concepts in solving problems.', 'No. of Iteration and Output of Different Types of Loops; Programs using Nested if-else and Nested Loops.', '', '1', '', '', '', '', '', '', '', '', '', ''),
(14, 2, '30', '4', 'Exploring usage of Arrays, strings, structures and files.', 'Arrays, Strings, Pointer, Custom Data Types and Files.', '1', '', '', '', '', '', '', '', '', '', '', ''),
(15, 2, '30', '5', 'Designing and evaluating effective solutions as well as algorithms for complex computing problems', 'Complex Computing Problems.', '', '', '1', '', '', '', '', '', '', '', '', '1'),
(16, 2, '41', '1', 'wewg', 'w4624', '', '', '', '', '', '', '', '', '', '', '', ''),
(17, 2, '41', '2', '4grg', 'ahrfh', '', '', '1', '', '', '', '', '', '', '', '', ''),
(18, 2, '41', '3', '', '', '', '', '', '', '', '', '', '', '', '', '', ''),
(19, 2, '41', '4', '', '', '', '', '1', '', '', '', '', '1', '', '', '', ''),
(20, 2, '41', '5', 'aerhrh', '', '', '', '1', '', '', '', '', '', '1', '', '', ''),
(21, 2, '12', '1', 'CO1	Understanding the basic principles and concepts of structured programming.  	PO1	Cognitive (Understand) 	F1	Introduction to Structured Programming, Basics Concepts.	Lecture  Tutorial  Discussion  Interaction  Audio/Video	 Class Test  Final Exam  Assignment  Project  Presentation', 'Introduction to Structured Programming, Basics Concepts.', '1', '', '1', '', '', '', '', '', '', '1', '', '1'),
(22, 2, '12', '2', 'CO2	Applying fundamental concepts of programming in solving mathematical, engineering and programming problems.	PO2 	Cognitive (Apply)	F2, F3	Selection Statements, Control Statements.	 Lecture  Tutorial  Discussion  Interaction  Audio/Video	 Class Test  Final Exam  Assignment  Project  Presentation', 'ahrfh', '', '', '1', '', '1', '', '', '', '', '1', '', '1'),
(23, 2, '12', '3', 'Analyzing decision making and looping concepts in solving problems.', 'No. of Iteration and Output of Different Types of Loops; Programs using Nested if-else and Nested Loops.', '1', '', '', '', '', '1', '', '', '', '', '', ''),
(24, 2, '12', '4', 'Exploring usage of Arrays, strings, structures and files.', 'Arrays, Strings, Pointer, Custom Data Types and Files.', '1', '', '', '', '', '', '', '1', '', '1', '', '1'),
(25, 2, '12', '5', 'Designing and evaluating effective solutions as well as algorithms for complex computing problems', 'Complex Computing Problems.', '', '1', '', '1', '', '', '', '', '', '', '', '');

-- --------------------------------------------------------

--
-- Table structure for table `course`
--

CREATE TABLE `course` (
  `id` int(11) NOT NULL,
  `personID` int(11) NOT NULL,
  `cid` int(50) NOT NULL,
  `type` varchar(50) NOT NULL
) ENGINE=InnoDB DEFAULT CHARSET=latin1 COLLATE=latin1_swedish_ci;

--
-- Dumping data for table `course`
--

INSERT INTO `course` (`id`, `personID`, `cid`, `type`) VALUES
(44, 2, 30, 'Teacher'),
(45, 2, 6, 'Teacher'),
(46, 2, 5, 'Teacher'),
(47, 2, 4, 'Teacher'),
(48, 111, 6, 'Teacher'),
(49, 111, 4, 'Teacher'),
(50, 111, 12, 'Teacher'),
(51, 111, 10, 'Teacher'),
(52, 2, 12, 'Teacher'),
(53, 2, 11, 'Teacher'),
(54, 2, 10, 'Teacher'),
(55, 114, 2, 'Teacher'),
(56, 114, 5, 'Teacher'),
(57, 114, 6, 'Teacher'),
(58, 114, 7, 'Teacher'),
(59, 114, 36, 'Teacher'),
(60, 114, 10, 'Teacher'),
(61, 114, 13, 'Teacher'),
(63, 2, 9, 'Teacher'),
(64, 2, 37, 'Teacher'),
(65, 2, 39, 'Teacher'),
(66, 2, 41, 'Teacher'),
(68, 2, 40, 'Teacher'),
(69, 2, 29, 'Teacher'),
(70, 2, 7, 'Teacher'),
(71, 115, 30, 'Teacher');

-- --------------------------------------------------------

--
-- Table structure for table `courselist`
--

CREATE TABLE `courselist` (
  `cid` int(11) NOT NULL,
  `ccode` varchar(10) NOT NULL,
  `cname` varchar(100) NOT NULL,
  `deptid` int(11) NOT NULL,
  `year` varchar(10) NOT NULL,
  `semester` varchar(10) NOT NULL,
  `credit` double NOT NULL,
  `type` varchar(20) NOT NULL
) ENGINE=InnoDB DEFAULT CHARSET=utf8mb4 COLLATE=utf8mb4_general_ci;

--
-- Dumping data for table `courselist`
--

INSERT INTO `courselist` (`cid`, `ccode`, `cname`, `deptid`, `year`, `semester`, `credit`, `type`) VALUES
(2, 'CSE3103', 'Data Communicaton', 1, '3rd', 'odd', 3, 'Theory'),
(4, 'CSE3109', 'Assembly language', 1, '3rd', 'odd', 3, 'Theory'),
(5, 'CSE3105', 'software engineering', 1, '3rd', 'odd', 3, 'Theory'),
(6, 'CSE3107', 'applied statistics', 1, '3rd', 'odd', 3, 'Theory'),
(7, 'CSE3101', 'database system', 1, '3rd', 'odd', 3, 'Theory'),
(9, 'CSE3201', 'Operating Systems', 1, '3rd', 'even', 3, 'Theory'),
(10, 'CSE3203', 'Computer Architecture and Design', 1, '3rd', 'even', 3, 'Theory'),
(11, 'CSE3205', 'Computer Networks', 1, '3rd', 'even', 3, 'Theory'),
(12, 'CSE3207', 'Peripherals and Interfacings', 1, '3rd', 'even', 3, 'Theory'),
(13, 'CSE3209', 'Artificial Intelligence', 1, '3rd', 'even', 3, 'Theory'),
(14, 'EEE 1151', 'Basic Electrical Engineering', 1, '1st', 'odd', 3, 'Theory'),
(15, 'Math 1113', 'Differential and Integral Calculus', 1, '1st', 'odd', 3, 'Theory'),
(16, 'Hum 1113', 'Functional English', 1, '1st', 'odd', 3, 'Theory'),
(17, 'Chem1113', 'Inorganic and Physical Chemistry', 1, '1st', 'odd', 3, 'Theory'),
(18, 'CSE 1201', 'Data Structure', 1, '1st', 'even', 3, 'Theory'),
(19, 'CSE 1203', 'Object Oriented Programming', 1, '1st', 'even', 3, 'Theory'),
(20, 'Math1213', 'Co-ordinate Geometry and Ordinary Differential Equation', 1, '1st', 'even', 3, 'Theory'),
(21, 'Hum1213', 'Economics, Government and Sociology', 1, '1st', 'even', 3, 'Theory'),
(22, 'Phy 1213', 'Physics', 1, '1st', 'even', 3, 'Theory'),
(23, 'CSE 2101', 'Discrete Mathematics', 1, '2nd', 'odd', 3, 'Theory'),
(24, 'CSE 2103', 'Numerical Methods', 1, '2nd', 'odd', 3, 'Theory'),
(25, 'EEE 2151', 'Analog Electronics', 1, '2nd', 'odd', 3, 'Theory'),
(26, 'Math 2113', 'Vector Analysis and Linear Algebra', 1, '2nd', 'odd', 3, 'Theory'),
(27, 'Hum 2113', 'Industrial Management and Accountancy', 1, '2nd', 'odd', 3, 'Theory'),
(28, 'CSE 1101', 'Computer Programming', 1, '1st', 'odd', 3, 'Theory'),
(29, 'CSE 2201', 'Computer Algorithms', 1, '2nd', 'even', 3, 'Theory'),
(30, 'CSE 2203', 'Digital Techniques', 1, '2nd', 'even', 3, 'Theory'),
(31, 'CSE 2205', 'Finite Automata Theory', 1, '2nd', 'even', 3, 'Theory'),
(32, 'EEE 2251', 'Electrical Machines and Instrumentations', 1, '2nd', 'even', 3, 'Theory'),
(33, 'Math 2213', 'Complex Variable, Differential Equations and Harmonic Analysis', 1, '2nd', 'even', 3, 'Theory'),
(34, 'CSE 4101', 'Compiler Design', 1, '4th', 'odd', 3, 'Theory'),
(35, 'CSE 4103', 'Digital Signal Processing', 1, '4th', 'odd', 3, 'Theory'),
(36, 'CSE 4105', 'Digital Image Processing', 1, '4th', 'odd', 3, 'Theory'),
(37, 'CSE 1102', 'Sessional Based on CSE 1101', 1, '1st', 'odd', 1.5, 'Lab'),
(38, 'Hum 1114', 'English Language Lab', 1, '1st', 'odd', 1.5, 'Lab'),
(39, 'CSE 3100', 'Web Based Application Lab/Project', 1, '3rd', 'odd', 0.75, 'Project/Thesis'),
(40, 'CSE 3200', '3200 Software Development Project II', 1, '3rd', 'even', 0.75, 'Project/Thesis'),
(41, 'CSE 3202', 'Sessional Based on CSE 3201', 1, '3rd', 'even', 0.75, 'Lab');

-- --------------------------------------------------------

--
-- Table structure for table `dept`
--

CREATE TABLE `dept` (
  `deptid` int(11) NOT NULL,
  `deptcode` varchar(10) NOT NULL,
  `deptname` varchar(100) NOT NULL
) ENGINE=InnoDB DEFAULT CHARSET=utf8mb4 COLLATE=utf8mb4_general_ci;

--
-- Dumping data for table `dept`
--

INSERT INTO `dept` (`deptid`, `deptcode`, `deptname`) VALUES
(1, 'CSE', 'Computer Science and Engineering'),
(2, 'CE', 'Civil Engineering'),
(4, 'EEE', 'Electrical and Electronics Engineering'),
(5, 'ME', 'Mechanical Engineering'),
(6, 'MTE', 'Mechatronics Engineering'),
(7, 'URP', 'Urban & Regional Planning'),
(8, 'ECE', 'Electrical & Computer Engineering'),
(9, 'ETE', 'Electronics & Telecommunication Engineering'),
(10, 'BECM', 'Building Engineering & Construction Management'),
(11, 'IPE', 'Industrial & Production Engineering'),
(12, 'GCE', 'Glass and Ceramic Engineering');

-- --------------------------------------------------------

--
-- Table structure for table `finalmark`
--

CREATE TABLE `finalmark` (
  `id` int(11) NOT NULL,
  `roll` varchar(50) NOT NULL,
  `cid` int(50) NOT NULL,
  `partA` varchar(50) NOT NULL,
  `partB` varchar(50) NOT NULL,
  `teacher` varchar(50) NOT NULL
) ENGINE=InnoDB DEFAULT CHARSET=latin1 COLLATE=latin1_swedish_ci;

--
-- Dumping data for table `finalmark`
--

INSERT INTO `finalmark` (`id`, `roll`, `cid`, `partA`, `partB`, `teacher`) VALUES
(301, '1803061', 1, '5', '', 'DIP '),
(302, '1803062', 1, '', '6', 'DIP '),
(303, '1803063', 1, '5', '', 'DIP '),
(304, '1803064', 1, '7', '', 'DIP '),
(305, '1803065', 1, '', '', 'DIP '),
(306, '1803066', 1, '', '3', 'DIP '),
(307, '1803067', 1, '23', '12', 'DIP '),
(308, '1803068', 1, '', '', 'DIP '),
(309, '1803069', 1, '', '', 'DIP '),
(310, '1803070', 1, '', '', 'DIP '),
(311, '1803071', 1, '', '', 'DIP '),
(312, '1803072', 1, '', '', 'DIP '),
(313, '1803073', 1, '', '', 'DIP '),
(314, '1803074', 1, '4', '', 'DIP '),
(315, '1803075', 1, '', '', 'DIP '),
(316, '1803076', 1, '', '', 'DIP '),
(317, '1803077', 1, '', '', 'DIP '),
(318, '1803078', 1, '', '', 'DIP '),
(319, '1803079', 1, '', '', 'DIP '),
(320, '1803080', 1, '', '', 'DIP '),
(321, '1803081', 1, '', '', 'DIP '),
(322, '1803082', 1, '', '', 'DIP '),
(323, '1803083', 1, '', '', 'DIP '),
(324, '1803084', 1, '4', '6', 'DIP '),
(325, '1803085', 1, '', '', 'DIP '),
(326, '1803086', 1, '', '', 'DIP '),
(327, '1803087', 1, '', '', 'DIP '),
(328, '1803088', 1, '', '', 'DIP '),
(329, '1803089', 1, '', '', 'DIP '),
(330, '1803090', 1, '', '', 'DIP '),
(331, '1803091', 1, '', '', 'DIP '),
(332, '1803092', 1, '', '', 'DIP '),
(333, '1803093', 1, '', '', 'DIP '),
(334, '1803094', 1, '', '', 'DIP '),
(335, '1803095', 1, '', '', 'DIP '),
(336, '1803096', 1, '7', '', 'DIP '),
(337, '1803097', 1, '', '', 'DIP '),
(338, '1803098', 1, '', '', 'DIP '),
(339, '1803099', 1, '', '', 'DIP '),
(340, '1803100', 1, '', '', 'DIP '),
(341, '1803101', 1, '', '', 'DIP '),
(342, '1803102', 1, '', '', 'DIP '),
(343, '1803103', 1, '', '', 'DIP '),
(344, '1803104', 1, '', '', 'DIP '),
(345, '1803105', 1, '', '', 'DIP '),
(346, '1803106', 1, '', '', 'DIP '),
(347, '1803107', 1, '', '', 'DIP '),
(348, '1803108', 1, '4', '', 'DIP '),
(349, '1803109', 1, '', '', 'DIP '),
(350, '1803110', 1, '', '', 'DIP '),
(351, '1803111', 1, '', '', 'DIP '),
(352, '1803112', 1, '', '', 'DIP '),
(353, '1803113', 1, '', '', 'DIP '),
(354, '1803114', 1, '', '', 'DIP '),
(355, '1803115', 1, '', '', 'DIP '),
(356, '1803116', 1, '', '', 'DIP '),
(357, '1803117', 1, '', '', 'DIP '),
(358, '1803118', 1, '', '', 'DIP '),
(359, '1803119', 1, '', '', 'DIP '),
(360, '1803120', 1, '', '', 'DIP '),
(361, '1803061', 6, '14', '', 'tcr'),
(362, '1803062', 6, '4', '20', 'tcr'),
(363, '1803063', 6, '8', '6', 'tcr'),
(364, '1803064', 6, '7', '19', 'tcr'),
(365, '1803065', 6, '17', '18', 'tcr'),
(366, '1803066', 6, '', '', 'tcr'),
(367, '1803067', 6, '18', '26', 'tcr'),
(368, '1803068', 6, '', '', 'tcr'),
(369, '1803069', 6, '', '', 'tcr'),
(370, '1803070', 6, '', '', 'tcr'),
(371, '1803071', 6, '', '', 'tcr'),
(372, '1803072', 6, '', '', 'tcr'),
(373, '1803073', 6, '', '', 'tcr'),
(374, '1803074', 6, '', '', 'tcr'),
(375, '1803075', 6, '', '', 'tcr'),
(376, '1803076', 6, '', '', 'tcr'),
(377, '1803077', 6, '', '', 'tcr'),
(378, '1803078', 6, '', '', 'tcr'),
(379, '1803079', 6, '', '', 'tcr'),
(380, '1803080', 6, '', '', 'tcr'),
(381, '1803081', 6, '', '', 'tcr'),
(382, '1803082', 6, '5', '', 'tcr'),
(383, '1803083', 6, '', '4', 'tcr'),
(384, '1803084', 6, '', '', 'tcr'),
(385, '1803085', 6, '', '', 'tcr'),
(386, '1803086', 6, '', '', 'tcr'),
(387, '1803087', 6, '', '', 'tcr'),
(388, '1803088', 6, '', '', 'tcr'),
(389, '1803089', 6, '', '', 'tcr'),
(390, '1803090', 6, '', '', 'tcr'),
(391, '1803091', 6, '', '', 'tcr'),
(392, '1803092', 6, '', '', 'tcr'),
(393, '1803093', 6, '', '', 'tcr'),
(394, '1803094', 6, '', '', 'tcr'),
(395, '1803095', 6, '', '', 'tcr'),
(396, '1803096', 6, '', '', 'tcr'),
(397, '1803097', 6, '', '', 'tcr'),
(398, '1803098', 6, '', '', 'tcr'),
(399, '1803099', 6, '', '', 'tcr'),
(400, '1803100', 6, '', '', 'tcr'),
(401, '1803101', 6, '', '', 'tcr'),
(402, '1803102', 6, '', '', 'tcr'),
(403, '1803103', 6, '', '', 'tcr'),
(404, '1803104', 6, '', '', 'tcr'),
(405, '1803105', 6, '', '', 'tcr'),
(406, '1803106', 6, '', '', 'tcr'),
(407, '1803107', 6, '', '', 'tcr'),
(408, '1803108', 6, '', '', 'tcr'),
(409, '1803109', 6, '', '', 'tcr'),
(410, '1803110', 6, '', '', 'tcr'),
(411, '1803111', 6, '', '', 'tcr'),
(412, '1803112', 6, '', '', 'tcr'),
(413, '1803113', 6, '', '', 'tcr'),
(414, '1803114', 6, '', '', 'tcr'),
(415, '1803115', 6, '22', '19', 'tcr'),
(416, '1803116', 6, '', '', 'tcr'),
(417, '1803117', 6, '', '', 'tcr'),
(418, '1803118', 6, '', '', 'tcr'),
(419, '1803119', 6, '', '', 'tcr'),
(420, '1803120', 6, '', '', 'tcr'),
(421, '1803061', 5, '9', '11', 'DIP '),
(422, '1803062', 5, '', '6', 'DIP '),
(423, '1803063', 5, '', '7', 'DIP '),
(424, '1803064', 5, '8', '', 'DIP '),
(425, '1803065', 5, '', '', 'DIP '),
(426, '1803066', 5, '', '', 'DIP '),
(427, '1803067', 5, '17', '11', 'DIP '),
(428, '1803068', 5, '', '', 'DIP '),
(429, '1803069', 5, '', '', 'DIP '),
(430, '1803070', 5, '', '', 'DIP '),
(431, '1803071', 5, '', '', 'DIP '),
(432, '1803072', 5, '', '', 'DIP '),
(433, '1803073', 5, '', '', 'DIP '),
(434, '1803074', 5, '', '', 'DIP '),
(435, '1803075', 5, '', '', 'DIP '),
(436, '1803076', 5, '9', '', 'DIP '),
(437, '1803077', 5, '', '', 'DIP '),
(438, '1803078', 5, '', '', 'DIP '),
(439, '1803079', 5, '', '', 'DIP '),
(440, '1803080', 5, '', '', 'DIP '),
(441, '1803081', 5, '', '', 'DIP '),
(442, '1803082', 5, '', '', 'DIP '),
(443, '1803083', 5, '', '', 'DIP '),
(444, '1803084', 5, '', '', 'DIP '),
(445, '1803085', 5, '', '', 'DIP '),
(446, '1803086', 5, '', '', 'DIP '),
(447, '1803087', 5, '', '6', 'DIP '),
(448, '1803088', 5, '', '', 'DIP '),
(449, '1803089', 5, '', '', 'DIP '),
(450, '1803090', 5, '', '', 'DIP '),
(451, '1803091', 5, '', '', 'DIP '),
(452, '1803092', 5, '', '', 'DIP '),
(453, '1803093', 5, '', '', 'DIP '),
(454, '1803094', 5, '', '', 'DIP '),
(455, '1803095', 5, '', '', 'DIP '),
(456, '1803096', 5, '', '', 'DIP '),
(457, '1803097', 5, '', '', 'DIP '),
(458, '1803098', 5, '', '', 'DIP '),
(459, '1803099', 5, '', '', 'DIP '),
(460, '1803100', 5, '', '', 'DIP '),
(461, '1803101', 5, '', '', 'DIP '),
(462, '1803102', 5, '', '', 'DIP '),
(463, '1803103', 5, '', '', 'DIP '),
(464, '1803104', 5, '', '', 'DIP '),
(465, '1803105', 5, '', '', 'DIP '),
(466, '1803106', 5, '', '', 'DIP '),
(467, '1803107', 5, '', '', 'DIP '),
(468, '1803108', 5, '', '', 'DIP '),
(469, '1803109', 5, '', '', 'DIP '),
(470, '1803110', 5, '', '', 'DIP '),
(471, '1803111', 5, '', '', 'DIP '),
(472, '1803112', 5, '', '', 'DIP '),
(473, '1803113', 5, '', '', 'DIP '),
(474, '1803114', 5, '', '', 'DIP '),
(475, '1803115', 5, '', '', 'DIP '),
(476, '1803116', 5, '', '', 'DIP '),
(477, '1803117', 5, '', '', 'DIP '),
(478, '1803118', 5, '', '', 'DIP '),
(479, '1803119', 5, '', '', 'DIP '),
(480, '1803120', 5, '', '', 'DIP '),
(481, '1803061', 4, '', '10', 'DIP '),
(482, '1803062', 4, '', '', 'DIP '),
(483, '1803063', 4, '', '', 'DIP '),
(484, '1803064', 4, '7', '', 'DIP '),
(485, '1803065', 4, '', '', 'DIP '),
(486, '1803066', 4, '', '', 'DIP '),
(487, '1803067', 4, '20', '22', 'DIP '),
(488, '1803068', 4, '', '', 'DIP '),
(489, '1803069', 4, '', '', 'DIP '),
(490, '1803070', 4, '', '', 'DIP '),
(491, '1803071', 4, '', '', 'DIP '),
(492, '1803072', 4, '', '13', 'DIP '),
(493, '1803073', 4, '', '', 'DIP '),
(494, '1803074', 4, '', '', 'DIP '),
(495, '1803075', 4, '', '', 'DIP '),
(496, '1803076', 4, '', '', 'DIP '),
(497, '1803077', 4, '', '', 'DIP '),
(498, '1803078', 4, '', '', 'DIP '),
(499, '1803079', 4, '', '', 'DIP '),
(500, '1803080', 4, '', '', 'DIP '),
(501, '1803081', 4, '', '', 'DIP '),
(502, '1803082', 4, '12', '', 'DIP '),
(503, '1803083', 4, '', '', 'DIP '),
(504, '1803084', 4, '', '', 'DIP '),
(505, '1803085', 4, '', '', 'DIP '),
(506, '1803086', 4, '', '', 'DIP '),
(507, '1803087', 4, '', '', 'DIP '),
(508, '1803088', 4, '', '', 'DIP '),
(509, '1803089', 4, '', '', 'DIP '),
(510, '1803090', 4, '', '', 'DIP '),
(511, '1803091', 4, '', '', 'DIP '),
(512, '1803092', 4, '', '', 'DIP '),
(513, '1803093', 4, '', '6', 'DIP '),
(514, '1803094', 4, '', '', 'DIP '),
(515, '1803095', 4, '', '', 'DIP '),
(516, '1803096', 4, '', '', 'DIP '),
(517, '1803097', 4, '', '', 'DIP '),
(518, '1803098', 4, '', '', 'DIP '),
(519, '1803099', 4, '', '', 'DIP '),
(520, '1803100', 4, '', '', 'DIP '),
(521, '1803101', 4, '', '', 'DIP '),
(522, '1803102', 4, '', '', 'DIP '),
(523, '1803103', 4, '', '', 'DIP '),
(524, '1803104', 4, '', '', 'DIP '),
(525, '1803105', 4, '', '', 'DIP '),
(526, '1803106', 4, '', '', 'DIP '),
(527, '1803107', 4, '', '', 'DIP '),
(528, '1803108', 4, '', '', 'DIP '),
(529, '1803109', 4, '', '', 'DIP '),
(530, '1803110', 4, '', '', 'DIP '),
(531, '1803111', 4, '', '', 'DIP '),
(532, '1803112', 4, '', '', 'DIP '),
(533, '1803113', 4, '', '', 'DIP '),
(534, '1803114', 4, '', '', 'DIP '),
(535, '1803115', 4, '', '', 'DIP '),
(536, '1803116', 4, '', '', 'DIP '),
(537, '1803117', 4, '', '', 'DIP '),
(538, '1803118', 4, '', '', 'DIP '),
(539, '1803119', 4, '', '', 'DIP '),
(540, '1803120', 4, '', '', 'DIP '),
(541, '1803061', 30, '24', '6', 'DIP '),
(542, '1803062', 30, '8', '5', 'DIP '),
(543, '1803063', 30, '', '1', 'DIP '),
(544, '1803064', 30, '3', '', 'DIP '),
(545, '1803065', 30, '', '4', 'DIP '),
(546, '1803066', 30, '', '', 'DIP '),
(547, '1803067', 30, '', '', 'DIP '),
(548, '1803068', 30, '', '5', 'DIP '),
(549, '1803069', 30, '5', '', 'DIP '),
(550, '1803070', 30, '', '5', 'DIP '),
(551, '1803071', 30, '6', '', 'DIP '),
(552, '1803072', 30, '5', '', 'DIP '),
(553, '1803073', 30, '', '', 'DIP '),
(554, '1803074', 30, '', '', 'DIP '),
(555, '1803075', 30, '', '', 'DIP '),
(556, '1803076', 30, '', '', 'DIP '),
(557, '1803077', 30, '', '', 'DIP '),
(558, '1803078', 30, '', '', 'DIP '),
(559, '1803079', 30, '', '', 'DIP '),
(560, '1803080', 30, '', '', 'DIP '),
(561, '1803081', 30, '', '', 'DIP '),
(562, '1803082', 30, '', '', 'DIP '),
(563, '1803083', 30, '', '', 'DIP '),
(564, '1803084', 30, '', '', 'DIP '),
(565, '1803085', 30, '', '', 'DIP '),
(566, '1803086', 30, '', '', 'DIP '),
(567, '1803087', 30, '', '', 'DIP '),
(568, '1803088', 30, '', '7', 'DIP '),
(569, '1803089', 30, '8', '2', 'DIP '),
(570, '1803090', 30, '', '', 'DIP '),
(571, '1803091', 30, '', '', 'DIP '),
(572, '1803092', 30, '', '', 'DIP '),
(573, '1803093', 30, '', '', 'DIP '),
(574, '1803094', 30, '', '', 'DIP '),
(575, '1803095', 30, '', '', 'DIP '),
(576, '1803096', 30, '', '', 'DIP '),
(577, '1803097', 30, '', '', 'DIP '),
(578, '1803098', 30, '', '', 'DIP '),
(579, '1803099', 30, '', '', 'DIP '),
(580, '1803100', 30, '', '', 'DIP '),
(581, '1803101', 30, '', '', 'DIP '),
(582, '1803102', 30, '', '', 'DIP '),
(583, '1803103', 30, '', '', 'DIP '),
(584, '1803104', 30, '', '', 'DIP '),
(585, '1803105', 30, '', '', 'DIP '),
(586, '1803106', 30, '', '', 'DIP '),
(587, '1803107', 30, '23', '', 'DIP '),
(588, '1803108', 30, '', '', 'DIP '),
(589, '1803109', 30, '', '', 'DIP '),
(590, '1803110', 30, '', '', 'DIP '),
(591, '1803111', 30, '', '', 'DIP '),
(592, '1803112', 30, '', '', 'DIP '),
(593, '1803113', 30, '', '', 'DIP '),
(594, '1803114', 30, '', '', 'DIP '),
(595, '1803115', 30, '', '', 'DIP '),
(596, '1803116', 30, '5', '4', 'DIP '),
(597, '1803117', 30, '', '', 'DIP '),
(598, '1803118', 30, '', '', 'DIP '),
(599, '1803119', 30, '', '', 'DIP '),
(600, '1803120', 30, '', '', 'DIP '),
(601, '1803061', 12, '', '', 'DIP '),
(602, '1803062', 12, '', '6', 'DIP '),
(603, '1803063', 12, '', '', 'DIP '),
(604, '1803064', 12, '6', '6', 'DIP '),
(605, '1803065', 12, '', '', 'DIP '),
(606, '1803066', 12, '', '', 'DIP '),
(607, '1803067', 12, '', '', 'DIP '),
(608, '1803068', 12, '', '', 'DIP '),
(609, '1803069', 12, '', '', 'DIP '),
(610, '1803070', 12, '', '', 'DIP '),
(611, '1803071', 12, '', '', 'DIP '),
(612, '1803072', 12, '', '', 'DIP '),
(613, '1803073', 12, '', '', 'DIP '),
(614, '1803074', 12, '', '', 'DIP '),
(615, '1803075', 12, '', '', 'DIP '),
(616, '1803076', 12, '', '', 'DIP '),
(617, '1803077', 12, '', '', 'DIP '),
(618, '1803078', 12, '', '', 'DIP '),
(619, '1803079', 12, '', '', 'DIP '),
(620, '1803080', 12, '', '', 'DIP '),
(621, '1803081', 12, '', '', 'DIP '),
(622, '1803082', 12, '', '', 'DIP '),
(623, '1803083', 12, '', '', 'DIP '),
(624, '1803084', 12, '', '', 'DIP '),
(625, '1803085', 12, '', '', 'DIP '),
(626, '1803086', 12, '', '', 'DIP '),
(627, '1803087', 12, '', '', 'DIP '),
(628, '1803088', 12, '', '', 'DIP '),
(629, '1803089', 12, '', '', 'DIP '),
(630, '1803090', 12, '', '', 'DIP '),
(631, '1803091', 12, '', '', 'DIP '),
(632, '1803092', 12, '', '', 'DIP '),
(633, '1803093', 12, '', '', 'DIP '),
(634, '1803094', 12, '', '', 'DIP '),
(635, '1803095', 12, '', '', 'DIP '),
(636, '1803096', 12, '', '', 'DIP '),
(637, '1803097', 12, '', '', 'DIP '),
(638, '1803098', 12, '', '', 'DIP '),
(639, '1803099', 12, '', '', 'DIP '),
(640, '1803100', 12, '', '', 'DIP '),
(641, '1803101', 12, '', '', 'DIP '),
(642, '1803102', 12, '', '', 'DIP '),
(643, '1803103', 12, '', '', 'DIP '),
(644, '1803104', 12, '', '', 'DIP '),
(645, '1803105', 12, '', '', 'DIP '),
(646, '1803106', 12, '', '', 'DIP '),
(647, '1803107', 12, '', '', 'DIP '),
(648, '1803108', 12, '', '', 'DIP '),
(649, '1803109', 12, '', '', 'DIP '),
(650, '1803110', 12, '', '', 'DIP '),
(651, '1803111', 12, '', '', 'DIP '),
(652, '1803112', 12, '', '', 'DIP '),
(653, '1803113', 12, '', '', 'DIP '),
(654, '1803114', 12, '', '', 'DIP '),
(655, '1803115', 12, '', '', 'DIP '),
(656, '1803116', 12, '', '', 'DIP '),
(657, '1803117', 12, '', '', 'DIP '),
(658, '1803118', 12, '', '', 'DIP '),
(659, '1803119', 12, '', '', 'DIP '),
(660, '1803120', 12, '', '', 'DIP ');

-- --------------------------------------------------------

--
-- Table structure for table `lab`
--

CREATE TABLE `lab` (
  `roll` int(11) NOT NULL,
  `cid` int(11) NOT NULL,
  `quiz` int(11) NOT NULL,
  `perform` int(11) NOT NULL,
  `viva` int(11) NOT NULL
) ENGINE=InnoDB DEFAULT CHARSET=utf8mb4 COLLATE=utf8mb4_general_ci;

--
-- Dumping data for table `lab`
--

INSERT INTO `lab` (`roll`, `cid`, `quiz`, `perform`, `viva`) VALUES
(1803061, 37, 20, 0, 0),
(1803062, 37, 0, 7, 5),
(1803063, 37, 6, 0, 4),
(1803064, 37, 0, 5, 5),
(1803065, 37, 0, 0, 0),
(1803066, 37, 0, 0, 0),
(1803067, 37, 8, 12, 6),
(1803068, 37, 0, 0, 0),
(1803069, 37, 0, 0, 0),
(1803070, 37, 0, 0, 0),
(1803071, 37, 0, 0, 0),
(1803072, 37, 0, 0, 0),
(1803073, 37, 0, 0, 0),
(1803074, 37, 10, 9, 8),
(1803075, 37, 0, 0, 0),
(1803076, 37, 0, 0, 0),
(1803077, 37, 0, 0, 0),
(1803078, 37, 0, 0, 0),
(1803079, 37, 0, 0, 0),
(1803080, 37, 0, 0, 0),
(1803081, 37, 0, 0, 0),
(1803082, 37, 0, 0, 0),
(1803083, 37, 0, 0, 0),
(1803084, 37, 0, 0, 0),
(1803085, 37, 0, 0, 0),
(1803086, 37, 0, 0, 0),
(1803087, 37, 0, 0, 0),
(1803088, 37, 0, 0, 0),
(1803089, 37, 0, 0, 0),
(1803090, 37, 0, 0, 0),
(1803091, 37, 0, 0, 0),
(1803092, 37, 0, 0, 0),
(1803093, 37, 0, 0, 0),
(1803094, 37, 0, 0, 0),
(1803095, 37, 0, 0, 0),
(1803096, 37, 0, 0, 0),
(1803097, 37, 0, 0, 0),
(1803098, 37, 0, 0, 0),
(1803099, 37, 0, 0, 0),
(1803100, 37, 0, 0, 0),
(1803101, 37, 0, 0, 0),
(1803102, 37, 0, 0, 0),
(1803103, 37, 0, 0, 0),
(1803104, 37, 0, 0, 0),
(1803105, 37, 0, 0, 0),
(1803106, 37, 0, 0, 0),
(1803107, 37, 0, 0, 0),
(1803108, 37, 0, 0, 0),
(1803109, 37, 0, 0, 0),
(1803110, 37, 0, 0, 0),
(1803111, 37, 0, 0, 0),
(1803112, 37, 0, 0, 0),
(1803113, 37, 0, 0, 0),
(1803114, 37, 0, 0, 0),
(1803115, 37, 0, 0, 0),
(1803116, 37, 0, 0, 0),
(1803117, 37, 0, 0, 0),
(1803118, 37, 0, 0, 0),
(1803119, 37, 0, 0, 0),
(1803120, 37, 0, 0, 0);

-- --------------------------------------------------------

--
-- Table structure for table `login`
--

CREATE TABLE `login` (
  `id` int(11) NOT NULL,
  `email` varchar(50) NOT NULL,
  `password` varchar(50) NOT NULL,
  `type` varchar(50) NOT NULL,
  `name` varchar(100) NOT NULL,
  `dept` varchar(100) NOT NULL,
  `phone` varchar(50) NOT NULL,
  `roll` varchar(50) NOT NULL
) ENGINE=InnoDB DEFAULT CHARSET=latin1 COLLATE=latin1_swedish_ci;

--
-- Dumping data for table `login`
--

INSERT INTO `login` (`id`, `email`, `password`, `type`, `name`, `dept`, `phone`, `roll`) VALUES
(1, 'diphalder716@gmail.com', '123456', 'Student', 'Dip halder', '1', '1234567890', '1803067'),
(2, 'dip.h.4444@gmail.com', '12345678', 'Teacher', 'DIP ', '1', '1234565', ''),
(100, 'admin@gmail.com', 'admin123', 'Admin', 'Admin', '', '', ''),
(111, 'tcr@gmail.com', '123456', 'Teacher', 'tcr', '1', '12345', ''),
(112, 'tiham@gmail.com', '123456', 'Student', 'tiham', '1', '12345', '1803067'),
(113, 'stu123@gmail.com', '123456', 'Student', 'stu', '1', '12345', '1803076'),
(114, 'mrx@gmail.com', '123456', 'Teacher', 'mrX', '1', '12345', ''),
(115, 'tcr2@gmail.com', 'tcr', 'Teacher', 'tcr', '1', '', '');

-- --------------------------------------------------------

--
-- Table structure for table `marks`
--

CREATE TABLE `marks` (
  `id` int(11) NOT NULL,
  `roll` varchar(50) NOT NULL,
  `cid` int(50) NOT NULL,
  `ctNo` varchar(50) NOT NULL,
  `marks` varchar(50) NOT NULL,
  `teacher` varchar(50) NOT NULL
) ENGINE=InnoDB DEFAULT CHARSET=latin1 COLLATE=latin1_swedish_ci;

--
-- Dumping data for table `marks`
--

INSERT INTO `marks` (`id`, `roll`, `cid`, `ctNo`, `marks`, `teacher`) VALUES
(487, '1803061', 1, '1', '3', 'DIP '),
(488, '1803062', 1, '1', '11', 'DIP '),
(489, '1803063', 1, '1', '15', 'DIP '),
(490, '1803064', 1, '1', '15', 'DIP '),
(491, '1803065', 1, '1', '3', 'DIP '),
(492, '1803066', 1, '1', 'A', 'DIP '),
(493, '1803067', 1, '1', '10', 'DIP '),
(494, '1803068', 1, '1', 'A', 'DIP '),
(495, '1803069', 1, '1', '12', 'DIP '),
(496, '1803070', 1, '1', '4', 'DIP '),
(497, '1803071', 1, '1', '5', 'DIP '),
(498, '1803072', 1, '1', '6', 'DIP '),
(499, '1803073', 1, '1', 'A', 'DIP '),
(500, '1803074', 1, '1', '7', 'DIP '),
(501, '1803075', 1, '1', '8', 'DIP '),
(502, '1803076', 1, '1', 'A', 'DIP '),
(503, '1803077', 1, '1', 'A', 'DIP '),
(504, '1803078', 1, '1', '3', 'DIP '),
(505, '1803079', 1, '1', 'A', 'DIP '),
(506, '1803080', 1, '1', '5', 'DIP '),
(507, '1803081', 1, '1', '6', 'DIP '),
(508, '1803082', 1, '1', 'A', 'DIP '),
(509, '1803083', 1, '1', '2', 'DIP '),
(510, '1803084', 1, '1', '5', 'DIP '),
(511, '1803085', 1, '1', 'A', 'DIP '),
(512, '1803086', 1, '1', '6', 'DIP '),
(513, '1803087', 1, '1', 'A', 'DIP '),
(514, '1803088', 1, '1', 'A', 'DIP '),
(515, '1803089', 1, '1', 'A', 'DIP '),
(516, '1803090', 1, '1', '7', 'DIP '),
(517, '1803091', 1, '1', '2', 'DIP '),
(518, '1803092', 1, '1', 'A', 'DIP '),
(519, '1803093', 1, '1', '5', 'DIP '),
(520, '1803094', 1, '1', 'A', 'DIP '),
(521, '1803095', 1, '1', 'A', 'DIP '),
(522, '1803096', 1, '1', 'A', 'DIP '),
(523, '1803097', 1, '1', 'A', 'DIP '),
(524, '1803098', 1, '1', 'A', 'DIP '),
(525, '1803099', 1, '1', 'A', 'DIP '),
(526, '1803100', 1, '1', 'A', 'DIP '),
(527, '1803101', 1, '1', 'A', 'DIP '),
(528, '1803102', 1, '1', 'A', 'DIP '),
(529, '1803103', 1, '1', 'A', 'DIP '),
(530, '1803104', 1, '1', 'A', 'DIP '),
(531, '1803105', 1, '1', 'A', 'DIP '),
(532, '1803106', 1, '1', '5', 'DIP '),
(533, '1803107', 1, '1', 'A', 'DIP '),
(534, '1803108', 1, '1', 'A', 'DIP '),
(535, '1803109', 1, '1', 'A', 'DIP '),
(536, '1803110', 1, '1', 'A', 'DIP '),
(537, '1803111', 1, '1', 'A', 'DIP '),
(538, '1803112', 1, '1', 'A', 'DIP '),
(539, '1803113', 1, '1', 'A', 'DIP '),
(540, '1803114', 1, '1', 'A', 'DIP '),
(541, '1803115', 1, '1', 'A', 'DIP '),
(542, '1803116', 1, '1', 'A', 'DIP '),
(543, '1803117', 1, '1', 'A', 'DIP '),
(544, '1803118', 1, '1', 'A', 'DIP '),
(545, '1803119', 1, '1', '5', 'DIP '),
(546, '1803120', 1, '1', 'A', 'DIP '),
(547, '1803061', 1, '3', 'A', 'DIP '),
(548, '1803062', 1, '3', 'A', 'DIP '),
(549, '1803063', 1, '3', '1', 'DIP '),
(550, '1803064', 1, '3', 'A', 'DIP '),
(551, '1803065', 1, '3', '5', 'DIP '),
(552, '1803066', 1, '3', '4', 'DIP '),
(553, '1803067', 1, '3', '2', 'DIP '),
(554, '1803068', 1, '3', '6', 'DIP '),
(555, '1803069', 1, '3', 'A', 'DIP '),
(556, '1803070', 1, '3', 'A', 'DIP '),
(557, '1803071', 1, '3', 'A', 'DIP '),
(558, '1803072', 1, '3', 'A', 'DIP '),
(559, '1803073', 1, '3', 'A', 'DIP '),
(560, '1803074', 1, '3', 'A', 'DIP '),
(561, '1803075', 1, '3', 'A', 'DIP '),
(562, '1803076', 1, '3', 'A', 'DIP '),
(563, '1803077', 1, '3', 'A', 'DIP '),
(564, '1803078', 1, '3', 'A', 'DIP '),
(565, '1803079', 1, '3', 'A', 'DIP '),
(566, '1803080', 1, '3', 'A', 'DIP '),
(567, '1803081', 1, '3', 'A', 'DIP '),
(568, '1803082', 1, '3', 'A', 'DIP '),
(569, '1803083', 1, '3', 'A', 'DIP '),
(570, '1803084', 1, '3', 'A', 'DIP '),
(571, '1803085', 1, '3', 'A', 'DIP '),
(572, '1803086', 1, '3', 'A', 'DIP '),
(573, '1803087', 1, '3', 'A', 'DIP '),
(574, '1803088', 1, '3', 'A', 'DIP '),
(575, '1803089', 1, '3', 'A', 'DIP '),
(576, '1803090', 1, '3', 'A', 'DIP '),
(577, '1803091', 1, '3', 'A', 'DIP '),
(578, '1803092', 1, '3', 'A', 'DIP '),
(579, '1803093', 1, '3', 'A', 'DIP '),
(580, '1803094', 1, '3', 'A', 'DIP '),
(581, '1803095', 1, '3', 'A', 'DIP '),
(582, '1803096', 1, '3', 'A', 'DIP '),
(583, '1803097', 1, '3', 'A', 'DIP '),
(584, '1803098', 1, '3', 'A', 'DIP '),
(585, '1803099', 1, '3', 'A', 'DIP '),
(586, '1803100', 1, '3', '3', 'DIP '),
(587, '1803101', 1, '3', '4', 'DIP '),
(588, '1803102', 1, '3', 'A', 'DIP '),
(589, '1803103', 1, '3', 'A', 'DIP '),
(590, '1803104', 1, '3', 'A', 'DIP '),
(591, '1803105', 1, '3', 'A', 'DIP '),
(592, '1803106', 1, '3', 'A', 'DIP '),
(593, '1803107', 1, '3', 'A', 'DIP '),
(594, '1803108', 1, '3', 'A', 'DIP '),
(595, '1803109', 1, '3', 'A', 'DIP '),
(596, '1803110', 1, '3', 'A', 'DIP '),
(597, '1803111', 1, '3', 'A', 'DIP '),
(598, '1803112', 1, '3', 'A', 'DIP '),
(599, '1803113', 1, '3', 'A', 'DIP '),
(600, '1803114', 1, '3', 'A', 'DIP '),
(601, '1803115', 1, '3', 'A', 'DIP '),
(602, '1803116', 1, '3', 'A', 'DIP '),
(603, '1803117', 1, '3', 'A', 'DIP '),
(604, '1803118', 1, '3', 'A', 'DIP '),
(605, '1803119', 1, '3', 'A', 'DIP '),
(606, '1803120', 1, '3', 'A', 'DIP '),
(607, '1803061', 6, '3', '5', 'tcr'),
(608, '1803062', 6, '3', '5', 'tcr'),
(609, '1803063', 6, '3', 'A', 'tcr'),
(610, '1803064', 6, '3', 'A', 'tcr'),
(611, '1803065', 6, '3', '5', 'tcr'),
(612, '1803066', 6, '3', 'A', 'tcr'),
(613, '1803067', 6, '3', '6', 'tcr'),
(614, '1803068', 6, '3', 'A', 'tcr'),
(615, '1803069', 6, '3', 'A', 'tcr'),
(616, '1803070', 6, '3', 'A', 'tcr'),
(617, '1803071', 6, '3', 'A', 'tcr'),
(618, '1803072', 6, '3', 'A', 'tcr'),
(619, '1803073', 6, '3', 'A', 'tcr'),
(620, '1803074', 6, '3', 'A', 'tcr'),
(621, '1803075', 6, '3', 'A', 'tcr'),
(622, '1803076', 6, '3', 'A', 'tcr'),
(623, '1803077', 6, '3', 'A', 'tcr'),
(624, '1803078', 6, '3', 'A', 'tcr'),
(625, '1803079', 6, '3', 'A', 'tcr'),
(626, '1803080', 6, '3', 'A', 'tcr'),
(627, '1803081', 6, '3', 'A', 'tcr'),
(628, '1803082', 6, '3', 'A', 'tcr'),
(629, '1803083', 6, '3', 'A', 'tcr'),
(630, '1803084', 6, '3', 'A', 'tcr'),
(631, '1803085', 6, '3', 'A', 'tcr'),
(632, '1803086', 6, '3', 'A', 'tcr'),
(633, '1803087', 6, '3', 'A', 'tcr'),
(634, '1803088', 6, '3', 'A', 'tcr'),
(635, '1803089', 6, '3', 'A', 'tcr'),
(636, '1803090', 6, '3', 'A', 'tcr'),
(637, '1803091', 6, '3', 'A', 'tcr'),
(638, '1803092', 6, '3', 'A', 'tcr'),
(639, '1803093', 6, '3', 'A', 'tcr'),
(640, '1803094', 6, '3', 'A', 'tcr'),
(641, '1803095', 6, '3', 'A', 'tcr'),
(642, '1803096', 6, '3', 'A', 'tcr'),
(643, '1803097', 6, '3', 'A', 'tcr'),
(644, '1803098', 6, '3', 'A', 'tcr'),
(645, '1803099', 6, '3', 'A', 'tcr'),
(646, '1803100', 6, '3', 'A', 'tcr'),
(647, '1803101', 6, '3', 'A', 'tcr'),
(648, '1803102', 6, '3', 'A', 'tcr'),
(649, '1803103', 6, '3', 'A', 'tcr'),
(650, '1803104', 6, '3', 'A', 'tcr'),
(651, '1803105', 6, '3', 'A', 'tcr'),
(652, '1803106', 6, '3', 'A', 'tcr'),
(653, '1803107', 6, '3', 'A', 'tcr'),
(654, '1803108', 6, '3', 'A', 'tcr'),
(655, '1803109', 6, '3', 'A', 'tcr'),
(656, '1803110', 6, '3', 'A', 'tcr'),
(657, '1803111', 6, '3', 'A', 'tcr'),
(658, '1803112', 6, '3', 'A', 'tcr'),
(659, '1803113', 6, '3', 'A', 'tcr'),
(660, '1803114', 6, '3', 'A', 'tcr'),
(661, '1803115', 6, '3', 'A', 'tcr'),
(662, '1803116', 6, '3', 'A', 'tcr'),
(663, '1803117', 6, '3', 'A', 'tcr'),
(664, '1803118', 6, '3', 'A', 'tcr'),
(665, '1803119', 6, '3', 'A', 'tcr'),
(666, '1803120', 6, '3', 'A', 'tcr'),
(667, '1803061', 6, '4', '5', 'tcr'),
(668, '1803062', 6, '4', 'A', 'tcr'),
(669, '1803063', 6, '4', 'A', 'tcr'),
(670, '1803064', 6, '4', 'A', 'tcr'),
(671, '1803065', 6, '4', '6', 'tcr'),
(672, '1803066', 6, '4', 'A', 'tcr'),
(673, '1803067', 6, '4', '6', 'tcr'),
(674, '1803068', 6, '4', 'A', 'tcr'),
(675, '1803069', 6, '4', 'A', 'tcr'),
(676, '1803070', 6, '4', 'A', 'tcr'),
(677, '1803071', 6, '4', 'A', 'tcr'),
(678, '1803072', 6, '4', 'A', 'tcr'),
(679, '1803073', 6, '4', 'A', 'tcr'),
(680, '1803074', 6, '4', 'A', 'tcr'),
(681, '1803075', 6, '4', 'A', 'tcr'),
(682, '1803076', 6, '4', 'A', 'tcr'),
(683, '1803077', 6, '4', 'A', 'tcr'),
(684, '1803078', 6, '4', 'A', 'tcr'),
(685, '1803079', 6, '4', 'A', 'tcr'),
(686, '1803080', 6, '4', 'A', 'tcr'),
(687, '1803081', 6, '4', 'A', 'tcr'),
(688, '1803082', 6, '4', 'A', 'tcr'),
(689, '1803083', 6, '4', 'A', 'tcr'),
(690, '1803084', 6, '4', 'A', 'tcr'),
(691, '1803085', 6, '4', 'A', 'tcr'),
(692, '1803086', 6, '4', 'A', 'tcr'),
(693, '1803087', 6, '4', 'A', 'tcr'),
(694, '1803088', 6, '4', 'A', 'tcr'),
(695, '1803089', 6, '4', 'A', 'tcr'),
(696, '1803090', 6, '4', 'A', 'tcr'),
(697, '1803091', 6, '4', 'A', 'tcr'),
(698, '1803092', 6, '4', 'A', 'tcr'),
(699, '1803093', 6, '4', 'A', 'tcr'),
(700, '1803094', 6, '4', 'A', 'tcr'),
(701, '1803095', 6, '4', 'A', 'tcr'),
(702, '1803096', 6, '4', 'A', 'tcr'),
(703, '1803097', 6, '4', 'A', 'tcr'),
(704, '1803098', 6, '4', 'A', 'tcr'),
(705, '1803099', 6, '4', 'A', 'tcr'),
(706, '1803100', 6, '4', 'A', 'tcr'),
(707, '1803101', 6, '4', 'A', 'tcr'),
(708, '1803102', 6, '4', '6', 'tcr'),
(709, '1803103', 6, '4', 'A', 'tcr'),
(710, '1803104', 6, '4', 'A', 'tcr'),
(711, '1803105', 6, '4', 'A', 'tcr'),
(712, '1803106', 6, '4', 'A', 'tcr'),
(713, '1803107', 6, '4', 'A', 'tcr'),
(714, '1803108', 6, '4', 'A', 'tcr'),
(715, '1803109', 6, '4', 'A', 'tcr'),
(716, '1803110', 6, '4', 'A', 'tcr'),
(717, '1803111', 6, '4', 'A', 'tcr'),
(718, '1803112', 6, '4', 'A', 'tcr'),
(719, '1803113', 6, '4', 'A', 'tcr'),
(720, '1803114', 6, '4', 'A', 'tcr'),
(721, '1803115', 6, '4', 'A', 'tcr'),
(722, '1803116', 6, '4', 'A', 'tcr'),
(723, '1803117', 6, '4', 'A', 'tcr'),
(724, '1803118', 6, '4', 'A', 'tcr'),
(725, '1803119', 6, '4', 'A', 'tcr'),
(726, '1803120', 6, '4', 'A', 'tcr'),
(727, '1803061', 6, '1', '4', 'tcr'),
(728, '1803062', 6, '1', 'A', 'tcr'),
(729, '1803063', 6, '1', '4', 'tcr'),
(730, '1803064', 6, '1', 'A', 'tcr'),
(731, '1803065', 6, '1', 'A', 'tcr'),
(732, '1803066', 6, '1', 'A', 'tcr'),
(733, '1803067', 6, '1', '3', 'tcr'),
(734, '1803068', 6, '1', 'A', 'tcr'),
(735, '1803069', 6, '1', 'A', 'tcr'),
(736, '1803070', 6, '1', 'A', 'tcr'),
(737, '1803071', 6, '1', 'A', 'tcr'),
(738, '1803072', 6, '1', 'A', 'tcr'),
(739, '1803073', 6, '1', 'A', 'tcr'),
(740, '1803074', 6, '1', 'A', 'tcr'),
(741, '1803075', 6, '1', 'A', 'tcr'),
(742, '1803076', 6, '1', 'A', 'tcr'),
(743, '1803077', 6, '1', 'A', 'tcr'),
(744, '1803078', 6, '1', 'A', 'tcr'),
(745, '1803079', 6, '1', 'A', 'tcr'),
(746, '1803080', 6, '1', 'A', 'tcr'),
(747, '1803081', 6, '1', 'A', 'tcr'),
(748, '1803082', 6, '1', 'A', 'tcr'),
(749, '1803083', 6, '1', '6', 'tcr'),
(750, '1803084', 6, '1', 'A', 'tcr'),
(751, '1803085', 6, '1', 'A', 'tcr'),
(752, '1803086', 6, '1', 'A', 'tcr'),
(753, '1803087', 6, '1', 'A', 'tcr'),
(754, '1803088', 6, '1', 'A', 'tcr'),
(755, '1803089', 6, '1', 'A', 'tcr'),
(756, '1803090', 6, '1', 'A', 'tcr'),
(757, '1803091', 6, '1', '6', 'tcr'),
(758, '1803092', 6, '1', 'A', 'tcr'),
(759, '1803093', 6, '1', 'A', 'tcr'),
(760, '1803094', 6, '1', 'A', 'tcr'),
(761, '1803095', 6, '1', 'A', 'tcr'),
(762, '1803096', 6, '1', 'A', 'tcr'),
(763, '1803097', 6, '1', 'A', 'tcr'),
(764, '1803098', 6, '1', '6', 'tcr'),
(765, '1803099', 6, '1', 'A', 'tcr'),
(766, '1803100', 6, '1', 'A', 'tcr'),
(767, '1803101', 6, '1', 'A', 'tcr'),
(768, '1803102', 6, '1', 'A', 'tcr'),
(769, '1803103', 6, '1', 'A', 'tcr'),
(770, '1803104', 6, '1', 'A', 'tcr'),
(771, '1803105', 6, '1', 'A', 'tcr'),
(772, '1803106', 6, '1', 'A', 'tcr'),
(773, '1803107', 6, '1', 'A', 'tcr'),
(774, '1803108', 6, '1', 'A', 'tcr'),
(775, '1803109', 6, '1', 'A', 'tcr'),
(776, '1803110', 6, '1', 'A', 'tcr'),
(777, '1803111', 6, '1', 'A', 'tcr'),
(778, '1803112', 6, '1', 'A', 'tcr'),
(779, '1803113', 6, '1', 'A', 'tcr'),
(780, '1803114', 6, '1', 'A', 'tcr'),
(781, '1803115', 6, '1', 'A', 'tcr'),
(782, '1803116', 6, '1', 'A', 'tcr'),
(783, '1803117', 6, '1', '4', 'tcr'),
(784, '1803118', 6, '1', 'A', 'tcr'),
(785, '1803119', 6, '1', 'A', 'tcr'),
(786, '1803120', 6, '1', 'A', 'tcr'),
(787, '1803061', 5, '1', '7', 'DIP '),
(788, '1803062', 5, '1', '9', 'DIP '),
(789, '1803063', 5, '1', '7', 'DIP '),
(790, '1803064', 5, '1', '9', 'DIP '),
(791, '1803065', 5, '1', 'A', 'DIP '),
(792, '1803066', 5, '1', 'A', 'DIP '),
(793, '1803067', 5, '1', '11', 'DIP '),
(794, '1803068', 5, '1', 'A', 'DIP '),
(795, '1803069', 5, '1', 'A', 'DIP '),
(796, '1803070', 5, '1', 'A', 'DIP '),
(797, '1803071', 5, '1', 'A', 'DIP '),
(798, '1803072', 5, '1', 'A', 'DIP '),
(799, '1803073', 5, '1', 'A', 'DIP '),
(800, '1803074', 5, '1', 'A', 'DIP '),
(801, '1803075', 5, '1', 'A', 'DIP '),
(802, '1803076', 5, '1', 'A', 'DIP '),
(803, '1803077', 5, '1', 'A', 'DIP '),
(804, '1803078', 5, '1', 'A', 'DIP '),
(805, '1803079', 5, '1', 'A', 'DIP '),
(806, '1803080', 5, '1', 'A', 'DIP '),
(807, '1803081', 5, '1', 'A', 'DIP '),
(808, '1803082', 5, '1', 'A', 'DIP '),
(809, '1803083', 5, '1', 'A', 'DIP '),
(810, '1803084', 5, '1', 'A', 'DIP '),
(811, '1803085', 5, '1', 'A', 'DIP '),
(812, '1803086', 5, '1', 'A', 'DIP '),
(813, '1803087', 5, '1', 'A', 'DIP '),
(814, '1803088', 5, '1', 'A', 'DIP '),
(815, '1803089', 5, '1', 'A', 'DIP '),
(816, '1803090', 5, '1', 'A', 'DIP '),
(817, '1803091', 5, '1', 'A', 'DIP '),
(818, '1803092', 5, '1', 'A', 'DIP '),
(819, '1803093', 5, '1', '7', 'DIP '),
(820, '1803094', 5, '1', 'A', 'DIP '),
(821, '1803095', 5, '1', 'A', 'DIP '),
(822, '1803096', 5, '1', 'A', 'DIP '),
(823, '1803097', 5, '1', 'A', 'DIP '),
(824, '1803098', 5, '1', 'A', 'DIP '),
(825, '1803099', 5, '1', 'A', 'DIP '),
(826, '1803100', 5, '1', 'A', 'DIP '),
(827, '1803101', 5, '1', 'A', 'DIP '),
(828, '1803102', 5, '1', 'A', 'DIP '),
(829, '1803103', 5, '1', 'A', 'DIP '),
(830, '1803104', 5, '1', 'A', 'DIP '),
(831, '1803105', 5, '1', 'A', 'DIP '),
(832, '1803106', 5, '1', 'A', 'DIP '),
(833, '1803107', 5, '1', 'A', 'DIP '),
(834, '1803108', 5, '1', 'A', 'DIP '),
(835, '1803109', 5, '1', 'A', 'DIP '),
(836, '1803110', 5, '1', 'A', 'DIP '),
(837, '1803111', 5, '1', 'A', 'DIP '),
(838, '1803112', 5, '1', 'A', 'DIP '),
(839, '1803113', 5, '1', 'A', 'DIP '),
(840, '1803114', 5, '1', 'A', 'DIP '),
(841, '1803115', 5, '1', 'A', 'DIP '),
(842, '1803116', 5, '1', 'A', 'DIP '),
(843, '1803117', 5, '1', 'A', 'DIP '),
(844, '1803118', 5, '1', 'A', 'DIP '),
(845, '1803119', 5, '1', 'A', 'DIP '),
(846, '1803120', 5, '1', 'A', 'DIP '),
(847, '1803061', 5, '3', 'A', 'DIP '),
(848, '1803062', 5, '3', '7', 'DIP '),
(849, '1803063', 5, '3', 'A', 'DIP '),
(850, '1803064', 5, '3', 'A', 'DIP '),
(851, '1803065', 5, '3', 'A', 'DIP '),
(852, '1803066', 5, '3', '5', 'DIP '),
(853, '1803067', 5, '3', '6', 'DIP '),
(854, '1803068', 5, '3', 'A', 'DIP '),
(855, '1803069', 5, '3', 'A', 'DIP '),
(856, '1803070', 5, '3', 'A', 'DIP '),
(857, '1803071', 5, '3', 'A', 'DIP '),
(858, '1803072', 5, '3', 'A', 'DIP '),
(859, '1803073', 5, '3', 'A', 'DIP '),
(860, '1803074', 5, '3', 'A', 'DIP '),
(861, '1803075', 5, '3', 'A', 'DIP '),
(862, '1803076', 5, '3', 'A', 'DIP '),
(863, '1803077', 5, '3', 'A', 'DIP '),
(864, '1803078', 5, '3', 'A', 'DIP '),
(865, '1803079', 5, '3', 'A', 'DIP '),
(866, '1803080', 5, '3', '6', 'DIP '),
(867, '1803081', 5, '3', 'A', 'DIP '),
(868, '1803082', 5, '3', 'A', 'DIP '),
(869, '1803083', 5, '3', 'A', 'DIP '),
(870, '1803084', 5, '3', 'A', 'DIP '),
(871, '1803085', 5, '3', 'A', 'DIP '),
(872, '1803086', 5, '3', 'A', 'DIP '),
(873, '1803087', 5, '3', 'A', 'DIP '),
(874, '1803088', 5, '3', '8', 'DIP '),
(875, '1803089', 5, '3', 'A', 'DIP '),
(876, '1803090', 5, '3', 'A', 'DIP '),
(877, '1803091', 5, '3', 'A', 'DIP '),
(878, '1803092', 5, '3', 'A', 'DIP '),
(879, '1803093', 5, '3', 'A', 'DIP '),
(880, '1803094', 5, '3', 'A', 'DIP '),
(881, '1803095', 5, '3', 'A', 'DIP '),
(882, '1803096', 5, '3', 'A', 'DIP '),
(883, '1803097', 5, '3', 'A', 'DIP '),
(884, '1803098', 5, '3', 'A', 'DIP '),
(885, '1803099', 5, '3', 'A', 'DIP '),
(886, '1803100', 5, '3', 'A', 'DIP '),
(887, '1803101', 5, '3', 'A', 'DIP '),
(888, '1803102', 5, '3', 'A', 'DIP '),
(889, '1803103', 5, '3', 'A', 'DIP '),
(890, '1803104', 5, '3', 'A', 'DIP '),
(891, '1803105', 5, '3', 'A', 'DIP '),
(892, '1803106', 5, '3', 'A', 'DIP '),
(893, '1803107', 5, '3', 'A', 'DIP '),
(894, '1803108', 5, '3', 'A', 'DIP '),
(895, '1803109', 5, '3', 'A', 'DIP '),
(896, '1803110', 5, '3', '8', 'DIP '),
(897, '1803111', 5, '3', 'A', 'DIP '),
(898, '1803112', 5, '3', 'A', 'DIP '),
(899, '1803113', 5, '3', 'A', 'DIP '),
(900, '1803114', 5, '3', 'A', 'DIP '),
(901, '1803115', 5, '3', 'A', 'DIP '),
(902, '1803116', 5, '3', 'A', 'DIP '),
(903, '1803117', 5, '3', 'A', 'DIP '),
(904, '1803118', 5, '3', 'A', 'DIP '),
(905, '1803119', 5, '3', 'A', 'DIP '),
(906, '1803120', 5, '3', 'A', 'DIP '),
(907, '1803061', 4, '3', 'A', 'DIP '),
(908, '1803062', 4, '3', 'A', 'DIP '),
(909, '1803063', 4, '3', '6', 'DIP '),
(910, '1803064', 4, '3', 'A', 'DIP '),
(911, '1803065', 4, '3', '5', 'DIP '),
(912, '1803066', 4, '3', 'A', 'DIP '),
(913, '1803067', 4, '3', '5', 'DIP '),
(914, '1803068', 4, '3', 'A', 'DIP '),
(915, '1803069', 4, '3', 'A', 'DIP '),
(916, '1803070', 4, '3', 'A', 'DIP '),
(917, '1803071', 4, '3', 'A', 'DIP '),
(918, '1803072', 4, '3', 'A', 'DIP '),
(919, '1803073', 4, '3', 'A', 'DIP '),
(920, '1803074', 4, '3', 'A', 'DIP '),
(921, '1803075', 4, '3', 'A', 'DIP '),
(922, '1803076', 4, '3', 'A', 'DIP '),
(923, '1803077', 4, '3', 'A', 'DIP '),
(924, '1803078', 4, '3', 'A', 'DIP '),
(925, '1803079', 4, '3', '7', 'DIP '),
(926, '1803080', 4, '3', 'A', 'DIP '),
(927, '1803081', 4, '3', 'A', 'DIP '),
(928, '1803082', 4, '3', 'A', 'DIP '),
(929, '1803083', 4, '3', 'A', 'DIP '),
(930, '1803084', 4, '3', 'A', 'DIP '),
(931, '1803085', 4, '3', 'A', 'DIP '),
(932, '1803086', 4, '3', 'A', 'DIP '),
(933, '1803087', 4, '3', 'A', 'DIP '),
(934, '1803088', 4, '3', 'A', 'DIP '),
(935, '1803089', 4, '3', 'A', 'DIP '),
(936, '1803090', 4, '3', 'A', 'DIP '),
(937, '1803091', 4, '3', 'A', 'DIP '),
(938, '1803092', 4, '3', 'A', 'DIP '),
(939, '1803093', 4, '3', 'A', 'DIP '),
(940, '1803094', 4, '3', 'A', 'DIP '),
(941, '1803095', 4, '3', 'A', 'DIP '),
(942, '1803096', 4, '3', 'A', 'DIP '),
(943, '1803097', 4, '3', '5', 'DIP '),
(944, '1803098', 4, '3', 'A', 'DIP '),
(945, '1803099', 4, '3', 'A', 'DIP '),
(946, '1803100', 4, '3', 'A', 'DIP '),
(947, '1803101', 4, '3', 'A', 'DIP '),
(948, '1803102', 4, '3', 'A', 'DIP '),
(949, '1803103', 4, '3', 'A', 'DIP '),
(950, '1803104', 4, '3', 'A', 'DIP '),
(951, '1803105', 4, '3', 'A', 'DIP '),
(952, '1803106', 4, '3', 'A', 'DIP '),
(953, '1803107', 4, '3', 'A', 'DIP '),
(954, '1803108', 4, '3', 'A', 'DIP '),
(955, '1803109', 4, '3', 'A', 'DIP '),
(956, '1803110', 4, '3', 'A', 'DIP '),
(957, '1803111', 4, '3', 'A', 'DIP '),
(958, '1803112', 4, '3', 'A', 'DIP '),
(959, '1803113', 4, '3', '5', 'DIP '),
(960, '1803114', 4, '3', 'A', 'DIP '),
(961, '1803115', 4, '3', 'A', 'DIP '),
(962, '1803116', 4, '3', 'A', 'DIP '),
(963, '1803117', 4, '3', 'A', 'DIP '),
(964, '1803118', 4, '3', 'A', 'DIP '),
(965, '1803119', 4, '3', 'A', 'DIP '),
(966, '1803120', 4, '3', 'A', 'DIP '),
(967, '1803061', 4, '4', '5', 'DIP '),
(968, '1803062', 4, '4', 'A', 'DIP '),
(969, '1803063', 4, '4', 'A', 'DIP '),
(970, '1803064', 4, '4', 'A', 'DIP '),
(971, '1803065', 4, '4', 'A', 'DIP '),
(972, '1803066', 4, '4', '4', 'DIP '),
(973, '1803067', 4, '4', '11', 'DIP '),
(974, '1803068', 4, '4', 'A', 'DIP '),
(975, '1803069', 4, '4', 'A', 'DIP '),
(976, '1803070', 4, '4', 'A', 'DIP '),
(977, '1803071', 4, '4', 'A', 'DIP '),
(978, '1803072', 4, '4', 'A', 'DIP '),
(979, '1803073', 4, '4', 'A', 'DIP '),
(980, '1803074', 4, '4', 'A', 'DIP '),
(981, '1803075', 4, '4', 'A', 'DIP '),
(982, '1803076', 4, '4', 'A', 'DIP '),
(983, '1803077', 4, '4', 'A', 'DIP '),
(984, '1803078', 4, '4', 'A', 'DIP '),
(985, '1803079', 4, '4', 'A', 'DIP '),
(986, '1803080', 4, '4', 'A', 'DIP '),
(987, '1803081', 4, '4', 'A', 'DIP '),
(988, '1803082', 4, '4', '6', 'DIP '),
(989, '1803083', 4, '4', 'A', 'DIP '),
(990, '1803084', 4, '4', 'A', 'DIP '),
(991, '1803085', 4, '4', 'A', 'DIP '),
(992, '1803086', 4, '4', 'A', 'DIP '),
(993, '1803087', 4, '4', 'A', 'DIP '),
(994, '1803088', 4, '4', 'A', 'DIP '),
(995, '1803089', 4, '4', 'A', 'DIP '),
(996, '1803090', 4, '4', 'A', 'DIP '),
(997, '1803091', 4, '4', '7', 'DIP '),
(998, '1803092', 4, '4', 'A', 'DIP '),
(999, '1803093', 4, '4', 'A', 'DIP '),
(1000, '1803094', 4, '4', 'A', 'DIP '),
(1001, '1803095', 4, '4', 'A', 'DIP '),
(1002, '1803096', 4, '4', 'A', 'DIP '),
(1003, '1803097', 4, '4', 'A', 'DIP '),
(1004, '1803098', 4, '4', 'A', 'DIP '),
(1005, '1803099', 4, '4', 'A', 'DIP '),
(1006, '1803100', 4, '4', '7', 'DIP '),
(1007, '1803101', 4, '4', 'A', 'DIP '),
(1008, '1803102', 4, '4', 'A', 'DIP '),
(1009, '1803103', 4, '4', 'A', 'DIP '),
(1010, '1803104', 4, '4', 'A', 'DIP '),
(1011, '1803105', 4, '4', 'A', 'DIP '),
(1012, '1803106', 4, '4', 'A', 'DIP '),
(1013, '1803107', 4, '4', 'A', 'DIP '),
(1014, '1803108', 4, '4', 'A', 'DIP '),
(1015, '1803109', 4, '4', 'A', 'DIP '),
(1016, '1803110', 4, '4', 'A', 'DIP '),
(1017, '1803111', 4, '4', '6', 'DIP '),
(1018, '1803112', 4, '4', 'A', 'DIP '),
(1019, '1803113', 4, '4', 'A', 'DIP '),
(1020, '1803114', 4, '4', 'A', 'DIP '),
(1021, '1803115', 4, '4', 'A', 'DIP '),
(1022, '1803116', 4, '4', 'A', 'DIP '),
(1023, '1803117', 4, '4', '3', 'DIP '),
(1024, '1803118', 4, '4', 'A', 'DIP '),
(1025, '1803119', 4, '4', 'A', 'DIP '),
(1026, '1803120', 4, '4', 'A', 'DIP '),
(1027, '1803061', 11, '2', 'A', 'DIP '),
(1028, '1803062', 11, '2', '8', 'DIP '),
(1029, '1803063', 11, '2', 'A', 'DIP '),
(1030, '1803064', 11, '2', 'A', 'DIP '),
(1031, '1803065', 11, '2', 'A', 'DIP '),
(1032, '1803066', 11, '2', '5', 'DIP '),
(1033, '1803067', 11, '2', '11', 'DIP '),
(1034, '1803068', 11, '2', 'A', 'DIP '),
(1035, '1803069', 11, '2', 'A', 'DIP '),
(1036, '1803070', 11, '2', 'A', 'DIP '),
(1037, '1803071', 11, '2', 'A', 'DIP '),
(1038, '1803072', 11, '2', 'A', 'DIP '),
(1039, '1803073', 11, '2', 'A', 'DIP '),
(1040, '1803074', 11, '2', 'A', 'DIP '),
(1041, '1803075', 11, '2', 'A', 'DIP '),
(1042, '1803076', 11, '2', 'A', 'DIP '),
(1043, '1803077', 11, '2', 'A', 'DIP '),
(1044, '1803078', 11, '2', '6', 'DIP '),
(1045, '1803079', 11, '2', 'A', 'DIP '),
(1046, '1803080', 11, '2', 'A', 'DIP '),
(1047, '1803081', 11, '2', 'A', 'DIP '),
(1048, '1803082', 11, '2', 'A', 'DIP '),
(1049, '1803083', 11, '2', 'A', 'DIP '),
(1050, '1803084', 11, '2', 'A', 'DIP '),
(1051, '1803085', 11, '2', '8', 'DIP '),
(1052, '1803086', 11, '2', 'A', 'DIP '),
(1053, '1803087', 11, '2', 'A', 'DIP '),
(1054, '1803088', 11, '2', 'A', 'DIP '),
(1055, '1803089', 11, '2', 'A', 'DIP '),
(1056, '1803090', 11, '2', 'A', 'DIP '),
(1057, '1803091', 11, '2', 'A', 'DIP '),
(1058, '1803092', 11, '2', 'A', 'DIP '),
(1059, '1803093', 11, '2', 'A', 'DIP '),
(1060, '1803094', 11, '2', '6', 'DIP '),
(1061, '1803095', 11, '2', 'A', 'DIP '),
(1062, '1803096', 11, '2', 'A', 'DIP '),
(1063, '1803097', 11, '2', 'A', 'DIP '),
(1064, '1803098', 11, '2', 'A', 'DIP '),
(1065, '1803099', 11, '2', 'A', 'DIP '),
(1066, '1803100', 11, '2', '7', 'DIP '),
(1067, '1803101', 11, '2', 'A', 'DIP '),
(1068, '1803102', 11, '2', 'A', 'DIP '),
(1069, '1803103', 11, '2', 'A', 'DIP '),
(1070, '1803104', 11, '2', 'A', 'DIP '),
(1071, '1803105', 11, '2', 'A', 'DIP '),
(1072, '1803106', 11, '2', 'A', 'DIP '),
(1073, '1803107', 11, '2', 'A', 'DIP '),
(1074, '1803108', 11, '2', '7', 'DIP '),
(1075, '1803109', 11, '2', 'A', 'DIP '),
(1076, '1803110', 11, '2', 'A', 'DIP '),
(1077, '1803111', 11, '2', 'A', 'DIP '),
(1078, '1803112', 11, '2', 'A', 'DIP '),
(1079, '1803113', 11, '2', 'A', 'DIP '),
(1080, '1803114', 11, '2', 'A', 'DIP '),
(1081, '1803115', 11, '2', 'A', 'DIP '),
(1082, '1803116', 11, '2', 'A', 'DIP '),
(1083, '1803117', 11, '2', 'A', 'DIP '),
(1084, '1803118', 11, '2', 'A', 'DIP '),
(1085, '1803119', 11, '2', 'A', 'DIP '),
(1086, '1803120', 11, '2', 'A', 'DIP '),
(1087, '1803061', 10, '3', 'A', 'DIP '),
(1088, '1803062', 10, '3', 'A', 'DIP '),
(1089, '1803063', 10, '3', '6', 'DIP '),
(1090, '1803064', 10, '3', 'A', 'DIP '),
(1091, '1803065', 10, '3', 'A', 'DIP '),
(1092, '1803066', 10, '3', 'A', 'DIP '),
(1093, '1803067', 10, '3', '5', 'DIP '),
(1094, '1803068', 10, '3', 'A', 'DIP '),
(1095, '1803069', 10, '3', 'A', 'DIP '),
(1096, '1803070', 10, '3', 'A', 'DIP '),
(1097, '1803071', 10, '3', '10', 'DIP '),
(1098, '1803072', 10, '3', '9', 'DIP '),
(1099, '1803073', 10, '3', 'A', 'DIP '),
(1100, '1803074', 10, '3', 'A', 'DIP '),
(1101, '1803075', 10, '3', 'A', 'DIP '),
(1102, '1803076', 10, '3', 'A', 'DIP '),
(1103, '1803077', 10, '3', 'A', 'DIP '),
(1104, '1803078', 10, '3', 'A', 'DIP '),
(1105, '1803079', 10, '3', 'A', 'DIP '),
(1106, '1803080', 10, '3', 'A', 'DIP '),
(1107, '1803081', 10, '3', 'A', 'DIP '),
(1108, '1803082', 10, '3', '10', 'DIP '),
(1109, '1803083', 10, '3', 'A', 'DIP '),
(1110, '1803084', 10, '3', '8', 'DIP '),
(1111, '1803085', 10, '3', 'A', 'DIP '),
(1112, '1803086', 10, '3', 'A', 'DIP '),
(1113, '1803087', 10, '3', 'A', 'DIP '),
(1114, '1803088', 10, '3', 'A', 'DIP '),
(1115, '1803089', 10, '3', 'A', 'DIP '),
(1116, '1803090', 10, '3', 'A', 'DIP '),
(1117, '1803091', 10, '3', 'A', 'DIP '),
(1118, '1803092', 10, '3', 'A', 'DIP '),
(1119, '1803093', 10, '3', 'A', 'DIP '),
(1120, '1803094', 10, '3', 'A', 'DIP '),
(1121, '1803095', 10, '3', 'A', 'DIP '),
(1122, '1803096', 10, '3', 'A', 'DIP '),
(1123, '1803097', 10, '3', 'A', 'DIP '),
(1124, '1803098', 10, '3', 'A', 'DIP '),
(1125, '1803099', 10, '3', 'A', 'DIP '),
(1126, '1803100', 10, '3', 'A', 'DIP '),
(1127, '1803101', 10, '3', 'A', 'DIP '),
(1128, '1803102', 10, '3', 'A', 'DIP '),
(1129, '1803103', 10, '3', 'A', 'DIP '),
(1130, '1803104', 10, '3', 'A', 'DIP '),
(1131, '1803105', 10, '3', 'A', 'DIP '),
(1132, '1803106', 10, '3', 'A', 'DIP '),
(1133, '1803107', 10, '3', 'A', 'DIP '),
(1134, '1803108', 10, '3', 'A', 'DIP '),
(1135, '1803109', 10, '3', 'A', 'DIP '),
(1136, '1803110', 10, '3', 'A', 'DIP '),
(1137, '1803111', 10, '3', 'A', 'DIP '),
(1138, '1803112', 10, '3', 'A', 'DIP '),
(1139, '1803113', 10, '3', 'A', 'DIP '),
(1140, '1803114', 10, '3', '9', 'DIP '),
(1141, '1803115', 10, '3', 'A', 'DIP '),
(1142, '1803116', 10, '3', 'A', 'DIP '),
(1143, '1803117', 10, '3', 'A', 'DIP '),
(1144, '1803118', 10, '3', 'A', 'DIP '),
(1145, '1803119', 10, '3', '0', 'DIP '),
(1146, '1803120', 10, '3', 'A', 'DIP '),
(1147, '1803061', 30, '2', 'A', 'DIP '),
(1148, '1803061', 30, '3', '3', 'DIP '),
(1149, '1803061', 30, '1', '1', 'DIP '),
(1150, '1803062', 30, '1', 'A', 'DIP '),
(1151, '1803063', 30, '1', '1', 'DIP '),
(1152, '1803064', 30, '1', '5', 'DIP '),
(1153, '1803065', 30, '1', '4', 'DIP '),
(1154, '1803066', 30, '1', 'A', 'DIP '),
(1155, '1803067', 30, '1', 'A', 'DIP '),
(1156, '1803068', 30, '1', 'A', 'DIP '),
(1157, '1803069', 30, '1', '4', 'DIP '),
(1158, '1803070', 30, '1', 'A', 'DIP '),
(1159, '1803071', 30, '1', 'A', 'DIP '),
(1160, '1803072', 30, '1', 'A', 'DIP '),
(1161, '1803073', 30, '1', 'A', 'DIP '),
(1162, '1803074', 30, '1', 'A', 'DIP '),
(1163, '1803075', 30, '1', 'A', 'DIP '),
(1164, '1803076', 30, '1', 'A', 'DIP '),
(1165, '1803077', 30, '1', 'A', 'DIP '),
(1166, '1803078', 30, '1', 'A', 'DIP '),
(1167, '1803079', 30, '1', 'A', 'DIP '),
(1168, '1803080', 30, '1', 'A', 'DIP '),
(1169, '1803081', 30, '1', 'A', 'DIP '),
(1170, '1803082', 30, '1', 'A', 'DIP '),
(1171, '1803083', 30, '1', 'A', 'DIP '),
(1172, '1803084', 30, '1', 'A', 'DIP '),
(1173, '1803085', 30, '1', 'A', 'DIP '),
(1174, '1803086', 30, '1', 'A', 'DIP '),
(1175, '1803087', 30, '1', 'A', 'DIP '),
(1176, '1803088', 30, '1', 'A', 'DIP '),
(1177, '1803089', 30, '1', 'A', 'DIP '),
(1178, '1803090', 30, '1', 'A', 'DIP '),
(1179, '1803091', 30, '1', 'A', 'DIP '),
(1180, '1803092', 30, '1', 'A', 'DIP '),
(1181, '1803093', 30, '1', 'A', 'DIP '),
(1182, '1803094', 30, '1', 'A', 'DIP '),
(1183, '1803095', 30, '1', 'A', 'DIP '),
(1184, '1803096', 30, '1', 'A', 'DIP '),
(1185, '1803097', 30, '1', 'A', 'DIP '),
(1186, '1803098', 30, '1', 'A', 'DIP '),
(1187, '1803099', 30, '1', 'A', 'DIP '),
(1188, '1803100', 30, '1', 'A', 'DIP '),
(1189, '1803101', 30, '1', 'A', 'DIP '),
(1190, '1803102', 30, '1', 'A', 'DIP '),
(1191, '1803103', 30, '1', 'A', 'DIP '),
(1192, '1803104', 30, '1', 'A', 'DIP '),
(1193, '1803105', 30, '1', 'A', 'DIP '),
(1194, '1803106', 30, '1', 'A', 'DIP '),
(1195, '1803107', 30, '1', 'A', 'DIP '),
(1196, '1803108', 30, '1', 'A', 'DIP '),
(1197, '1803109', 30, '1', 'A', 'DIP '),
(1198, '1803110', 30, '1', 'A', 'DIP '),
(1199, '1803111', 30, '1', 'A', 'DIP '),
(1200, '1803112', 30, '1', 'A', 'DIP '),
(1201, '1803113', 30, '1', 'A', 'DIP '),
(1202, '1803114', 30, '1', 'A', 'DIP '),
(1203, '1803115', 30, '1', 'A', 'DIP '),
(1204, '1803116', 30, '1', 'A', 'DIP '),
(1205, '1803117', 30, '1', 'A', 'DIP '),
(1206, '1803118', 30, '1', 'A', 'DIP '),
(1207, '1803119', 30, '1', 'A', 'DIP '),
(1208, '1803120', 30, '1', 'A', 'DIP '),
(1209, '1803062', 30, '3', '3', 'DIP '),
(1210, '1803063', 30, '3', '4', 'DIP '),
(1211, '1803064', 30, '3', 'A', 'DIP '),
(1212, '1803065', 30, '3', '1', 'DIP '),
(1213, '1803066', 30, '3', '3', 'DIP '),
(1214, '1803067', 30, '3', '5', 'DIP '),
(1215, '1803068', 30, '3', '6', 'DIP '),
(1216, '1803069', 30, '3', 'A', 'DIP '),
(1217, '1803070', 30, '3', 'A', 'DIP '),
(1218, '1803071', 30, '3', 'A', 'DIP '),
(1219, '1803072', 30, '3', 'A', 'DIP '),
(1220, '1803073', 30, '3', 'A', 'DIP '),
(1221, '1803074', 30, '3', 'A', 'DIP '),
(1222, '1803075', 30, '3', 'A', 'DIP '),
(1223, '1803076', 30, '3', 'A', 'DIP '),
(1224, '1803077', 30, '3', 'A', 'DIP '),
(1225, '1803078', 30, '3', 'A', 'DIP '),
(1226, '1803079', 30, '3', 'A', 'DIP '),
(1227, '1803080', 30, '3', 'A', 'DIP '),
(1228, '1803081', 30, '3', 'A', 'DIP '),
(1229, '1803082', 30, '3', 'A', 'DIP '),
(1230, '1803083', 30, '3', 'A', 'DIP '),
(1231, '1803084', 30, '3', 'A', 'DIP '),
(1232, '1803085', 30, '3', 'A', 'DIP '),
(1233, '1803086', 30, '3', 'A', 'DIP '),
(1234, '1803087', 30, '3', 'A', 'DIP '),
(1235, '1803088', 30, '3', 'A', 'DIP '),
(1236, '1803089', 30, '3', 'A', 'DIP '),
(1237, '1803090', 30, '3', 'A', 'DIP '),
(1238, '1803091', 30, '3', 'A', 'DIP '),
(1239, '1803092', 30, '3', 'A', 'DIP '),
(1240, '1803093', 30, '3', 'A', 'DIP '),
(1241, '1803094', 30, '3', 'A', 'DIP '),
(1242, '1803095', 30, '3', 'A', 'DIP '),
(1243, '1803096', 30, '3', 'A', 'DIP '),
(1244, '1803097', 30, '3', 'A', 'DIP '),
(1245, '1803098', 30, '3', 'A', 'DIP '),
(1246, '1803099', 30, '3', 'A', 'DIP '),
(1247, '1803100', 30, '3', 'A', 'DIP '),
(1248, '1803101', 30, '3', '4', 'DIP '),
(1249, '1803102', 30, '3', 'A', 'DIP '),
(1250, '1803103', 30, '3', 'A', 'DIP '),
(1251, '1803104', 30, '3', 'A', 'DIP '),
(1252, '1803105', 30, '3', 'A', 'DIP '),
(1253, '1803106', 30, '3', 'A', 'DIP '),
(1254, '1803107', 30, '3', 'A', 'DIP '),
(1255, '1803108', 30, '3', 'A', 'DIP '),
(1256, '1803109', 30, '3', 'A', 'DIP '),
(1257, '1803110', 30, '3', 'A', 'DIP '),
(1258, '1803111', 30, '3', 'A', 'DIP '),
(1259, '1803112', 30, '3', 'A', 'DIP '),
(1260, '1803113', 30, '3', 'A', 'DIP '),
(1261, '1803114', 30, '3', '4', 'DIP '),
(1262, '1803115', 30, '3', 'A', 'DIP '),
(1263, '1803116', 30, '3', 'A', 'DIP '),
(1264, '1803117', 30, '3', 'A', 'DIP '),
(1265, '1803118', 30, '3', 'A', 'DIP '),
(1266, '1803119', 30, '3', 'A', 'DIP '),
(1267, '1803120', 30, '3', 'A', 'DIP '),
(1268, '1803061', 10, '2', '3', 'DIP '),
(1269, '1803062', 10, '2', '5', 'DIP '),
(1270, '1803063', 10, '2', 'A', 'DIP '),
(1271, '1803064', 10, '2', 'A', 'DIP '),
(1272, '1803065', 10, '2', 'A', 'DIP '),
(1273, '1803066', 10, '2', 'A', 'DIP '),
(1274, '1803067', 10, '2', '6', 'DIP '),
(1275, '1803068', 10, '2', 'A', 'DIP '),
(1276, '1803069', 10, '2', 'A', 'DIP '),
(1277, '1803070', 10, '2', 'A', 'DIP '),
(1278, '1803071', 10, '2', 'A', 'DIP '),
(1279, '1803072', 10, '2', 'A', 'DIP '),
(1280, '1803073', 10, '2', 'A', 'DIP '),
(1281, '1803074', 10, '2', 'A', 'DIP '),
(1282, '1803075', 10, '2', 'A', 'DIP '),
(1283, '1803076', 10, '2', 'A', 'DIP '),
(1284, '1803077', 10, '2', 'A', 'DIP '),
(1285, '1803078', 10, '2', 'A', 'DIP '),
(1286, '1803079', 10, '2', 'A', 'DIP '),
(1287, '1803080', 10, '2', '5', 'DIP '),
(1288, '1803081', 10, '2', '2', 'DIP '),
(1289, '1803082', 10, '2', 'A', 'DIP '),
(1290, '1803083', 10, '2', 'A', 'DIP '),
(1291, '1803084', 10, '2', 'A', 'DIP '),
(1292, '1803085', 10, '2', 'A', 'DIP '),
(1293, '1803086', 10, '2', 'A', 'DIP '),
(1294, '1803087', 10, '2', 'A', 'DIP '),
(1295, '1803088', 10, '2', 'A', 'DIP '),
(1296, '1803089', 10, '2', 'A', 'DIP '),
(1297, '1803090', 10, '2', 'A', 'DIP '),
(1298, '1803091', 10, '2', 'A', 'DIP '),
(1299, '1803092', 10, '2', 'A', 'DIP '),
(1300, '1803093', 10, '2', 'A', 'DIP '),
(1301, '1803094', 10, '2', 'A', 'DIP '),
(1302, '1803095', 10, '2', 'A', 'DIP '),
(1303, '1803096', 10, '2', 'A', 'DIP '),
(1304, '1803097', 10, '2', 'A', 'DIP '),
(1305, '1803098', 10, '2', 'A', 'DIP '),
(1306, '1803099', 10, '2', 'A', 'DIP '),
(1307, '1803100', 10, '2', 'A', 'DIP '),
(1308, '1803101', 10, '2', 'A', 'DIP '),
(1309, '1803102', 10, '2', 'A', 'DIP '),
(1310, '1803103', 10, '2', 'A', 'DIP '),
(1311, '1803104', 10, '2', 'A', 'DIP '),
(1312, '1803105', 10, '2', 'A', 'DIP '),
(1313, '1803106', 10, '2', 'A', 'DIP '),
(1314, '1803107', 10, '2', 'A', 'DIP '),
(1315, '1803108', 10, '2', 'A', 'DIP '),
(1316, '1803109', 10, '2', 'A', 'DIP '),
(1317, '1803110', 10, '2', 'A', 'DIP '),
(1318, '1803111', 10, '2', 'A', 'DIP '),
(1319, '1803112', 10, '2', 'A', 'DIP '),
(1320, '1803113', 10, '2', 'A', 'DIP '),
(1321, '1803114', 10, '2', 'A', 'DIP '),
(1322, '1803115', 10, '2', 'A', 'DIP '),
(1323, '1803116', 10, '2', 'A', 'DIP '),
(1324, '1803117', 10, '2', 'A', 'DIP '),
(1325, '1803118', 10, '2', 'A', 'DIP '),
(1326, '1803119', 10, '2', 'A', 'DIP '),
(1327, '1803120', 10, '2', 'A', 'DIP ');

-- --------------------------------------------------------

--
-- Table structure for table `photo`
--

CREATE TABLE `photo` (
  `id` int(11) NOT NULL,
  `personID` int(11) NOT NULL,
  `image_url` varchar(300) NOT NULL
) ENGINE=InnoDB DEFAULT CHARSET=latin1 COLLATE=latin1_swedish_ci;

--
-- Dumping data for table `photo`
--

INSERT INTO `photo` (`id`, `personID`, `image_url`) VALUES
(1, 1, 'img.svg'),
(2, 1, 'IMG-6277acec6f12d4.85081703.jpg'),
(3, 1, 'IMG-6277add25dc6c4.70560667.jpg'),
(4, 13, 'IMG-6277c667e38ef9.23524303.jpg'),
(5, 13, 'IMG-6277c7b31c14d2.34496893.jpg'),
(6, 13, 'IMG-6277c80131ae03.38786319.jpg'),
(7, 13, 'IMG-6277c8d85fe5c0.65297659.jpg'),
(8, 2, 'IMG-6277c933dcb5e2.02004639.jpg'),
(9, 2, 'IMG-6277c96355e006.76103498.jpg'),
(10, 2, 'IMG-6277d53615b1f0.88288607.jpg'),
(11, 1, 'IMG-6277d6570c0ef1.99433081.jpg'),
(12, 1, 'IMG-6278fa8c301e01.16394077.jpg'),
(13, 1, 'IMG-627a81a89115e9.06202417.jpg'),
(14, 2, 'IMG-627bc9febcf2d6.53409268.jpg'),
(15, 14, 'IMG-627bd0476cdf76.28994398.jpg'),
(16, 2, 'IMG-6285403f5f7d58.31490651.jpg'),
(17, 1, 'IMG-62861be5431a60.53869706.jpeg'),
(18, 27, 'IMG-628f64a71674f2.85649262.jpg'),
(19, 2, 'IMG-63308307a96c95.77080493.jpg');

-- --------------------------------------------------------

--
-- Table structure for table `po`
--

CREATE TABLE `po` (
  `po` int(11) NOT NULL,
  `poname` varchar(100) NOT NULL
) ENGINE=InnoDB DEFAULT CHARSET=utf8mb4 COLLATE=utf8mb4_general_ci;

--
-- Dumping data for table `po`
--

INSERT INTO `po` (`po`, `poname`) VALUES
(1, 'Engineering Knowledge'),
(2, 'Problem Analysis'),
(3, 'Design of Solution'),
(4, 'Investigation'),
(5, 'Modern Tools Usage'),
(6, 'Engineer & Society'),
(7, 'Environment and Sustainability'),
(8, 'Ethics'),
(9, 'Individual Work/Team Work'),
(10, 'Communication'),
(11, 'Project Management & Finance'),
(12, 'Life Long Learning');

-- --------------------------------------------------------

--
-- Table structure for table `profile`
--

CREATE TABLE `profile` (
  `id` int(11) NOT NULL,
  `personID` int(11) NOT NULL
) ENGINE=InnoDB DEFAULT CHARSET=latin1 COLLATE=latin1_swedish_ci;

-- --------------------------------------------------------

--
-- Table structure for table `projectmark`
--

CREATE TABLE `projectmark` (
  `id` int(11) NOT NULL,
  `roll` int(11) NOT NULL,
  `cid` int(11) NOT NULL,
  `mark` int(11) NOT NULL
) ENGINE=InnoDB DEFAULT CHARSET=utf8mb4 COLLATE=utf8mb4_general_ci;

--
-- Dumping data for table `projectmark`
--

INSERT INTO `projectmark` (`id`, `roll`, `cid`, `mark`) VALUES
(3, 1803067, 39, 40),
(4, 1803078, 39, 46),
(6, 1803066, 39, 12);

-- --------------------------------------------------------

--
-- Table structure for table `student`
--

CREATE TABLE `student` (
  `id` int(11) NOT NULL,
  `deptid` int(11) NOT NULL,
  `year` varchar(10) NOT NULL,
  `sem` varchar(11) NOT NULL
) ENGINE=InnoDB DEFAULT CHARSET=utf8mb4 COLLATE=utf8mb4_general_ci;

--
-- Dumping data for table `student`
--

INSERT INTO `student` (`id`, `deptid`, `year`, `sem`) VALUES
(1, 1, '3rd', 'even'),
(101, 1, '4th', 'even'),
(2, 1, '', ''),
(103, 1, '', ''),
(105, 1, '', ''),
(107, 1, '', ''),
(109, 1, '', ''),
(111, 1, '', ''),
(112, 1, '3rd', 'even'),
(113, 1, '2nd', 'even'),
(114, 1, '', ''),
(115, 1, '', '');

-- --------------------------------------------------------

--
-- Table structure for table `syllabus`
--

CREATE TABLE `syllabus` (
  `id` int(11) NOT NULL,
  `personid` varchar(10) NOT NULL,
  `cid` varchar(10) NOT NULL,
  `week` varchar(5) NOT NULL,
  `topic` varchar(200) NOT NULL,
  `co1` varchar(5) NOT NULL,
  `co2` varchar(5) NOT NULL,
  `co3` varchar(5) NOT NULL,
  `co4` varchar(5) NOT NULL,
  `co5` varchar(5) NOT NULL
) ENGINE=InnoDB DEFAULT CHARSET=utf8mb4 COLLATE=utf8mb4_general_ci;

--
-- Dumping data for table `syllabus`
--

INSERT INTO `syllabus` (`id`, `personid`, `cid`, `week`, `topic`, `co1`, `co2`, `co3`, `co4`, `co5`) VALUES
(14, '2', '30', '1', 'Introduction: Algorithm, Writing, Debugging and Running Programs using Compiler / Interpreter, Output Generation, Basic I/O, Formatted I/O.', '', '1', '', '', ''),
(15, '2', '30', '2', 'Basics Concepts: Different Data Types and their Range, Operators and their Precedence, Operands and Expression, Expression Evaluation, Character, ASCII Value, Reading and Writing Character, Integer to', '', '', '1', '', ''),
(16, '2', '30', '3', '', '', '1', '', '1', ''),
(17, '2', '30', '4', '', '', '', '', '', ''),
(18, '2', '30', '5', '', '', '', '', '', ''),
(19, '2', '30', '6', '', '', '', '', '', ''),
(20, '2', '30', '7', 'String: Basic String Operations, Difference between String and Character- Array, String I/O, String-based Built-in Functions, Array of Strings', '', '1', '1', '', ''),
(21, '2', '30', '8', 'String: Basic String Operations, Difference between String and Character- Array, String I/O, String-based Built-in Functions, Array of Strings.', '', '', '', '1', ''),
(22, '2', '30', '9', '', '', '', '', '', ''),
(23, '2', '30', '10', 'Pointer: Introduction to Pointer, Pointer Operations, Pointers and Array, Function Calling by Reference, Array of Pointers', '', '1', '', '1', ''),
(24, '2', '30', '11', '', '', '1', '', '', ''),
(25, '2', '30', '12', 'Files: Basic Files Operations, Opening, Closing and Updating Binary and Sequential Files, File I/O (Read from File ', '', '', '', '', ''),
(26, '2', '30', '13', 'Revision: Al the topics that are conducted in this course.', '', '1', '1', '', ''),
(27, '2', '12', '1', 'Introduction: Algorithm, Writing, Debugging and Running Programs using Compiler / Interpreter, Output Generation, Basic I/O, Formatted I/O.', '1', '', '', '1', ''),
(28, '2', '12', '2', 'Basics Concepts: Different Data Types and their Range, Operators and their Precedence, Operands and Expression, Expression Evaluation, Character, ASCII Value, Reading and Writing Character, Integer to', '', '', '1', '', '1'),
(29, '2', '12', '3', 'arhrha', '', '1', '', '', ''),
(30, '2', '12', '4', 'Control Statements: while loop, for loop and do-while loop, Entry Controlled and Exit Controlled Loops, Nested Loop', '', '', '', '1', ''),
(31, '2', '12', '5', 'argarh', '', '', '1', '1', ''),
(32, '2', '12', '6', 'Array: Basics of Array, Necessity, Declaration, Initialization, Array Manipulation, One-Dimensional and Multi-Dimensional Arrays', '', '1', '', '1', '1'),
(33, '2', '12', '7', 'String: Basic String Operations, Difference between String and Character- Array, String I/O, String-based Built-in Functions, Array of Strings', '1', '', '1', '', '1'),
(34, '2', '12', '8', 'String: Basic String Operations, Difference between String and Character- Array, String I/O, String-based Built-in Functions, Array of Strings.', '1', '', '1', '', '1'),
(35, '2', '12', '9', 'wtdgwg', '', '', '', '', '1'),
(36, '2', '12', '10', 'Pointer: Introduction to Pointer, Pointer Operations, Pointers and Array, Function Calling by Reference, Array of Pointers', '', '1', '', '1', ''),
(37, '2', '12', '11', 'warrw', '', '', '', '1', ''),
(38, '2', '12', '12', 'Files: Basic Files Operations, Opening, Closing and Updating Binary and Sequential Files, File I/O (Read from File ', '', '1', '1', '', ''),
(39, '2', '12', '13', 'Revision: Al the topics that are conducted in this course.', '1', '', '', '', '');

--
-- Indexes for dumped tables
--

--
-- Indexes for table `attendance`
--
ALTER TABLE `attendance`
  ADD PRIMARY KEY (`id`);

--
-- Indexes for table `co`
--
ALTER TABLE `co`
  ADD PRIMARY KEY (`id`);

--
-- Indexes for table `copo`
--
ALTER TABLE `copo`
  ADD PRIMARY KEY (`id`);

--
-- Indexes for table `course`
--
ALTER TABLE `course`
  ADD PRIMARY KEY (`id`);

--
-- Indexes for table `courselist`
--
ALTER TABLE `courselist`
  ADD PRIMARY KEY (`cid`);

--
-- Indexes for table `dept`
--
ALTER TABLE `dept`
  ADD PRIMARY KEY (`deptid`);

--
-- Indexes for table `finalmark`
--
ALTER TABLE `finalmark`
  ADD PRIMARY KEY (`id`);

--
-- Indexes for table `login`
--
ALTER TABLE `login`
  ADD PRIMARY KEY (`id`);

--
-- Indexes for table `marks`
--
ALTER TABLE `marks`
  ADD PRIMARY KEY (`id`);

--
-- Indexes for table `photo`
--
ALTER TABLE `photo`
  ADD PRIMARY KEY (`id`);

--
-- Indexes for table `po`
--
ALTER TABLE `po`
  ADD PRIMARY KEY (`po`);

--
-- Indexes for table `profile`
--
ALTER TABLE `profile`
  ADD PRIMARY KEY (`id`);

--
-- Indexes for table `projectmark`
--
ALTER TABLE `projectmark`
  ADD PRIMARY KEY (`id`);

--
-- Indexes for table `syllabus`
--
ALTER TABLE `syllabus`
  ADD PRIMARY KEY (`id`);

--
-- AUTO_INCREMENT for dumped tables
--

--
-- AUTO_INCREMENT for table `attendance`
--
ALTER TABLE `attendance`
  MODIFY `id` int(11) NOT NULL AUTO_INCREMENT, AUTO_INCREMENT=3306;

--
-- AUTO_INCREMENT for table `co`
--
ALTER TABLE `co`
  MODIFY `id` int(11) NOT NULL AUTO_INCREMENT, AUTO_INCREMENT=2701;

--
-- AUTO_INCREMENT for table `copo`
--
ALTER TABLE `copo`
  MODIFY `id` int(11) NOT NULL AUTO_INCREMENT, AUTO_INCREMENT=26;

--
-- AUTO_INCREMENT for table `course`
--
ALTER TABLE `course`
  MODIFY `id` int(11) NOT NULL AUTO_INCREMENT, AUTO_INCREMENT=72;

--
-- AUTO_INCREMENT for table `courselist`
--
ALTER TABLE `courselist`
  MODIFY `cid` int(11) NOT NULL AUTO_INCREMENT, AUTO_INCREMENT=42;

--
-- AUTO_INCREMENT for table `dept`
--
ALTER TABLE `dept`
  MODIFY `deptid` int(11) NOT NULL AUTO_INCREMENT, AUTO_INCREMENT=13;

--
-- AUTO_INCREMENT for table `finalmark`
--
ALTER TABLE `finalmark`
  MODIFY `id` int(11) NOT NULL AUTO_INCREMENT, AUTO_INCREMENT=661;

--
-- AUTO_INCREMENT for table `login`
--
ALTER TABLE `login`
  MODIFY `id` int(11) NOT NULL AUTO_INCREMENT, AUTO_INCREMENT=116;

--
-- AUTO_INCREMENT for table `marks`
--
ALTER TABLE `marks`
  MODIFY `id` int(11) NOT NULL AUTO_INCREMENT, AUTO_INCREMENT=1328;

--
-- AUTO_INCREMENT for table `photo`
--
ALTER TABLE `photo`
  MODIFY `id` int(11) NOT NULL AUTO_INCREMENT, AUTO_INCREMENT=20;

--
-- AUTO_INCREMENT for table `profile`
--
ALTER TABLE `profile`
  MODIFY `id` int(11) NOT NULL AUTO_INCREMENT;

--
-- AUTO_INCREMENT for table `projectmark`
--
ALTER TABLE `projectmark`
  MODIFY `id` int(11) NOT NULL AUTO_INCREMENT, AUTO_INCREMENT=7;

--
-- AUTO_INCREMENT for table `syllabus`
--
ALTER TABLE `syllabus`
  MODIFY `id` int(11) NOT NULL AUTO_INCREMENT, AUTO_INCREMENT=40;
COMMIT;

/*!40101 SET CHARACTER_SET_CLIENT=@OLD_CHARACTER_SET_CLIENT */;
/*!40101 SET CHARACTER_SET_RESULTS=@OLD_CHARACTER_SET_RESULTS */;
/*!40101 SET COLLATION_CONNECTION=@OLD_COLLATION_CONNECTION */;
