-- phpMyAdmin SQL Dump
-- version 5.2.0
-- https://www.phpmyadmin.net/
--
-- Host: 127.0.0.1
-- Generation Time: Sep 27, 2022 at 07:36 PM
-- Server version: 10.4.24-MariaDB
-- PHP Version: 8.1.6

SET SQL_MODE = "NO_AUTO_VALUE_ON_ZERO";
START TRANSACTION;
SET time_zone = "+00:00";


/*!40101 SET @OLD_CHARACTER_SET_CLIENT=@@CHARACTER_SET_CLIENT */;
/*!40101 SET @OLD_CHARACTER_SET_RESULTS=@@CHARACTER_SET_RESULTS */;
/*!40101 SET @OLD_COLLATION_CONNECTION=@@COLLATION_CONNECTION */;
/*!40101 SET NAMES utf8mb4 */;

--
-- Database: `ruet`
--

-- --------------------------------------------------------

--
-- Table structure for table `attendance`
--

CREATE TABLE `attendance` (
  `id` int(11) NOT NULL,
  `roll` varchar(50) NOT NULL,
  `cid` varchar(50) NOT NULL,
  `cycle` varchar(50) NOT NULL,
  `day` varchar(50) NOT NULL,
  `attendance` int(11) NOT NULL,
  `teacher` varchar(100) NOT NULL
) ENGINE=InnoDB DEFAULT CHARSET=latin1;

--
-- Dumping data for table `attendance`
--

INSERT INTO `attendance` (`id`, `roll`, `cid`, `cycle`, `day`, `attendance`, `teacher`) VALUES
(1626, '1803061', '1', '11', 'Saturday', 1, 'DIP '),
(1627, '1803062', '1', '11', 'Saturday', 1, 'DIP '),
(1628, '1803063', '1', '11', 'Saturday', 1, 'DIP '),
(1629, '1803064', '1', '11', 'Saturday', 1, 'DIP '),
(1630, '1803065', '1', '11', 'Saturday', 1, 'DIP '),
(1631, '1803066', '1', '11', 'Saturday', 1, 'DIP '),
(1632, '1803067', '1', '11', 'Saturday', 1, 'DIP '),
(1633, '1803068', '1', '11', 'Saturday', 0, 'DIP '),
(1634, '1803069', '1', '11', 'Saturday', 1, 'DIP '),
(1635, '1803070', '1', '11', 'Saturday', 1, 'DIP '),
(1636, '1803071', '1', '11', 'Saturday', 1, 'DIP '),
(1637, '1803072', '1', '11', 'Saturday', 1, 'DIP '),
(1638, '1803073', '1', '11', 'Saturday', 1, 'DIP '),
(1639, '1803074', '1', '11', 'Saturday', 1, 'DIP '),
(1640, '1803075', '1', '11', 'Saturday', 0, 'DIP '),
(1641, '1803076', '1', '11', 'Saturday', 0, 'DIP '),
(1642, '1803077', '1', '11', 'Saturday', 1, 'DIP '),
(1643, '1803078', '1', '11', 'Saturday', 1, 'DIP '),
(1644, '1803079', '1', '11', 'Saturday', 1, 'DIP '),
(1645, '1803080', '1', '11', 'Saturday', 1, 'DIP '),
(1646, '1803081', '1', '11', 'Saturday', 1, 'DIP '),
(1647, '1803082', '1', '11', 'Saturday', 1, 'DIP '),
(1648, '1803083', '1', '11', 'Saturday', 1, 'DIP '),
(1649, '1803084', '1', '11', 'Saturday', 1, 'DIP '),
(1650, '1803085', '1', '11', 'Saturday', 1, 'DIP '),
(1651, '1803086', '1', '11', 'Saturday', 0, 'DIP '),
(1652, '1803087', '1', '11', 'Saturday', 0, 'DIP '),
(1653, '1803088', '1', '11', 'Saturday', 1, 'DIP '),
(1654, '1803089', '1', '11', 'Saturday', 1, 'DIP '),
(1655, '1803090', '1', '11', 'Saturday', 1, 'DIP '),
(1656, '1803091', '1', '11', 'Saturday', 1, 'DIP '),
(1657, '1803092', '1', '11', 'Saturday', 1, 'DIP '),
(1658, '1803093', '1', '11', 'Saturday', 1, 'DIP '),
(1659, '1803094', '1', '11', 'Saturday', 1, 'DIP '),
(1660, '1803095', '1', '11', 'Saturday', 1, 'DIP '),
(1661, '1803096', '1', '11', 'Saturday', 1, 'DIP '),
(1662, '1803097', '1', '11', 'Saturday', 1, 'DIP '),
(1663, '1803098', '1', '11', 'Saturday', 1, 'DIP '),
(1664, '1803099', '1', '11', 'Saturday', 1, 'DIP '),
(1665, '1803100', '1', '11', 'Saturday', 1, 'DIP '),
(1666, '1803101', '1', '11', 'Saturday', 1, 'DIP '),
(1667, '1803102', '1', '11', 'Saturday', 1, 'DIP '),
(1668, '1803103', '1', '11', 'Saturday', 1, 'DIP '),
(1669, '1803104', '1', '11', 'Saturday', 1, 'DIP '),
(1670, '1803105', '1', '11', 'Saturday', 1, 'DIP '),
(1671, '1803106', '1', '11', 'Saturday', 0, 'DIP '),
(1672, '1803107', '1', '11', 'Saturday', 0, 'DIP '),
(1673, '1803108', '1', '11', 'Saturday', 1, 'DIP '),
(1674, '1803109', '1', '11', 'Saturday', 1, 'DIP '),
(1675, '1803110', '1', '11', 'Saturday', 1, 'DIP '),
(1676, '1803111', '1', '11', 'Saturday', 1, 'DIP '),
(1677, '1803112', '1', '11', 'Saturday', 1, 'DIP '),
(1678, '1803113', '1', '11', 'Saturday', 1, 'DIP '),
(1679, '1803114', '1', '11', 'Saturday', 1, 'DIP '),
(1680, '1803115', '1', '11', 'Saturday', 1, 'DIP '),
(1681, '1803116', '1', '11', 'Saturday', 1, 'DIP '),
(1682, '1803117', '1', '11', 'Saturday', 0, 'DIP '),
(1683, '1803118', '1', '11', 'Saturday', 1, 'DIP '),
(1684, '1803119', '1', '11', 'Saturday', 1, 'DIP '),
(1685, '1803120', '1', '11', 'Saturday', 1, 'DIP '),
(1686, '1803061', '1', '1', 'Saturday', 1, 'DIP '),
(1687, '1803062', '1', '1', 'Saturday', 1, 'DIP '),
(1688, '1803063', '1', '1', 'Saturday', 0, 'DIP '),
(1689, '1803064', '1', '1', 'Saturday', 0, 'DIP '),
(1690, '1803065', '1', '1', 'Saturday', 0, 'DIP '),
(1691, '1803066', '1', '1', 'Saturday', 0, 'DIP '),
(1692, '1803067', '1', '1', 'Saturday', 0, 'DIP '),
(1693, '1803068', '1', '1', 'Saturday', 0, 'DIP '),
(1694, '1803069', '1', '1', 'Saturday', 0, 'DIP '),
(1695, '1803070', '1', '1', 'Saturday', 0, 'DIP '),
(1696, '1803071', '1', '1', 'Saturday', 0, 'DIP '),
(1697, '1803072', '1', '1', 'Saturday', 0, 'DIP '),
(1698, '1803073', '1', '1', 'Saturday', 0, 'DIP '),
(1699, '1803074', '1', '1', 'Saturday', 0, 'DIP '),
(1700, '1803075', '1', '1', 'Saturday', 0, 'DIP '),
(1701, '1803076', '1', '1', 'Saturday', 0, 'DIP '),
(1702, '1803077', '1', '1', 'Saturday', 0, 'DIP '),
(1703, '1803078', '1', '1', 'Saturday', 0, 'DIP '),
(1704, '1803079', '1', '1', 'Saturday', 0, 'DIP '),
(1705, '1803080', '1', '1', 'Saturday', 0, 'DIP '),
(1706, '1803081', '1', '1', 'Saturday', 0, 'DIP '),
(1707, '1803082', '1', '1', 'Saturday', 0, 'DIP '),
(1708, '1803083', '1', '1', 'Saturday', 0, 'DIP '),
(1709, '1803084', '1', '1', 'Saturday', 0, 'DIP '),
(1710, '1803085', '1', '1', 'Saturday', 0, 'DIP '),
(1711, '1803086', '1', '1', 'Saturday', 0, 'DIP '),
(1712, '1803087', '1', '1', 'Saturday', 0, 'DIP '),
(1713, '1803088', '1', '1', 'Saturday', 0, 'DIP '),
(1714, '1803089', '1', '1', 'Saturday', 0, 'DIP '),
(1715, '1803090', '1', '1', 'Saturday', 0, 'DIP '),
(1716, '1803091', '1', '1', 'Saturday', 0, 'DIP '),
(1717, '1803092', '1', '1', 'Saturday', 0, 'DIP '),
(1718, '1803093', '1', '1', 'Saturday', 0, 'DIP '),
(1719, '1803094', '1', '1', 'Saturday', 0, 'DIP '),
(1720, '1803095', '1', '1', 'Saturday', 0, 'DIP '),
(1721, '1803096', '1', '1', 'Saturday', 0, 'DIP '),
(1722, '1803097', '1', '1', 'Saturday', 0, 'DIP '),
(1723, '1803098', '1', '1', 'Saturday', 0, 'DIP '),
(1724, '1803099', '1', '1', 'Saturday', 0, 'DIP '),
(1725, '1803100', '1', '1', 'Saturday', 0, 'DIP '),
(1726, '1803101', '1', '1', 'Saturday', 0, 'DIP '),
(1727, '1803102', '1', '1', 'Saturday', 0, 'DIP '),
(1728, '1803103', '1', '1', 'Saturday', 0, 'DIP '),
(1729, '1803104', '1', '1', 'Saturday', 0, 'DIP '),
(1730, '1803105', '1', '1', 'Saturday', 0, 'DIP '),
(1731, '1803106', '1', '1', 'Saturday', 0, 'DIP '),
(1732, '1803107', '1', '1', 'Saturday', 0, 'DIP '),
(1733, '1803108', '1', '1', 'Saturday', 1, 'DIP '),
(1734, '1803109', '1', '1', 'Saturday', 0, 'DIP '),
(1735, '1803110', '1', '1', 'Saturday', 0, 'DIP '),
(1736, '1803111', '1', '1', 'Saturday', 0, 'DIP '),
(1737, '1803112', '1', '1', 'Saturday', 0, 'DIP '),
(1738, '1803113', '1', '1', 'Saturday', 0, 'DIP '),
(1739, '1803114', '1', '1', 'Saturday', 0, 'DIP '),
(1740, '1803115', '1', '1', 'Saturday', 0, 'DIP '),
(1741, '1803116', '1', '1', 'Saturday', 0, 'DIP '),
(1742, '1803117', '1', '1', 'Saturday', 1, 'DIP '),
(1743, '1803118', '1', '1', 'Saturday', 0, 'DIP '),
(1744, '1803119', '1', '1', 'Saturday', 0, 'DIP '),
(1745, '1803120', '1', '1', 'Saturday', 0, 'DIP '),
(1746, '1803061', '4', '1', 'Saturday', 1, 'DIP '),
(1747, '1803062', '4', '1', 'Saturday', 1, 'DIP '),
(1748, '1803063', '4', '1', 'Saturday', 1, 'DIP '),
(1749, '1803064', '4', '1', 'Saturday', 1, 'DIP '),
(1750, '1803065', '4', '1', 'Saturday', 1, 'DIP '),
(1751, '1803066', '4', '1', 'Saturday', 1, 'DIP '),
(1752, '1803067', '4', '1', 'Saturday', 1, 'DIP '),
(1753, '1803068', '4', '1', 'Saturday', 1, 'DIP '),
(1754, '1803069', '4', '1', 'Saturday', 1, 'DIP '),
(1755, '1803070', '4', '1', 'Saturday', 1, 'DIP '),
(1756, '1803071', '4', '1', 'Saturday', 1, 'DIP '),
(1757, '1803072', '4', '1', 'Saturday', 1, 'DIP '),
(1758, '1803073', '4', '1', 'Saturday', 1, 'DIP '),
(1759, '1803074', '4', '1', 'Saturday', 1, 'DIP '),
(1760, '1803075', '4', '1', 'Saturday', 0, 'DIP '),
(1761, '1803076', '4', '1', 'Saturday', 1, 'DIP '),
(1762, '1803077', '4', '1', 'Saturday', 1, 'DIP '),
(1763, '1803078', '4', '1', 'Saturday', 1, 'DIP '),
(1764, '1803079', '4', '1', 'Saturday', 1, 'DIP '),
(1765, '1803080', '4', '1', 'Saturday', 1, 'DIP '),
(1766, '1803081', '4', '1', 'Saturday', 1, 'DIP '),
(1767, '1803082', '4', '1', 'Saturday', 1, 'DIP '),
(1768, '1803083', '4', '1', 'Saturday', 1, 'DIP '),
(1769, '1803084', '4', '1', 'Saturday', 1, 'DIP '),
(1770, '1803085', '4', '1', 'Saturday', 1, 'DIP '),
(1771, '1803086', '4', '1', 'Saturday', 1, 'DIP '),
(1772, '1803087', '4', '1', 'Saturday', 0, 'DIP '),
(1773, '1803088', '4', '1', 'Saturday', 1, 'DIP '),
(1774, '1803089', '4', '1', 'Saturday', 1, 'DIP '),
(1775, '1803090', '4', '1', 'Saturday', 1, 'DIP '),
(1776, '1803091', '4', '1', 'Saturday', 1, 'DIP '),
(1777, '1803092', '4', '1', 'Saturday', 1, 'DIP '),
(1778, '1803093', '4', '1', 'Saturday', 1, 'DIP '),
(1779, '1803094', '4', '1', 'Saturday', 1, 'DIP '),
(1780, '1803095', '4', '1', 'Saturday', 1, 'DIP '),
(1781, '1803096', '4', '1', 'Saturday', 0, 'DIP '),
(1782, '1803097', '4', '1', 'Saturday', 1, 'DIP '),
(1783, '1803098', '4', '1', 'Saturday', 1, 'DIP '),
(1784, '1803099', '4', '1', 'Saturday', 1, 'DIP '),
(1785, '1803100', '4', '1', 'Saturday', 1, 'DIP '),
(1786, '1803101', '4', '1', 'Saturday', 1, 'DIP '),
(1787, '1803102', '4', '1', 'Saturday', 1, 'DIP '),
(1788, '1803103', '4', '1', 'Saturday', 1, 'DIP '),
(1789, '1803104', '4', '1', 'Saturday', 1, 'DIP '),
(1790, '1803105', '4', '1', 'Saturday', 1, 'DIP '),
(1791, '1803106', '4', '1', 'Saturday', 1, 'DIP '),
(1792, '1803107', '4', '1', 'Saturday', 1, 'DIP '),
(1793, '1803108', '4', '1', 'Saturday', 1, 'DIP '),
(1794, '1803109', '4', '1', 'Saturday', 1, 'DIP '),
(1795, '1803110', '4', '1', 'Saturday', 1, 'DIP '),
(1796, '1803111', '4', '1', 'Saturday', 1, 'DIP '),
(1797, '1803112', '4', '1', 'Saturday', 1, 'DIP '),
(1798, '1803113', '4', '1', 'Saturday', 1, 'DIP '),
(1799, '1803114', '4', '1', 'Saturday', 1, 'DIP '),
(1800, '1803115', '4', '1', 'Saturday', 1, 'DIP '),
(1801, '1803116', '4', '1', 'Saturday', 1, 'DIP '),
(1802, '1803117', '4', '1', 'Saturday', 1, 'DIP '),
(1803, '1803118', '4', '1', 'Saturday', 1, 'DIP '),
(1804, '1803119', '4', '1', 'Saturday', 1, 'DIP '),
(1805, '1803120', '4', '1', 'Saturday', 1, 'DIP '),
(1806, '1803061', '1', '6', 'Monday', 0, 'DIP '),
(1807, '1803062', '1', '6', 'Monday', 1, 'DIP '),
(1808, '1803063', '1', '6', 'Monday', 1, 'DIP '),
(1809, '1803064', '1', '6', 'Monday', 0, 'DIP '),
(1810, '1803065', '1', '6', 'Monday', 0, 'DIP '),
(1811, '1803066', '1', '6', 'Monday', 0, 'DIP '),
(1812, '1803067', '1', '6', 'Monday', 1, 'DIP '),
(1813, '1803068', '1', '6', 'Monday', 0, 'DIP '),
(1814, '1803069', '1', '6', 'Monday', 1, 'DIP '),
(1815, '1803070', '1', '6', 'Monday', 1, 'DIP '),
(1816, '1803071', '1', '6', 'Monday', 1, 'DIP '),
(1817, '1803072', '1', '6', 'Monday', 0, 'DIP '),
(1818, '1803073', '1', '6', 'Monday', 0, 'DIP '),
(1819, '1803074', '1', '6', 'Monday', 0, 'DIP '),
(1820, '1803075', '1', '6', 'Monday', 0, 'DIP '),
(1821, '1803076', '1', '6', 'Monday', 0, 'DIP '),
(1822, '1803077', '1', '6', 'Monday', 0, 'DIP '),
(1823, '1803078', '1', '6', 'Monday', 0, 'DIP '),
(1824, '1803079', '1', '6', 'Monday', 0, 'DIP '),
(1825, '1803080', '1', '6', 'Monday', 0, 'DIP '),
(1826, '1803081', '1', '6', 'Monday', 0, 'DIP '),
(1827, '1803082', '1', '6', 'Monday', 0, 'DIP '),
(1828, '1803083', '1', '6', 'Monday', 0, 'DIP '),
(1829, '1803084', '1', '6', 'Monday', 0, 'DIP '),
(1830, '1803085', '1', '6', 'Monday', 0, 'DIP '),
(1831, '1803086', '1', '6', 'Monday', 1, 'DIP '),
(1832, '1803087', '1', '6', 'Monday', 1, 'DIP '),
(1833, '1803088', '1', '6', 'Monday', 0, 'DIP '),
(1834, '1803089', '1', '6', 'Monday', 0, 'DIP '),
(1835, '1803090', '1', '6', 'Monday', 0, 'DIP '),
(1836, '1803091', '1', '6', 'Monday', 0, 'DIP '),
(1837, '1803092', '1', '6', 'Monday', 0, 'DIP '),
(1838, '1803093', '1', '6', 'Monday', 0, 'DIP '),
(1839, '1803094', '1', '6', 'Monday', 0, 'DIP '),
(1840, '1803095', '1', '6', 'Monday', 0, 'DIP '),
(1841, '1803096', '1', '6', 'Monday', 0, 'DIP '),
(1842, '1803097', '1', '6', 'Monday', 0, 'DIP '),
(1843, '1803098', '1', '6', 'Monday', 0, 'DIP '),
(1844, '1803099', '1', '6', 'Monday', 0, 'DIP '),
(1845, '1803100', '1', '6', 'Monday', 0, 'DIP '),
(1846, '1803101', '1', '6', 'Monday', 0, 'DIP '),
(1847, '1803102', '1', '6', 'Monday', 0, 'DIP '),
(1848, '1803103', '1', '6', 'Monday', 0, 'DIP '),
(1849, '1803104', '1', '6', 'Monday', 0, 'DIP '),
(1850, '1803105', '1', '6', 'Monday', 0, 'DIP '),
(1851, '1803106', '1', '6', 'Monday', 0, 'DIP '),
(1852, '1803107', '1', '6', 'Monday', 0, 'DIP '),
(1853, '1803108', '1', '6', 'Monday', 0, 'DIP '),
(1854, '1803109', '1', '6', 'Monday', 0, 'DIP '),
(1855, '1803110', '1', '6', 'Monday', 0, 'DIP '),
(1856, '1803111', '1', '6', 'Monday', 0, 'DIP '),
(1857, '1803112', '1', '6', 'Monday', 0, 'DIP '),
(1858, '1803113', '1', '6', 'Monday', 0, 'DIP '),
(1859, '1803114', '1', '6', 'Monday', 0, 'DIP '),
(1860, '1803115', '1', '6', 'Monday', 0, 'DIP '),
(1861, '1803116', '1', '6', 'Monday', 0, 'DIP '),
(1862, '1803117', '1', '6', 'Monday', 0, 'DIP '),
(1863, '1803118', '1', '6', 'Monday', 0, 'DIP '),
(1864, '1803119', '1', '6', 'Monday', 0, 'DIP '),
(1865, '1803120', '1', '6', 'Monday', 0, 'DIP '),
(1866, '1803061', '1', '13', 'Tuesday', 0, 'DIP '),
(1867, '1803062', '1', '13', 'Tuesday', 1, 'DIP '),
(1868, '1803063', '1', '13', 'Tuesday', 0, 'DIP '),
(1869, '1803064', '1', '13', 'Tuesday', 1, 'DIP '),
(1870, '1803065', '1', '13', 'Tuesday', 0, 'DIP '),
(1871, '1803066', '1', '13', 'Tuesday', 1, 'DIP '),
(1872, '1803067', '1', '13', 'Tuesday', 0, 'DIP '),
(1873, '1803068', '1', '13', 'Tuesday', 1, 'DIP '),
(1874, '1803069', '1', '13', 'Tuesday', 1, 'DIP '),
(1875, '1803070', '1', '13', 'Tuesday', 0, 'DIP '),
(1876, '1803071', '1', '13', 'Tuesday', 0, 'DIP '),
(1877, '1803072', '1', '13', 'Tuesday', 0, 'DIP '),
(1878, '1803073', '1', '13', 'Tuesday', 0, 'DIP '),
(1879, '1803074', '1', '13', 'Tuesday', 0, 'DIP '),
(1880, '1803075', '1', '13', 'Tuesday', 0, 'DIP '),
(1881, '1803076', '1', '13', 'Tuesday', 0, 'DIP '),
(1882, '1803077', '1', '13', 'Tuesday', 0, 'DIP '),
(1883, '1803078', '1', '13', 'Tuesday', 0, 'DIP '),
(1884, '1803079', '1', '13', 'Tuesday', 0, 'DIP '),
(1885, '1803080', '1', '13', 'Tuesday', 0, 'DIP '),
(1886, '1803081', '1', '13', 'Tuesday', 0, 'DIP '),
(1887, '1803082', '1', '13', 'Tuesday', 0, 'DIP '),
(1888, '1803083', '1', '13', 'Tuesday', 0, 'DIP '),
(1889, '1803084', '1', '13', 'Tuesday', 0, 'DIP '),
(1890, '1803085', '1', '13', 'Tuesday', 0, 'DIP '),
(1891, '1803086', '1', '13', 'Tuesday', 0, 'DIP '),
(1892, '1803087', '1', '13', 'Tuesday', 0, 'DIP '),
(1893, '1803088', '1', '13', 'Tuesday', 1, 'DIP '),
(1894, '1803089', '1', '13', 'Tuesday', 1, 'DIP '),
(1895, '1803090', '1', '13', 'Tuesday', 0, 'DIP '),
(1896, '1803091', '1', '13', 'Tuesday', 0, 'DIP '),
(1897, '1803092', '1', '13', 'Tuesday', 0, 'DIP '),
(1898, '1803093', '1', '13', 'Tuesday', 0, 'DIP '),
(1899, '1803094', '1', '13', 'Tuesday', 0, 'DIP '),
(1900, '1803095', '1', '13', 'Tuesday', 0, 'DIP '),
(1901, '1803096', '1', '13', 'Tuesday', 0, 'DIP '),
(1902, '1803097', '1', '13', 'Tuesday', 0, 'DIP '),
(1903, '1803098', '1', '13', 'Tuesday', 0, 'DIP '),
(1904, '1803099', '1', '13', 'Tuesday', 0, 'DIP '),
(1905, '1803100', '1', '13', 'Tuesday', 0, 'DIP '),
(1906, '1803101', '1', '13', 'Tuesday', 0, 'DIP '),
(1907, '1803102', '1', '13', 'Tuesday', 0, 'DIP '),
(1908, '1803103', '1', '13', 'Tuesday', 0, 'DIP '),
(1909, '1803104', '1', '13', 'Tuesday', 0, 'DIP '),
(1910, '1803105', '1', '13', 'Tuesday', 0, 'DIP '),
(1911, '1803106', '1', '13', 'Tuesday', 0, 'DIP '),
(1912, '1803107', '1', '13', 'Tuesday', 0, 'DIP '),
(1913, '1803108', '1', '13', 'Tuesday', 0, 'DIP '),
(1914, '1803109', '1', '13', 'Tuesday', 1, 'DIP '),
(1915, '1803110', '1', '13', 'Tuesday', 1, 'DIP '),
(1916, '1803111', '1', '13', 'Tuesday', 0, 'DIP '),
(1917, '1803112', '1', '13', 'Tuesday', 0, 'DIP '),
(1918, '1803113', '1', '13', 'Tuesday', 0, 'DIP '),
(1919, '1803114', '1', '13', 'Tuesday', 0, 'DIP '),
(1920, '1803115', '1', '13', 'Tuesday', 0, 'DIP '),
(1921, '1803116', '1', '13', 'Tuesday', 1, 'DIP '),
(1922, '1803117', '1', '13', 'Tuesday', 1, 'DIP '),
(1923, '1803118', '1', '13', 'Tuesday', 0, 'DIP '),
(1924, '1803119', '1', '13', 'Tuesday', 0, 'DIP '),
(1925, '1803120', '1', '13', 'Tuesday', 0, 'DIP '),
(1926, '1803061', '6', '10', 'Saturday', 0, 'DIP '),
(1927, '1803062', '6', '10', 'Saturday', 0, 'DIP '),
(1928, '1803063', '6', '10', 'Saturday', 0, 'DIP '),
(1929, '1803064', '6', '10', 'Saturday', 1, 'DIP '),
(1930, '1803065', '6', '10', 'Saturday', 1, 'DIP '),
(1931, '1803066', '6', '10', 'Saturday', 0, 'DIP '),
(1932, '1803067', '6', '10', 'Saturday', 0, 'DIP '),
(1933, '1803068', '6', '10', 'Saturday', 0, 'DIP '),
(1934, '1803069', '6', '10', 'Saturday', 0, 'DIP '),
(1935, '1803070', '6', '10', 'Saturday', 0, 'DIP '),
(1936, '1803071', '6', '10', 'Saturday', 0, 'DIP '),
(1937, '1803072', '6', '10', 'Saturday', 0, 'DIP '),
(1938, '1803073', '6', '10', 'Saturday', 0, 'DIP '),
(1939, '1803074', '6', '10', 'Saturday', 0, 'DIP '),
(1940, '1803075', '6', '10', 'Saturday', 0, 'DIP '),
(1941, '1803076', '6', '10', 'Saturday', 0, 'DIP '),
(1942, '1803077', '6', '10', 'Saturday', 1, 'DIP '),
(1943, '1803078', '6', '10', 'Saturday', 1, 'DIP '),
(1944, '1803079', '6', '10', 'Saturday', 0, 'DIP '),
(1945, '1803080', '6', '10', 'Saturday', 0, 'DIP '),
(1946, '1803081', '6', '10', 'Saturday', 0, 'DIP '),
(1947, '1803082', '6', '10', 'Saturday', 0, 'DIP '),
(1948, '1803083', '6', '10', 'Saturday', 0, 'DIP '),
(1949, '1803084', '6', '10', 'Saturday', 0, 'DIP '),
(1950, '1803085', '6', '10', 'Saturday', 0, 'DIP '),
(1951, '1803086', '6', '10', 'Saturday', 0, 'DIP '),
(1952, '1803087', '6', '10', 'Saturday', 0, 'DIP '),
(1953, '1803088', '6', '10', 'Saturday', 0, 'DIP '),
(1954, '1803089', '6', '10', 'Saturday', 0, 'DIP '),
(1955, '1803090', '6', '10', 'Saturday', 0, 'DIP '),
(1956, '1803091', '6', '10', 'Saturday', 0, 'DIP '),
(1957, '1803092', '6', '10', 'Saturday', 0, 'DIP '),
(1958, '1803093', '6', '10', 'Saturday', 0, 'DIP '),
(1959, '1803094', '6', '10', 'Saturday', 0, 'DIP '),
(1960, '1803095', '6', '10', 'Saturday', 0, 'DIP '),
(1961, '1803096', '6', '10', 'Saturday', 1, 'DIP '),
(1962, '1803097', '6', '10', 'Saturday', 1, 'DIP '),
(1963, '1803098', '6', '10', 'Saturday', 0, 'DIP '),
(1964, '1803099', '6', '10', 'Saturday', 0, 'DIP '),
(1965, '1803100', '6', '10', 'Saturday', 0, 'DIP '),
(1966, '1803101', '6', '10', 'Saturday', 0, 'DIP '),
(1967, '1803102', '6', '10', 'Saturday', 0, 'DIP '),
(1968, '1803103', '6', '10', 'Saturday', 0, 'DIP '),
(1969, '1803104', '6', '10', 'Saturday', 0, 'DIP '),
(1970, '1803105', '6', '10', 'Saturday', 0, 'DIP '),
(1971, '1803106', '6', '10', 'Saturday', 0, 'DIP '),
(1972, '1803107', '6', '10', 'Saturday', 0, 'DIP '),
(1973, '1803108', '6', '10', 'Saturday', 0, 'DIP '),
(1974, '1803109', '6', '10', 'Saturday', 0, 'DIP '),
(1975, '1803110', '6', '10', 'Saturday', 0, 'DIP '),
(1976, '1803111', '6', '10', 'Saturday', 0, 'DIP '),
(1977, '1803112', '6', '10', 'Saturday', 0, 'DIP '),
(1978, '1803113', '6', '10', 'Saturday', 0, 'DIP '),
(1979, '1803114', '6', '10', 'Saturday', 0, 'DIP '),
(1980, '1803115', '6', '10', 'Saturday', 0, 'DIP '),
(1981, '1803116', '6', '10', 'Saturday', 0, 'DIP '),
(1982, '1803117', '6', '10', 'Saturday', 0, 'DIP '),
(1983, '1803118', '6', '10', 'Saturday', 0, 'DIP '),
(1984, '1803119', '6', '10', 'Saturday', 0, 'DIP '),
(1985, '1803120', '6', '10', 'Saturday', 0, 'DIP '),
(1986, '1803061', '6', '8', 'Saturday', 0, 'tcr'),
(1987, '1803062', '6', '8', 'Saturday', 1, 'tcr'),
(1988, '1803063', '6', '8', 'Saturday', 1, 'tcr'),
(1989, '1803064', '6', '8', 'Saturday', 0, 'tcr'),
(1990, '1803065', '6', '8', 'Saturday', 0, 'tcr'),
(1991, '1803066', '6', '8', 'Saturday', 0, 'tcr'),
(1992, '1803067', '6', '8', 'Saturday', 1, 'tcr'),
(1993, '1803068', '6', '8', 'Saturday', 0, 'tcr'),
(1994, '1803069', '6', '8', 'Saturday', 1, 'tcr'),
(1995, '1803070', '6', '8', 'Saturday', 0, 'tcr'),
(1996, '1803071', '6', '8', 'Saturday', 0, 'tcr'),
(1997, '1803072', '6', '8', 'Saturday', 0, 'tcr'),
(1998, '1803073', '6', '8', 'Saturday', 0, 'tcr'),
(1999, '1803074', '6', '8', 'Saturday', 0, 'tcr'),
(2000, '1803075', '6', '8', 'Saturday', 0, 'tcr'),
(2001, '1803076', '6', '8', 'Saturday', 1, 'tcr'),
(2002, '1803077', '6', '8', 'Saturday', 1, 'tcr'),
(2003, '1803078', '6', '8', 'Saturday', 0, 'tcr'),
(2004, '1803079', '6', '8', 'Saturday', 0, 'tcr'),
(2005, '1803080', '6', '8', 'Saturday', 0, 'tcr'),
(2006, '1803081', '6', '8', 'Saturday', 0, 'tcr'),
(2007, '1803082', '6', '8', 'Saturday', 0, 'tcr'),
(2008, '1803083', '6', '8', 'Saturday', 0, 'tcr'),
(2009, '1803084', '6', '8', 'Saturday', 0, 'tcr'),
(2010, '1803085', '6', '8', 'Saturday', 0, 'tcr'),
(2011, '1803086', '6', '8', 'Saturday', 0, 'tcr'),
(2012, '1803087', '6', '8', 'Saturday', 0, 'tcr'),
(2013, '1803088', '6', '8', 'Saturday', 0, 'tcr'),
(2014, '1803089', '6', '8', 'Saturday', 0, 'tcr'),
(2015, '1803090', '6', '8', 'Saturday', 0, 'tcr'),
(2016, '1803091', '6', '8', 'Saturday', 1, 'tcr'),
(2017, '1803092', '6', '8', 'Saturday', 1, 'tcr'),
(2018, '1803093', '6', '8', 'Saturday', 0, 'tcr'),
(2019, '1803094', '6', '8', 'Saturday', 0, 'tcr'),
(2020, '1803095', '6', '8', 'Saturday', 0, 'tcr'),
(2021, '1803096', '6', '8', 'Saturday', 0, 'tcr'),
(2022, '1803097', '6', '8', 'Saturday', 0, 'tcr'),
(2023, '1803098', '6', '8', 'Saturday', 0, 'tcr'),
(2024, '1803099', '6', '8', 'Saturday', 0, 'tcr'),
(2025, '1803100', '6', '8', 'Saturday', 0, 'tcr'),
(2026, '1803101', '6', '8', 'Saturday', 0, 'tcr'),
(2027, '1803102', '6', '8', 'Saturday', 0, 'tcr'),
(2028, '1803103', '6', '8', 'Saturday', 0, 'tcr'),
(2029, '1803104', '6', '8', 'Saturday', 0, 'tcr'),
(2030, '1803105', '6', '8', 'Saturday', 0, 'tcr'),
(2031, '1803106', '6', '8', 'Saturday', 0, 'tcr'),
(2032, '1803107', '6', '8', 'Saturday', 0, 'tcr'),
(2033, '1803108', '6', '8', 'Saturday', 0, 'tcr'),
(2034, '1803109', '6', '8', 'Saturday', 0, 'tcr'),
(2035, '1803110', '6', '8', 'Saturday', 0, 'tcr'),
(2036, '1803111', '6', '8', 'Saturday', 0, 'tcr'),
(2037, '1803112', '6', '8', 'Saturday', 0, 'tcr'),
(2038, '1803113', '6', '8', 'Saturday', 0, 'tcr'),
(2039, '1803114', '6', '8', 'Saturday', 0, 'tcr'),
(2040, '1803115', '6', '8', 'Saturday', 0, 'tcr'),
(2041, '1803116', '6', '8', 'Saturday', 0, 'tcr'),
(2042, '1803117', '6', '8', 'Saturday', 0, 'tcr'),
(2043, '1803118', '6', '8', 'Saturday', 0, 'tcr'),
(2044, '1803119', '6', '8', 'Saturday', 0, 'tcr'),
(2045, '1803120', '6', '8', 'Saturday', 0, 'tcr'),
(2046, '1803061', '6', '12', 'Monday', 1, 'tcr'),
(2047, '1803062', '6', '12', 'Monday', 1, 'tcr'),
(2048, '1803063', '6', '12', 'Monday', 1, 'tcr'),
(2049, '1803064', '6', '12', 'Monday', 0, 'tcr'),
(2050, '1803065', '6', '12', 'Monday', 0, 'tcr'),
(2051, '1803066', '6', '12', 'Monday', 0, 'tcr'),
(2052, '1803067', '6', '12', 'Monday', 1, 'tcr'),
(2053, '1803068', '6', '12', 'Monday', 0, 'tcr'),
(2054, '1803069', '6', '12', 'Monday', 0, 'tcr'),
(2055, '1803070', '6', '12', 'Monday', 1, 'tcr'),
(2056, '1803071', '6', '12', 'Monday', 1, 'tcr'),
(2057, '1803072', '6', '12', 'Monday', 0, 'tcr'),
(2058, '1803073', '6', '12', 'Monday', 0, 'tcr'),
(2059, '1803074', '6', '12', 'Monday', 0, 'tcr'),
(2060, '1803075', '6', '12', 'Monday', 0, 'tcr'),
(2061, '1803076', '6', '12', 'Monday', 1, 'tcr'),
(2062, '1803077', '6', '12', 'Monday', 0, 'tcr'),
(2063, '1803078', '6', '12', 'Monday', 1, 'tcr'),
(2064, '1803079', '6', '12', 'Monday', 0, 'tcr'),
(2065, '1803080', '6', '12', 'Monday', 0, 'tcr'),
(2066, '1803081', '6', '12', 'Monday', 0, 'tcr'),
(2067, '1803082', '6', '12', 'Monday', 0, 'tcr'),
(2068, '1803083', '6', '12', 'Monday', 0, 'tcr'),
(2069, '1803084', '6', '12', 'Monday', 0, 'tcr'),
(2070, '1803085', '6', '12', 'Monday', 0, 'tcr'),
(2071, '1803086', '6', '12', 'Monday', 0, 'tcr'),
(2072, '1803087', '6', '12', 'Monday', 1, 'tcr'),
(2073, '1803088', '6', '12', 'Monday', 1, 'tcr'),
(2074, '1803089', '6', '12', 'Monday', 0, 'tcr'),
(2075, '1803090', '6', '12', 'Monday', 0, 'tcr'),
(2076, '1803091', '6', '12', 'Monday', 0, 'tcr'),
(2077, '1803092', '6', '12', 'Monday', 0, 'tcr'),
(2078, '1803093', '6', '12', 'Monday', 0, 'tcr'),
(2079, '1803094', '6', '12', 'Monday', 0, 'tcr'),
(2080, '1803095', '6', '12', 'Monday', 0, 'tcr'),
(2081, '1803096', '6', '12', 'Monday', 0, 'tcr'),
(2082, '1803097', '6', '12', 'Monday', 0, 'tcr'),
(2083, '1803098', '6', '12', 'Monday', 0, 'tcr'),
(2084, '1803099', '6', '12', 'Monday', 0, 'tcr'),
(2085, '1803100', '6', '12', 'Monday', 0, 'tcr'),
(2086, '1803101', '6', '12', 'Monday', 0, 'tcr'),
(2087, '1803102', '6', '12', 'Monday', 0, 'tcr'),
(2088, '1803103', '6', '12', 'Monday', 0, 'tcr'),
(2089, '1803104', '6', '12', 'Monday', 0, 'tcr'),
(2090, '1803105', '6', '12', 'Monday', 0, 'tcr'),
(2091, '1803106', '6', '12', 'Monday', 0, 'tcr'),
(2092, '1803107', '6', '12', 'Monday', 0, 'tcr'),
(2093, '1803108', '6', '12', 'Monday', 0, 'tcr'),
(2094, '1803109', '6', '12', 'Monday', 0, 'tcr'),
(2095, '1803110', '6', '12', 'Monday', 1, 'tcr'),
(2096, '1803111', '6', '12', 'Monday', 1, 'tcr'),
(2097, '1803112', '6', '12', 'Monday', 0, 'tcr'),
(2098, '1803113', '6', '12', 'Monday', 0, 'tcr'),
(2099, '1803114', '6', '12', 'Monday', 0, 'tcr'),
(2100, '1803115', '6', '12', 'Monday', 0, 'tcr'),
(2101, '1803116', '6', '12', 'Monday', 0, 'tcr'),
(2102, '1803117', '6', '12', 'Monday', 0, 'tcr'),
(2103, '1803118', '6', '12', 'Monday', 0, 'tcr'),
(2104, '1803119', '6', '12', 'Monday', 0, 'tcr'),
(2105, '1803120', '6', '12', 'Monday', 0, 'tcr'),
(2106, '1803061', '5', '8', 'Monday', 1, 'DIP '),
(2107, '1803062', '5', '8', 'Monday', 0, 'DIP '),
(2108, '1803063', '5', '8', 'Monday', 1, 'DIP '),
(2109, '1803064', '5', '8', 'Monday', 1, 'DIP '),
(2110, '1803065', '5', '8', 'Monday', 1, 'DIP '),
(2111, '1803066', '5', '8', 'Monday', 1, 'DIP '),
(2112, '1803067', '5', '8', 'Monday', 1, 'DIP '),
(2113, '1803068', '5', '8', 'Monday', 1, 'DIP '),
(2114, '1803069', '5', '8', 'Monday', 1, 'DIP '),
(2115, '1803070', '5', '8', 'Monday', 1, 'DIP '),
(2116, '1803071', '5', '8', 'Monday', 1, 'DIP '),
(2117, '1803072', '5', '8', 'Monday', 0, 'DIP '),
(2118, '1803073', '5', '8', 'Monday', 1, 'DIP '),
(2119, '1803074', '5', '8', 'Monday', 1, 'DIP '),
(2120, '1803075', '5', '8', 'Monday', 1, 'DIP '),
(2121, '1803076', '5', '8', 'Monday', 1, 'DIP '),
(2122, '1803077', '5', '8', 'Monday', 1, 'DIP '),
(2123, '1803078', '5', '8', 'Monday', 1, 'DIP '),
(2124, '1803079', '5', '8', 'Monday', 1, 'DIP '),
(2125, '1803080', '5', '8', 'Monday', 1, 'DIP '),
(2126, '1803081', '5', '8', 'Monday', 0, 'DIP '),
(2127, '1803082', '5', '8', 'Monday', 1, 'DIP '),
(2128, '1803083', '5', '8', 'Monday', 1, 'DIP '),
(2129, '1803084', '5', '8', 'Monday', 1, 'DIP '),
(2130, '1803085', '5', '8', 'Monday', 1, 'DIP '),
(2131, '1803086', '5', '8', 'Monday', 1, 'DIP '),
(2132, '1803087', '5', '8', 'Monday', 1, 'DIP '),
(2133, '1803088', '5', '8', 'Monday', 1, 'DIP '),
(2134, '1803089', '5', '8', 'Monday', 1, 'DIP '),
(2135, '1803090', '5', '8', 'Monday', 1, 'DIP '),
(2136, '1803091', '5', '8', 'Monday', 1, 'DIP '),
(2137, '1803092', '5', '8', 'Monday', 0, 'DIP '),
(2138, '1803093', '5', '8', 'Monday', 1, 'DIP '),
(2139, '1803094', '5', '8', 'Monday', 1, 'DIP '),
(2140, '1803095', '5', '8', 'Monday', 1, 'DIP '),
(2141, '1803096', '5', '8', 'Monday', 1, 'DIP '),
(2142, '1803097', '5', '8', 'Monday', 1, 'DIP '),
(2143, '1803098', '5', '8', 'Monday', 1, 'DIP '),
(2144, '1803099', '5', '8', 'Monday', 1, 'DIP '),
(2145, '1803100', '5', '8', 'Monday', 1, 'DIP '),
(2146, '1803101', '5', '8', 'Monday', 1, 'DIP '),
(2147, '1803102', '5', '8', 'Monday', 0, 'DIP '),
(2148, '1803103', '5', '8', 'Monday', 1, 'DIP '),
(2149, '1803104', '5', '8', 'Monday', 1, 'DIP '),
(2150, '1803105', '5', '8', 'Monday', 1, 'DIP '),
(2151, '1803106', '5', '8', 'Monday', 1, 'DIP '),
(2152, '1803107', '5', '8', 'Monday', 1, 'DIP '),
(2153, '1803108', '5', '8', 'Monday', 1, 'DIP '),
(2154, '1803109', '5', '8', 'Monday', 1, 'DIP '),
(2155, '1803110', '5', '8', 'Monday', 1, 'DIP '),
(2156, '1803111', '5', '8', 'Monday', 1, 'DIP '),
(2157, '1803112', '5', '8', 'Monday', 1, 'DIP '),
(2158, '1803113', '5', '8', 'Monday', 1, 'DIP '),
(2159, '1803114', '5', '8', 'Monday', 1, 'DIP '),
(2160, '1803115', '5', '8', 'Monday', 1, 'DIP '),
(2161, '1803116', '5', '8', 'Monday', 0, 'DIP '),
(2162, '1803117', '5', '8', 'Monday', 1, 'DIP '),
(2163, '1803118', '5', '8', 'Monday', 1, 'DIP '),
(2164, '1803119', '5', '8', 'Monday', 1, 'DIP '),
(2165, '1803120', '5', '8', 'Monday', 1, 'DIP '),
(2166, '1803061', '5', '8', 'Tuesday', 0, 'DIP '),
(2167, '1803062', '5', '8', 'Tuesday', 1, 'DIP '),
(2168, '1803063', '5', '8', 'Tuesday', 1, 'DIP '),
(2169, '1803064', '5', '8', 'Tuesday', 1, 'DIP '),
(2170, '1803065', '5', '8', 'Tuesday', 1, 'DIP '),
(2171, '1803066', '5', '8', 'Tuesday', 1, 'DIP '),
(2172, '1803067', '5', '8', 'Tuesday', 1, 'DIP '),
(2173, '1803068', '5', '8', 'Tuesday', 0, 'DIP '),
(2174, '1803069', '5', '8', 'Tuesday', 1, 'DIP '),
(2175, '1803070', '5', '8', 'Tuesday', 1, 'DIP '),
(2176, '1803071', '5', '8', 'Tuesday', 1, 'DIP '),
(2177, '1803072', '5', '8', 'Tuesday', 1, 'DIP '),
(2178, '1803073', '5', '8', 'Tuesday', 1, 'DIP '),
(2179, '1803074', '5', '8', 'Tuesday', 1, 'DIP '),
(2180, '1803075', '5', '8', 'Tuesday', 0, 'DIP '),
(2181, '1803076', '5', '8', 'Tuesday', 1, 'DIP '),
(2182, '1803077', '5', '8', 'Tuesday', 1, 'DIP '),
(2183, '1803078', '5', '8', 'Tuesday', 1, 'DIP '),
(2184, '1803079', '5', '8', 'Tuesday', 1, 'DIP '),
(2185, '1803080', '5', '8', 'Tuesday', 1, 'DIP '),
(2186, '1803081', '5', '8', 'Tuesday', 1, 'DIP '),
(2187, '1803082', '5', '8', 'Tuesday', 1, 'DIP '),
(2188, '1803083', '5', '8', 'Tuesday', 1, 'DIP '),
(2189, '1803084', '5', '8', 'Tuesday', 1, 'DIP '),
(2190, '1803085', '5', '8', 'Tuesday', 1, 'DIP '),
(2191, '1803086', '5', '8', 'Tuesday', 0, 'DIP '),
(2192, '1803087', '5', '8', 'Tuesday', 1, 'DIP '),
(2193, '1803088', '5', '8', 'Tuesday', 1, 'DIP '),
(2194, '1803089', '5', '8', 'Tuesday', 1, 'DIP '),
(2195, '1803090', '5', '8', 'Tuesday', 1, 'DIP '),
(2196, '1803091', '5', '8', 'Tuesday', 1, 'DIP '),
(2197, '1803092', '5', '8', 'Tuesday', 1, 'DIP '),
(2198, '1803093', '5', '8', 'Tuesday', 1, 'DIP '),
(2199, '1803094', '5', '8', 'Tuesday', 1, 'DIP '),
(2200, '1803095', '5', '8', 'Tuesday', 1, 'DIP '),
(2201, '1803096', '5', '8', 'Tuesday', 1, 'DIP '),
(2202, '1803097', '5', '8', 'Tuesday', 0, 'DIP '),
(2203, '1803098', '5', '8', 'Tuesday', 1, 'DIP '),
(2204, '1803099', '5', '8', 'Tuesday', 1, 'DIP '),
(2205, '1803100', '5', '8', 'Tuesday', 1, 'DIP '),
(2206, '1803101', '5', '8', 'Tuesday', 1, 'DIP '),
(2207, '1803102', '5', '8', 'Tuesday', 1, 'DIP '),
(2208, '1803103', '5', '8', 'Tuesday', 1, 'DIP '),
(2209, '1803104', '5', '8', 'Tuesday', 1, 'DIP '),
(2210, '1803105', '5', '8', 'Tuesday', 1, 'DIP '),
(2211, '1803106', '5', '8', 'Tuesday', 1, 'DIP '),
(2212, '1803107', '5', '8', 'Tuesday', 1, 'DIP '),
(2213, '1803108', '5', '8', 'Tuesday', 0, 'DIP '),
(2214, '1803109', '5', '8', 'Tuesday', 1, 'DIP '),
(2215, '1803110', '5', '8', 'Tuesday', 1, 'DIP '),
(2216, '1803111', '5', '8', 'Tuesday', 1, 'DIP '),
(2217, '1803112', '5', '8', 'Tuesday', 1, 'DIP '),
(2218, '1803113', '5', '8', 'Tuesday', 1, 'DIP '),
(2219, '1803114', '5', '8', 'Tuesday', 1, 'DIP '),
(2220, '1803115', '5', '8', 'Tuesday', 1, 'DIP '),
(2221, '1803116', '5', '8', 'Tuesday', 1, 'DIP '),
(2222, '1803117', '5', '8', 'Tuesday', 1, 'DIP '),
(2223, '1803118', '5', '8', 'Tuesday', 0, 'DIP '),
(2224, '1803119', '5', '8', 'Tuesday', 1, 'DIP '),
(2225, '1803120', '5', '8', 'Tuesday', 1, 'DIP '),
(2226, '1803061', '30', '4', 'Wednesday', 1, 'DIP '),
(2227, '1803062', '30', '4', 'Wednesday', 1, 'DIP '),
(2228, '1803063', '30', '4', 'Wednesday', 1, 'DIP '),
(2229, '1803064', '30', '4', 'Wednesday', 1, 'DIP '),
(2230, '1803065', '30', '4', 'Wednesday', 1, 'DIP '),
(2231, '1803066', '30', '4', 'Wednesday', 0, 'DIP '),
(2232, '1803067', '30', '4', 'Wednesday', 0, 'DIP '),
(2233, '1803068', '30', '4', 'Wednesday', 0, 'DIP '),
(2234, '1803069', '30', '4', 'Wednesday', 1, 'DIP '),
(2235, '1803070', '30', '4', 'Wednesday', 1, 'DIP '),
(2236, '1803071', '30', '4', 'Wednesday', 1, 'DIP '),
(2237, '1803072', '30', '4', 'Wednesday', 1, 'DIP '),
(2238, '1803073', '30', '4', 'Wednesday', 1, 'DIP '),
(2239, '1803074', '30', '4', 'Wednesday', 0, 'DIP '),
(2240, '1803075', '30', '4', 'Wednesday', 1, 'DIP '),
(2241, '1803076', '30', '4', 'Wednesday', 1, 'DIP '),
(2242, '1803077', '30', '4', 'Wednesday', 1, 'DIP '),
(2243, '1803078', '30', '4', 'Wednesday', 1, 'DIP '),
(2244, '1803079', '30', '4', 'Wednesday', 1, 'DIP '),
(2245, '1803080', '30', '4', 'Wednesday', 1, 'DIP '),
(2246, '1803081', '30', '4', 'Wednesday', 1, 'DIP '),
(2247, '1803082', '30', '4', 'Wednesday', 1, 'DIP '),
(2248, '1803083', '30', '4', 'Wednesday', 1, 'DIP '),
(2249, '1803084', '30', '4', 'Wednesday', 0, 'DIP '),
(2250, '1803085', '30', '4', 'Wednesday', 1, 'DIP '),
(2251, '1803086', '30', '4', 'Wednesday', 1, 'DIP '),
(2252, '1803087', '30', '4', 'Wednesday', 1, 'DIP '),
(2253, '1803088', '30', '4', 'Wednesday', 1, 'DIP '),
(2254, '1803089', '30', '4', 'Wednesday', 1, 'DIP '),
(2255, '1803090', '30', '4', 'Wednesday', 1, 'DIP '),
(2256, '1803091', '30', '4', 'Wednesday', 1, 'DIP '),
(2257, '1803092', '30', '4', 'Wednesday', 1, 'DIP '),
(2258, '1803093', '30', '4', 'Wednesday', 0, 'DIP '),
(2259, '1803094', '30', '4', 'Wednesday', 1, 'DIP '),
(2260, '1803095', '30', '4', 'Wednesday', 1, 'DIP '),
(2261, '1803096', '30', '4', 'Wednesday', 1, 'DIP '),
(2262, '1803097', '30', '4', 'Wednesday', 1, 'DIP '),
(2263, '1803098', '30', '4', 'Wednesday', 1, 'DIP '),
(2264, '1803099', '30', '4', 'Wednesday', 1, 'DIP '),
(2265, '1803100', '30', '4', 'Wednesday', 1, 'DIP '),
(2266, '1803101', '30', '4', 'Wednesday', 0, 'DIP '),
(2267, '1803102', '30', '4', 'Wednesday', 1, 'DIP '),
(2268, '1803103', '30', '4', 'Wednesday', 1, 'DIP '),
(2269, '1803104', '30', '4', 'Wednesday', 1, 'DIP '),
(2270, '1803105', '30', '4', 'Wednesday', 1, 'DIP '),
(2271, '1803106', '30', '4', 'Wednesday', 1, 'DIP '),
(2272, '1803107', '30', '4', 'Wednesday', 1, 'DIP '),
(2273, '1803108', '30', '4', 'Wednesday', 1, 'DIP '),
(2274, '1803109', '30', '4', 'Wednesday', 1, 'DIP '),
(2275, '1803110', '30', '4', 'Wednesday', 1, 'DIP '),
(2276, '1803111', '30', '4', 'Wednesday', 1, 'DIP '),
(2277, '1803112', '30', '4', 'Wednesday', 1, 'DIP '),
(2278, '1803113', '30', '4', 'Wednesday', 1, 'DIP '),
(2279, '1803114', '30', '4', 'Wednesday', 1, 'DIP '),
(2280, '1803115', '30', '4', 'Wednesday', 1, 'DIP '),
(2281, '1803116', '30', '4', 'Wednesday', 1, 'DIP '),
(2282, '1803117', '30', '4', 'Wednesday', 0, 'DIP '),
(2283, '1803118', '30', '4', 'Wednesday', 1, 'DIP '),
(2284, '1803119', '30', '4', 'Wednesday', 1, 'DIP '),
(2285, '1803120', '30', '4', 'Wednesday', 1, 'DIP '),
(2286, '1803061', '5', '11', 'Monday', 1, 'DIP '),
(2287, '1803062', '5', '11', 'Monday', 1, 'DIP '),
(2288, '1803063', '5', '11', 'Monday', 1, 'DIP '),
(2289, '1803064', '5', '11', 'Monday', 1, 'DIP '),
(2290, '1803065', '5', '11', 'Monday', 1, 'DIP '),
(2291, '1803066', '5', '11', 'Monday', 1, 'DIP '),
(2292, '1803067', '5', '11', 'Monday', 0, 'DIP '),
(2293, '1803068', '5', '11', 'Monday', 1, 'DIP '),
(2294, '1803069', '5', '11', 'Monday', 1, 'DIP '),
(2295, '1803070', '5', '11', 'Monday', 1, 'DIP '),
(2296, '1803071', '5', '11', 'Monday', 1, 'DIP '),
(2297, '1803072', '5', '11', 'Monday', 1, 'DIP '),
(2298, '1803073', '5', '11', 'Monday', 1, 'DIP '),
(2299, '1803074', '5', '11', 'Monday', 1, 'DIP '),
(2300, '1803075', '5', '11', 'Monday', 1, 'DIP '),
(2301, '1803076', '5', '11', 'Monday', 1, 'DIP '),
(2302, '1803077', '5', '11', 'Monday', 1, 'DIP '),
(2303, '1803078', '5', '11', 'Monday', 1, 'DIP '),
(2304, '1803079', '5', '11', 'Monday', 1, 'DIP '),
(2305, '1803080', '5', '11', 'Monday', 1, 'DIP '),
(2306, '1803081', '5', '11', 'Monday', 1, 'DIP '),
(2307, '1803082', '5', '11', 'Monday', 1, 'DIP '),
(2308, '1803083', '5', '11', 'Monday', 1, 'DIP '),
(2309, '1803084', '5', '11', 'Monday', 1, 'DIP '),
(2310, '1803085', '5', '11', 'Monday', 1, 'DIP '),
(2311, '1803086', '5', '11', 'Monday', 1, 'DIP '),
(2312, '1803087', '5', '11', 'Monday', 1, 'DIP '),
(2313, '1803088', '5', '11', 'Monday', 1, 'DIP '),
(2314, '1803089', '5', '11', 'Monday', 1, 'DIP '),
(2315, '1803090', '5', '11', 'Monday', 1, 'DIP '),
(2316, '1803091', '5', '11', 'Monday', 1, 'DIP '),
(2317, '1803092', '5', '11', 'Monday', 1, 'DIP '),
(2318, '1803093', '5', '11', 'Monday', 1, 'DIP '),
(2319, '1803094', '5', '11', 'Monday', 1, 'DIP '),
(2320, '1803095', '5', '11', 'Monday', 1, 'DIP '),
(2321, '1803096', '5', '11', 'Monday', 1, 'DIP '),
(2322, '1803097', '5', '11', 'Monday', 1, 'DIP '),
(2323, '1803098', '5', '11', 'Monday', 1, 'DIP '),
(2324, '1803099', '5', '11', 'Monday', 1, 'DIP '),
(2325, '1803100', '5', '11', 'Monday', 1, 'DIP '),
(2326, '1803101', '5', '11', 'Monday', 1, 'DIP '),
(2327, '1803102', '5', '11', 'Monday', 1, 'DIP '),
(2328, '1803103', '5', '11', 'Monday', 1, 'DIP '),
(2329, '1803104', '5', '11', 'Monday', 1, 'DIP '),
(2330, '1803105', '5', '11', 'Monday', 1, 'DIP '),
(2331, '1803106', '5', '11', 'Monday', 1, 'DIP '),
(2332, '1803107', '5', '11', 'Monday', 1, 'DIP '),
(2333, '1803108', '5', '11', 'Monday', 1, 'DIP '),
(2334, '1803109', '5', '11', 'Monday', 1, 'DIP '),
(2335, '1803110', '5', '11', 'Monday', 1, 'DIP '),
(2336, '1803111', '5', '11', 'Monday', 1, 'DIP '),
(2337, '1803112', '5', '11', 'Monday', 1, 'DIP '),
(2338, '1803113', '5', '11', 'Monday', 1, 'DIP '),
(2339, '1803114', '5', '11', 'Monday', 1, 'DIP '),
(2340, '1803115', '5', '11', 'Monday', 1, 'DIP '),
(2341, '1803116', '5', '11', 'Monday', 1, 'DIP '),
(2342, '1803117', '5', '11', 'Monday', 1, 'DIP '),
(2343, '1803118', '5', '11', 'Monday', 1, 'DIP '),
(2344, '1803119', '5', '11', 'Monday', 1, 'DIP '),
(2345, '1803120', '5', '11', 'Monday', 1, 'DIP '),
(2346, '1803061', '11', '8', 'Saturday', 1, 'DIP '),
(2347, '1803062', '11', '8', 'Saturday', 0, 'DIP '),
(2348, '1803063', '11', '8', 'Saturday', 1, 'DIP '),
(2349, '1803064', '11', '8', 'Saturday', 1, 'DIP '),
(2350, '1803065', '11', '8', 'Saturday', 1, 'DIP '),
(2351, '1803066', '11', '8', 'Saturday', 1, 'DIP '),
(2352, '1803067', '11', '8', 'Saturday', 1, 'DIP '),
(2353, '1803068', '11', '8', 'Saturday', 1, 'DIP '),
(2354, '1803069', '11', '8', 'Saturday', 1, 'DIP '),
(2355, '1803070', '11', '8', 'Saturday', 0, 'DIP '),
(2356, '1803071', '11', '8', 'Saturday', 1, 'DIP '),
(2357, '1803072', '11', '8', 'Saturday', 1, 'DIP '),
(2358, '1803073', '11', '8', 'Saturday', 1, 'DIP '),
(2359, '1803074', '11', '8', 'Saturday', 1, 'DIP '),
(2360, '1803075', '11', '8', 'Saturday', 1, 'DIP '),
(2361, '1803076', '11', '8', 'Saturday', 1, 'DIP '),
(2362, '1803077', '11', '8', 'Saturday', 1, 'DIP '),
(2363, '1803078', '11', '8', 'Saturday', 0, 'DIP '),
(2364, '1803079', '11', '8', 'Saturday', 1, 'DIP '),
(2365, '1803080', '11', '8', 'Saturday', 1, 'DIP '),
(2366, '1803081', '11', '8', 'Saturday', 1, 'DIP '),
(2367, '1803082', '11', '8', 'Saturday', 1, 'DIP '),
(2368, '1803083', '11', '8', 'Saturday', 1, 'DIP '),
(2369, '1803084', '11', '8', 'Saturday', 1, 'DIP '),
(2370, '1803085', '11', '8', 'Saturday', 1, 'DIP '),
(2371, '1803086', '11', '8', 'Saturday', 0, 'DIP '),
(2372, '1803087', '11', '8', 'Saturday', 1, 'DIP '),
(2373, '1803088', '11', '8', 'Saturday', 1, 'DIP '),
(2374, '1803089', '11', '8', 'Saturday', 1, 'DIP '),
(2375, '1803090', '11', '8', 'Saturday', 1, 'DIP '),
(2376, '1803091', '11', '8', 'Saturday', 1, 'DIP '),
(2377, '1803092', '11', '8', 'Saturday', 1, 'DIP '),
(2378, '1803093', '11', '8', 'Saturday', 1, 'DIP '),
(2379, '1803094', '11', '8', 'Saturday', 1, 'DIP '),
(2380, '1803095', '11', '8', 'Saturday', 1, 'DIP '),
(2381, '1803096', '11', '8', 'Saturday', 1, 'DIP '),
(2382, '1803097', '11', '8', 'Saturday', 1, 'DIP '),
(2383, '1803098', '11', '8', 'Saturday', 1, 'DIP '),
(2384, '1803099', '11', '8', 'Saturday', 1, 'DIP '),
(2385, '1803100', '11', '8', 'Saturday', 1, 'DIP '),
(2386, '1803101', '11', '8', 'Saturday', 1, 'DIP '),
(2387, '1803102', '11', '8', 'Saturday', 1, 'DIP '),
(2388, '1803103', '11', '8', 'Saturday', 1, 'DIP '),
(2389, '1803104', '11', '8', 'Saturday', 0, 'DIP '),
(2390, '1803105', '11', '8', 'Saturday', 1, 'DIP '),
(2391, '1803106', '11', '8', 'Saturday', 1, 'DIP '),
(2392, '1803107', '11', '8', 'Saturday', 1, 'DIP '),
(2393, '1803108', '11', '8', 'Saturday', 1, 'DIP '),
(2394, '1803109', '11', '8', 'Saturday', 1, 'DIP '),
(2395, '1803110', '11', '8', 'Saturday', 1, 'DIP '),
(2396, '1803111', '11', '8', 'Saturday', 1, 'DIP '),
(2397, '1803112', '11', '8', 'Saturday', 1, 'DIP '),
(2398, '1803113', '11', '8', 'Saturday', 1, 'DIP '),
(2399, '1803114', '11', '8', 'Saturday', 1, 'DIP '),
(2400, '1803115', '11', '8', 'Saturday', 1, 'DIP '),
(2401, '1803116', '11', '8', 'Saturday', 0, 'DIP '),
(2402, '1803117', '11', '8', 'Saturday', 1, 'DIP '),
(2403, '1803118', '11', '8', 'Saturday', 1, 'DIP '),
(2404, '1803119', '11', '8', 'Saturday', 1, 'DIP '),
(2405, '1803120', '11', '8', 'Saturday', 1, 'DIP '),
(2406, '1803061', '4', '7', 'Monday', 1, 'DIP '),
(2407, '1803062', '4', '7', 'Monday', 0, 'DIP '),
(2408, '1803063', '4', '7', 'Monday', 1, 'DIP '),
(2409, '1803064', '4', '7', 'Monday', 1, 'DIP '),
(2410, '1803065', '4', '7', 'Monday', 1, 'DIP '),
(2411, '1803066', '4', '7', 'Monday', 0, 'DIP '),
(2412, '1803067', '4', '7', 'Monday', 1, 'DIP '),
(2413, '1803068', '4', '7', 'Monday', 1, 'DIP '),
(2414, '1803069', '4', '7', 'Monday', 1, 'DIP '),
(2415, '1803070', '4', '7', 'Monday', 1, 'DIP '),
(2416, '1803071', '4', '7', 'Monday', 1, 'DIP '),
(2417, '1803072', '4', '7', 'Monday', 1, 'DIP '),
(2418, '1803073', '4', '7', 'Monday', 1, 'DIP '),
(2419, '1803074', '4', '7', 'Monday', 0, 'DIP '),
(2420, '1803075', '4', '7', 'Monday', 1, 'DIP '),
(2421, '1803076', '4', '7', 'Monday', 1, 'DIP '),
(2422, '1803077', '4', '7', 'Monday', 1, 'DIP '),
(2423, '1803078', '4', '7', 'Monday', 1, 'DIP '),
(2424, '1803079', '4', '7', 'Monday', 1, 'DIP '),
(2425, '1803080', '4', '7', 'Monday', 1, 'DIP '),
(2426, '1803081', '4', '7', 'Monday', 1, 'DIP '),
(2427, '1803082', '4', '7', 'Monday', 1, 'DIP '),
(2428, '1803083', '4', '7', 'Monday', 1, 'DIP '),
(2429, '1803084', '4', '7', 'Monday', 1, 'DIP '),
(2430, '1803085', '4', '7', 'Monday', 0, 'DIP '),
(2431, '1803086', '4', '7', 'Monday', 1, 'DIP '),
(2432, '1803087', '4', '7', 'Monday', 1, 'DIP '),
(2433, '1803088', '4', '7', 'Monday', 1, 'DIP '),
(2434, '1803089', '4', '7', 'Monday', 1, 'DIP '),
(2435, '1803090', '4', '7', 'Monday', 1, 'DIP '),
(2436, '1803091', '4', '7', 'Monday', 1, 'DIP '),
(2437, '1803092', '4', '7', 'Monday', 1, 'DIP '),
(2438, '1803093', '4', '7', 'Monday', 1, 'DIP '),
(2439, '1803094', '4', '7', 'Monday', 1, 'DIP '),
(2440, '1803095', '4', '7', 'Monday', 1, 'DIP '),
(2441, '1803096', '4', '7', 'Monday', 1, 'DIP '),
(2442, '1803097', '4', '7', 'Monday', 1, 'DIP '),
(2443, '1803098', '4', '7', 'Monday', 1, 'DIP '),
(2444, '1803099', '4', '7', 'Monday', 1, 'DIP '),
(2445, '1803100', '4', '7', 'Monday', 1, 'DIP '),
(2446, '1803101', '4', '7', 'Monday', 1, 'DIP '),
(2447, '1803102', '4', '7', 'Monday', 1, 'DIP '),
(2448, '1803103', '4', '7', 'Monday', 1, 'DIP '),
(2449, '1803104', '4', '7', 'Monday', 1, 'DIP '),
(2450, '1803105', '4', '7', 'Monday', 1, 'DIP '),
(2451, '1803106', '4', '7', 'Monday', 1, 'DIP '),
(2452, '1803107', '4', '7', 'Monday', 1, 'DIP '),
(2453, '1803108', '4', '7', 'Monday', 1, 'DIP '),
(2454, '1803109', '4', '7', 'Monday', 1, 'DIP '),
(2455, '1803110', '4', '7', 'Monday', 1, 'DIP '),
(2456, '1803111', '4', '7', 'Monday', 1, 'DIP '),
(2457, '1803112', '4', '7', 'Monday', 1, 'DIP '),
(2458, '1803113', '4', '7', 'Monday', 1, 'DIP '),
(2459, '1803114', '4', '7', 'Monday', 1, 'DIP '),
(2460, '1803115', '4', '7', 'Monday', 1, 'DIP '),
(2461, '1803116', '4', '7', 'Monday', 1, 'DIP '),
(2462, '1803117', '4', '7', 'Monday', 1, 'DIP '),
(2463, '1803118', '4', '7', 'Monday', 1, 'DIP '),
(2464, '1803119', '4', '7', 'Monday', 1, 'DIP '),
(2465, '1803120', '4', '7', 'Monday', 1, 'DIP '),
(2466, '1803061', '4', '11', 'Wednesday', 1, 'DIP '),
(2467, '1803062', '4', '11', 'Wednesday', 1, 'DIP '),
(2468, '1803063', '4', '11', 'Wednesday', 0, 'DIP '),
(2469, '1803064', '4', '11', 'Wednesday', 1, 'DIP '),
(2470, '1803065', '4', '11', 'Wednesday', 1, 'DIP '),
(2471, '1803066', '4', '11', 'Wednesday', 1, 'DIP '),
(2472, '1803067', '4', '11', 'Wednesday', 0, 'DIP '),
(2473, '1803068', '4', '11', 'Wednesday', 1, 'DIP '),
(2474, '1803069', '4', '11', 'Wednesday', 1, 'DIP '),
(2475, '1803070', '4', '11', 'Wednesday', 1, 'DIP '),
(2476, '1803071', '4', '11', 'Wednesday', 1, 'DIP '),
(2477, '1803072', '4', '11', 'Wednesday', 1, 'DIP '),
(2478, '1803073', '4', '11', 'Wednesday', 1, 'DIP '),
(2479, '1803074', '4', '11', 'Wednesday', 1, 'DIP '),
(2480, '1803075', '4', '11', 'Wednesday', 1, 'DIP '),
(2481, '1803076', '4', '11', 'Wednesday', 1, 'DIP '),
(2482, '1803077', '4', '11', 'Wednesday', 0, 'DIP '),
(2483, '1803078', '4', '11', 'Wednesday', 1, 'DIP '),
(2484, '1803079', '4', '11', 'Wednesday', 1, 'DIP '),
(2485, '1803080', '4', '11', 'Wednesday', 1, 'DIP '),
(2486, '1803081', '4', '11', 'Wednesday', 1, 'DIP '),
(2487, '1803082', '4', '11', 'Wednesday', 1, 'DIP '),
(2488, '1803083', '4', '11', 'Wednesday', 1, 'DIP '),
(2489, '1803084', '4', '11', 'Wednesday', 1, 'DIP '),
(2490, '1803085', '4', '11', 'Wednesday', 1, 'DIP '),
(2491, '1803086', '4', '11', 'Wednesday', 1, 'DIP '),
(2492, '1803087', '4', '11', 'Wednesday', 1, 'DIP '),
(2493, '1803088', '4', '11', 'Wednesday', 1, 'DIP '),
(2494, '1803089', '4', '11', 'Wednesday', 1, 'DIP '),
(2495, '1803090', '4', '11', 'Wednesday', 1, 'DIP '),
(2496, '1803091', '4', '11', 'Wednesday', 1, 'DIP '),
(2497, '1803092', '4', '11', 'Wednesday', 1, 'DIP '),
(2498, '1803093', '4', '11', 'Wednesday', 0, 'DIP '),
(2499, '1803094', '4', '11', 'Wednesday', 1, 'DIP '),
(2500, '1803095', '4', '11', 'Wednesday', 1, 'DIP '),
(2501, '1803096', '4', '11', 'Wednesday', 1, 'DIP '),
(2502, '1803097', '4', '11', 'Wednesday', 1, 'DIP '),
(2503, '1803098', '4', '11', 'Wednesday', 1, 'DIP '),
(2504, '1803099', '4', '11', 'Wednesday', 1, 'DIP '),
(2505, '1803100', '4', '11', 'Wednesday', 1, 'DIP '),
(2506, '1803101', '4', '11', 'Wednesday', 1, 'DIP '),
(2507, '1803102', '4', '11', 'Wednesday', 1, 'DIP '),
(2508, '1803103', '4', '11', 'Wednesday', 1, 'DIP '),
(2509, '1803104', '4', '11', 'Wednesday', 0, 'DIP '),
(2510, '1803105', '4', '11', 'Wednesday', 1, 'DIP '),
(2511, '1803106', '4', '11', 'Wednesday', 1, 'DIP '),
(2512, '1803107', '4', '11', 'Wednesday', 1, 'DIP '),
(2513, '1803108', '4', '11', 'Wednesday', 1, 'DIP '),
(2514, '1803109', '4', '11', 'Wednesday', 1, 'DIP '),
(2515, '1803110', '4', '11', 'Wednesday', 1, 'DIP '),
(2516, '1803111', '4', '11', 'Wednesday', 1, 'DIP '),
(2517, '1803112', '4', '11', 'Wednesday', 1, 'DIP '),
(2518, '1803113', '4', '11', 'Wednesday', 1, 'DIP '),
(2519, '1803114', '4', '11', 'Wednesday', 1, 'DIP '),
(2520, '1803115', '4', '11', 'Wednesday', 1, 'DIP '),
(2521, '1803116', '4', '11', 'Wednesday', 1, 'DIP '),
(2522, '1803117', '4', '11', 'Wednesday', 1, 'DIP '),
(2523, '1803118', '4', '11', 'Wednesday', 1, 'DIP '),
(2524, '1803119', '4', '11', 'Wednesday', 1, 'DIP '),
(2525, '1803120', '4', '11', 'Wednesday', 1, 'DIP '),
(2526, '1803061', '4', '2', 'Monday', 1, 'DIP '),
(2527, '1803062', '4', '2', 'Monday', 1, 'DIP '),
(2528, '1803063', '4', '2', 'Monday', 1, 'DIP '),
(2529, '1803064', '4', '2', 'Monday', 0, 'DIP '),
(2530, '1803065', '4', '2', 'Monday', 1, 'DIP '),
(2531, '1803066', '4', '2', 'Monday', 1, 'DIP '),
(2532, '1803067', '4', '2', 'Monday', 1, 'DIP '),
(2533, '1803068', '4', '2', 'Monday', 0, 'DIP '),
(2534, '1803069', '4', '2', 'Monday', 1, 'DIP '),
(2535, '1803070', '4', '2', 'Monday', 1, 'DIP '),
(2536, '1803071', '4', '2', 'Monday', 1, 'DIP '),
(2537, '1803072', '4', '2', 'Monday', 1, 'DIP '),
(2538, '1803073', '4', '2', 'Monday', 1, 'DIP '),
(2539, '1803074', '4', '2', 'Monday', 0, 'DIP '),
(2540, '1803075', '4', '2', 'Monday', 1, 'DIP '),
(2541, '1803076', '4', '2', 'Monday', 1, 'DIP '),
(2542, '1803077', '4', '2', 'Monday', 1, 'DIP '),
(2543, '1803078', '4', '2', 'Monday', 1, 'DIP '),
(2544, '1803079', '4', '2', 'Monday', 1, 'DIP '),
(2545, '1803080', '4', '2', 'Monday', 1, 'DIP '),
(2546, '1803081', '4', '2', 'Monday', 1, 'DIP '),
(2547, '1803082', '4', '2', 'Monday', 1, 'DIP '),
(2548, '1803083', '4', '2', 'Monday', 0, 'DIP '),
(2549, '1803084', '4', '2', 'Monday', 1, 'DIP '),
(2550, '1803085', '4', '2', 'Monday', 1, 'DIP '),
(2551, '1803086', '4', '2', 'Monday', 1, 'DIP '),
(2552, '1803087', '4', '2', 'Monday', 1, 'DIP '),
(2553, '1803088', '4', '2', 'Monday', 1, 'DIP '),
(2554, '1803089', '4', '2', 'Monday', 1, 'DIP '),
(2555, '1803090', '4', '2', 'Monday', 1, 'DIP '),
(2556, '1803091', '4', '2', 'Monday', 0, 'DIP '),
(2557, '1803092', '4', '2', 'Monday', 1, 'DIP '),
(2558, '1803093', '4', '2', 'Monday', 1, 'DIP '),
(2559, '1803094', '4', '2', 'Monday', 1, 'DIP '),
(2560, '1803095', '4', '2', 'Monday', 1, 'DIP '),
(2561, '1803096', '4', '2', 'Monday', 1, 'DIP '),
(2562, '1803097', '4', '2', 'Monday', 1, 'DIP '),
(2563, '1803098', '4', '2', 'Monday', 1, 'DIP '),
(2564, '1803099', '4', '2', 'Monday', 1, 'DIP '),
(2565, '1803100', '4', '2', 'Monday', 1, 'DIP '),
(2566, '1803101', '4', '2', 'Monday', 1, 'DIP '),
(2567, '1803102', '4', '2', 'Monday', 1, 'DIP '),
(2568, '1803103', '4', '2', 'Monday', 1, 'DIP '),
(2569, '1803104', '4', '2', 'Monday', 1, 'DIP '),
(2570, '1803105', '4', '2', 'Monday', 1, 'DIP '),
(2571, '1803106', '4', '2', 'Monday', 1, 'DIP '),
(2572, '1803107', '4', '2', 'Monday', 1, 'DIP '),
(2573, '1803108', '4', '2', 'Monday', 1, 'DIP '),
(2574, '1803109', '4', '2', 'Monday', 1, 'DIP '),
(2575, '1803110', '4', '2', 'Monday', 1, 'DIP '),
(2576, '1803111', '4', '2', 'Monday', 0, 'DIP '),
(2577, '1803112', '4', '2', 'Monday', 1, 'DIP '),
(2578, '1803113', '4', '2', 'Monday', 1, 'DIP '),
(2579, '1803114', '4', '2', 'Monday', 1, 'DIP '),
(2580, '1803115', '4', '2', 'Monday', 1, 'DIP '),
(2581, '1803116', '4', '2', 'Monday', 0, 'DIP '),
(2582, '1803117', '4', '2', 'Monday', 1, 'DIP '),
(2583, '1803118', '4', '2', 'Monday', 1, 'DIP '),
(2584, '1803119', '4', '2', 'Monday', 1, 'DIP '),
(2585, '1803120', '4', '2', 'Monday', 1, 'DIP '),
(2586, '1803061', '4', '12', 'Monday', 1, 'DIP '),
(2587, '1803062', '4', '12', 'Monday', 0, 'DIP '),
(2588, '1803063', '4', '12', 'Monday', 1, 'DIP '),
(2589, '1803064', '4', '12', 'Monday', 1, 'DIP '),
(2590, '1803065', '4', '12', 'Monday', 1, 'DIP '),
(2591, '1803066', '4', '12', 'Monday', 0, 'DIP '),
(2592, '1803067', '4', '12', 'Monday', 0, 'DIP '),
(2593, '1803068', '4', '12', 'Monday', 0, 'DIP '),
(2594, '1803069', '4', '12', 'Monday', 1, 'DIP '),
(2595, '1803070', '4', '12', 'Monday', 1, 'DIP '),
(2596, '1803071', '4', '12', 'Monday', 1, 'DIP '),
(2597, '1803072', '4', '12', 'Monday', 1, 'DIP '),
(2598, '1803073', '4', '12', 'Monday', 1, 'DIP '),
(2599, '1803074', '4', '12', 'Monday', 1, 'DIP '),
(2600, '1803075', '4', '12', 'Monday', 1, 'DIP '),
(2601, '1803076', '4', '12', 'Monday', 1, 'DIP '),
(2602, '1803077', '4', '12', 'Monday', 1, 'DIP '),
(2603, '1803078', '4', '12', 'Monday', 0, 'DIP '),
(2604, '1803079', '4', '12', 'Monday', 1, 'DIP '),
(2605, '1803080', '4', '12', 'Monday', 1, 'DIP '),
(2606, '1803081', '4', '12', 'Monday', 1, 'DIP '),
(2607, '1803082', '4', '12', 'Monday', 1, 'DIP '),
(2608, '1803083', '4', '12', 'Monday', 1, 'DIP '),
(2609, '1803084', '4', '12', 'Monday', 1, 'DIP '),
(2610, '1803085', '4', '12', 'Monday', 1, 'DIP '),
(2611, '1803086', '4', '12', 'Monday', 0, 'DIP '),
(2612, '1803087', '4', '12', 'Monday', 1, 'DIP '),
(2613, '1803088', '4', '12', 'Monday', 1, 'DIP '),
(2614, '1803089', '4', '12', 'Monday', 1, 'DIP '),
(2615, '1803090', '4', '12', 'Monday', 1, 'DIP '),
(2616, '1803091', '4', '12', 'Monday', 1, 'DIP '),
(2617, '1803092', '4', '12', 'Monday', 1, 'DIP '),
(2618, '1803093', '4', '12', 'Monday', 1, 'DIP '),
(2619, '1803094', '4', '12', 'Monday', 1, 'DIP '),
(2620, '1803095', '4', '12', 'Monday', 0, 'DIP '),
(2621, '1803096', '4', '12', 'Monday', 1, 'DIP '),
(2622, '1803097', '4', '12', 'Monday', 1, 'DIP '),
(2623, '1803098', '4', '12', 'Monday', 1, 'DIP '),
(2624, '1803099', '4', '12', 'Monday', 1, 'DIP '),
(2625, '1803100', '4', '12', 'Monday', 1, 'DIP '),
(2626, '1803101', '4', '12', 'Monday', 1, 'DIP '),
(2627, '1803102', '4', '12', 'Monday', 1, 'DIP '),
(2628, '1803103', '4', '12', 'Monday', 1, 'DIP '),
(2629, '1803104', '4', '12', 'Monday', 0, 'DIP '),
(2630, '1803105', '4', '12', 'Monday', 1, 'DIP '),
(2631, '1803106', '4', '12', 'Monday', 1, 'DIP ');
INSERT INTO `attendance` (`id`, `roll`, `cid`, `cycle`, `day`, `attendance`, `teacher`) VALUES
(2632, '1803107', '4', '12', 'Monday', 1, 'DIP '),
(2633, '1803108', '4', '12', 'Monday', 1, 'DIP '),
(2634, '1803109', '4', '12', 'Monday', 1, 'DIP '),
(2635, '1803110', '4', '12', 'Monday', 1, 'DIP '),
(2636, '1803111', '4', '12', 'Monday', 1, 'DIP '),
(2637, '1803112', '4', '12', 'Monday', 1, 'DIP '),
(2638, '1803113', '4', '12', 'Monday', 0, 'DIP '),
(2639, '1803114', '4', '12', 'Monday', 1, 'DIP '),
(2640, '1803115', '4', '12', 'Monday', 1, 'DIP '),
(2641, '1803116', '4', '12', 'Monday', 0, 'DIP '),
(2642, '1803117', '4', '12', 'Monday', 1, 'DIP '),
(2643, '1803118', '4', '12', 'Monday', 1, 'DIP '),
(2644, '1803119', '4', '12', 'Monday', 1, 'DIP '),
(2645, '1803120', '4', '12', 'Monday', 1, 'DIP '),
(2646, '1803061', '4', '6', 'Monday', 1, 'DIP '),
(2647, '1803062', '4', '6', 'Monday', 1, 'DIP '),
(2648, '1803063', '4', '6', 'Monday', 1, 'DIP '),
(2649, '1803064', '4', '6', 'Monday', 1, 'DIP '),
(2650, '1803065', '4', '6', 'Monday', 0, 'DIP '),
(2651, '1803066', '4', '6', 'Monday', 1, 'DIP '),
(2652, '1803067', '4', '6', 'Monday', 1, 'DIP '),
(2653, '1803068', '4', '6', 'Monday', 1, 'DIP '),
(2654, '1803069', '4', '6', 'Monday', 1, 'DIP '),
(2655, '1803070', '4', '6', 'Monday', 1, 'DIP '),
(2656, '1803071', '4', '6', 'Monday', 1, 'DIP '),
(2657, '1803072', '4', '6', 'Monday', 1, 'DIP '),
(2658, '1803073', '4', '6', 'Monday', 1, 'DIP '),
(2659, '1803074', '4', '6', 'Monday', 1, 'DIP '),
(2660, '1803075', '4', '6', 'Monday', 0, 'DIP '),
(2661, '1803076', '4', '6', 'Monday', 1, 'DIP '),
(2662, '1803077', '4', '6', 'Monday', 1, 'DIP '),
(2663, '1803078', '4', '6', 'Monday', 1, 'DIP '),
(2664, '1803079', '4', '6', 'Monday', 1, 'DIP '),
(2665, '1803080', '4', '6', 'Monday', 1, 'DIP '),
(2666, '1803081', '4', '6', 'Monday', 1, 'DIP '),
(2667, '1803082', '4', '6', 'Monday', 1, 'DIP '),
(2668, '1803083', '4', '6', 'Monday', 1, 'DIP '),
(2669, '1803084', '4', '6', 'Monday', 1, 'DIP '),
(2670, '1803085', '4', '6', 'Monday', 1, 'DIP '),
(2671, '1803086', '4', '6', 'Monday', 0, 'DIP '),
(2672, '1803087', '4', '6', 'Monday', 1, 'DIP '),
(2673, '1803088', '4', '6', 'Monday', 1, 'DIP '),
(2674, '1803089', '4', '6', 'Monday', 1, 'DIP '),
(2675, '1803090', '4', '6', 'Monday', 1, 'DIP '),
(2676, '1803091', '4', '6', 'Monday', 1, 'DIP '),
(2677, '1803092', '4', '6', 'Monday', 1, 'DIP '),
(2678, '1803093', '4', '6', 'Monday', 1, 'DIP '),
(2679, '1803094', '4', '6', 'Monday', 1, 'DIP '),
(2680, '1803095', '4', '6', 'Monday', 1, 'DIP '),
(2681, '1803096', '4', '6', 'Monday', 1, 'DIP '),
(2682, '1803097', '4', '6', 'Monday', 1, 'DIP '),
(2683, '1803098', '4', '6', 'Monday', 0, 'DIP '),
(2684, '1803099', '4', '6', 'Monday', 1, 'DIP '),
(2685, '1803100', '4', '6', 'Monday', 1, 'DIP '),
(2686, '1803101', '4', '6', 'Monday', 1, 'DIP '),
(2687, '1803102', '4', '6', 'Monday', 1, 'DIP '),
(2688, '1803103', '4', '6', 'Monday', 1, 'DIP '),
(2689, '1803104', '4', '6', 'Monday', 1, 'DIP '),
(2690, '1803105', '4', '6', 'Monday', 1, 'DIP '),
(2691, '1803106', '4', '6', 'Monday', 1, 'DIP '),
(2692, '1803107', '4', '6', 'Monday', 0, 'DIP '),
(2693, '1803108', '4', '6', 'Monday', 1, 'DIP '),
(2694, '1803109', '4', '6', 'Monday', 1, 'DIP '),
(2695, '1803110', '4', '6', 'Monday', 1, 'DIP '),
(2696, '1803111', '4', '6', 'Monday', 1, 'DIP '),
(2697, '1803112', '4', '6', 'Monday', 1, 'DIP '),
(2698, '1803113', '4', '6', 'Monday', 1, 'DIP '),
(2699, '1803114', '4', '6', 'Monday', 1, 'DIP '),
(2700, '1803115', '4', '6', 'Monday', 1, 'DIP '),
(2701, '1803116', '4', '6', 'Monday', 0, 'DIP '),
(2702, '1803117', '4', '6', 'Monday', 1, 'DIP '),
(2703, '1803118', '4', '6', 'Monday', 1, 'DIP '),
(2704, '1803119', '4', '6', 'Monday', 1, 'DIP '),
(2705, '1803120', '4', '6', 'Monday', 1, 'DIP '),
(2706, '1803061', '4', '4', 'Tuesday', 1, 'DIP '),
(2707, '1803062', '4', '4', 'Tuesday', 1, 'DIP '),
(2708, '1803063', '4', '4', 'Tuesday', 1, 'DIP '),
(2709, '1803064', '4', '4', 'Tuesday', 1, 'DIP '),
(2710, '1803065', '4', '4', 'Tuesday', 1, 'DIP '),
(2711, '1803066', '4', '4', 'Tuesday', 1, 'DIP '),
(2712, '1803067', '4', '4', 'Tuesday', 1, 'DIP '),
(2713, '1803068', '4', '4', 'Tuesday', 1, 'DIP '),
(2714, '1803069', '4', '4', 'Tuesday', 0, 'DIP '),
(2715, '1803070', '4', '4', 'Tuesday', 1, 'DIP '),
(2716, '1803071', '4', '4', 'Tuesday', 1, 'DIP '),
(2717, '1803072', '4', '4', 'Tuesday', 1, 'DIP '),
(2718, '1803073', '4', '4', 'Tuesday', 1, 'DIP '),
(2719, '1803074', '4', '4', 'Tuesday', 1, 'DIP '),
(2720, '1803075', '4', '4', 'Tuesday', 0, 'DIP '),
(2721, '1803076', '4', '4', 'Tuesday', 1, 'DIP '),
(2722, '1803077', '4', '4', 'Tuesday', 1, 'DIP '),
(2723, '1803078', '4', '4', 'Tuesday', 1, 'DIP '),
(2724, '1803079', '4', '4', 'Tuesday', 1, 'DIP '),
(2725, '1803080', '4', '4', 'Tuesday', 1, 'DIP '),
(2726, '1803081', '4', '4', 'Tuesday', 1, 'DIP '),
(2727, '1803082', '4', '4', 'Tuesday', 1, 'DIP '),
(2728, '1803083', '4', '4', 'Tuesday', 1, 'DIP '),
(2729, '1803084', '4', '4', 'Tuesday', 0, 'DIP '),
(2730, '1803085', '4', '4', 'Tuesday', 1, 'DIP '),
(2731, '1803086', '4', '4', 'Tuesday', 1, 'DIP '),
(2732, '1803087', '4', '4', 'Tuesday', 1, 'DIP '),
(2733, '1803088', '4', '4', 'Tuesday', 1, 'DIP '),
(2734, '1803089', '4', '4', 'Tuesday', 1, 'DIP '),
(2735, '1803090', '4', '4', 'Tuesday', 1, 'DIP '),
(2736, '1803091', '4', '4', 'Tuesday', 1, 'DIP '),
(2737, '1803092', '4', '4', 'Tuesday', 1, 'DIP '),
(2738, '1803093', '4', '4', 'Tuesday', 1, 'DIP '),
(2739, '1803094', '4', '4', 'Tuesday', 1, 'DIP '),
(2740, '1803095', '4', '4', 'Tuesday', 1, 'DIP '),
(2741, '1803096', '4', '4', 'Tuesday', 1, 'DIP '),
(2742, '1803097', '4', '4', 'Tuesday', 1, 'DIP '),
(2743, '1803098', '4', '4', 'Tuesday', 1, 'DIP '),
(2744, '1803099', '4', '4', 'Tuesday', 1, 'DIP '),
(2745, '1803100', '4', '4', 'Tuesday', 1, 'DIP '),
(2746, '1803101', '4', '4', 'Tuesday', 1, 'DIP '),
(2747, '1803102', '4', '4', 'Tuesday', 1, 'DIP '),
(2748, '1803103', '4', '4', 'Tuesday', 0, 'DIP '),
(2749, '1803104', '4', '4', 'Tuesday', 1, 'DIP '),
(2750, '1803105', '4', '4', 'Tuesday', 1, 'DIP '),
(2751, '1803106', '4', '4', 'Tuesday', 1, 'DIP '),
(2752, '1803107', '4', '4', 'Tuesday', 1, 'DIP '),
(2753, '1803108', '4', '4', 'Tuesday', 1, 'DIP '),
(2754, '1803109', '4', '4', 'Tuesday', 1, 'DIP '),
(2755, '1803110', '4', '4', 'Tuesday', 1, 'DIP '),
(2756, '1803111', '4', '4', 'Tuesday', 1, 'DIP '),
(2757, '1803112', '4', '4', 'Tuesday', 1, 'DIP '),
(2758, '1803113', '4', '4', 'Tuesday', 0, 'DIP '),
(2759, '1803114', '4', '4', 'Tuesday', 1, 'DIP '),
(2760, '1803115', '4', '4', 'Tuesday', 1, 'DIP '),
(2761, '1803116', '4', '4', 'Tuesday', 1, 'DIP '),
(2762, '1803117', '4', '4', 'Tuesday', 0, 'DIP '),
(2763, '1803118', '4', '4', 'Tuesday', 1, 'DIP '),
(2764, '1803119', '4', '4', 'Tuesday', 1, 'DIP '),
(2765, '1803120', '4', '4', 'Tuesday', 1, 'DIP '),
(2766, '1803061', '4', '1', 'Monday', 0, 'DIP '),
(2767, '1803062', '4', '1', 'Monday', 1, 'DIP '),
(2768, '1803063', '4', '1', 'Monday', 1, 'DIP '),
(2769, '1803064', '4', '1', 'Monday', 1, 'DIP '),
(2770, '1803065', '4', '1', 'Monday', 1, 'DIP '),
(2771, '1803066', '4', '1', 'Monday', 1, 'DIP '),
(2772, '1803067', '4', '1', 'Monday', 0, 'DIP '),
(2773, '1803068', '4', '1', 'Monday', 1, 'DIP '),
(2774, '1803069', '4', '1', 'Monday', 0, 'DIP '),
(2775, '1803070', '4', '1', 'Monday', 1, 'DIP '),
(2776, '1803071', '4', '1', 'Monday', 1, 'DIP '),
(2777, '1803072', '4', '1', 'Monday', 1, 'DIP '),
(2778, '1803073', '4', '1', 'Monday', 1, 'DIP '),
(2779, '1803074', '4', '1', 'Monday', 1, 'DIP '),
(2780, '1803075', '4', '1', 'Monday', 0, 'DIP '),
(2781, '1803076', '4', '1', 'Monday', 1, 'DIP '),
(2782, '1803077', '4', '1', 'Monday', 0, 'DIP '),
(2783, '1803078', '4', '1', 'Monday', 1, 'DIP '),
(2784, '1803079', '4', '1', 'Monday', 1, 'DIP '),
(2785, '1803080', '4', '1', 'Monday', 1, 'DIP '),
(2786, '1803081', '4', '1', 'Monday', 1, 'DIP '),
(2787, '1803082', '4', '1', 'Monday', 1, 'DIP '),
(2788, '1803083', '4', '1', 'Monday', 0, 'DIP '),
(2789, '1803084', '4', '1', 'Monday', 1, 'DIP '),
(2790, '1803085', '4', '1', 'Monday', 1, 'DIP '),
(2791, '1803086', '4', '1', 'Monday', 1, 'DIP '),
(2792, '1803087', '4', '1', 'Monday', 1, 'DIP '),
(2793, '1803088', '4', '1', 'Monday', 1, 'DIP '),
(2794, '1803089', '4', '1', 'Monday', 1, 'DIP '),
(2795, '1803090', '4', '1', 'Monday', 0, 'DIP '),
(2796, '1803091', '4', '1', 'Monday', 1, 'DIP '),
(2797, '1803092', '4', '1', 'Monday', 1, 'DIP '),
(2798, '1803093', '4', '1', 'Monday', 1, 'DIP '),
(2799, '1803094', '4', '1', 'Monday', 1, 'DIP '),
(2800, '1803095', '4', '1', 'Monday', 1, 'DIP '),
(2801, '1803096', '4', '1', 'Monday', 1, 'DIP '),
(2802, '1803097', '4', '1', 'Monday', 1, 'DIP '),
(2803, '1803098', '4', '1', 'Monday', 1, 'DIP '),
(2804, '1803099', '4', '1', 'Monday', 1, 'DIP '),
(2805, '1803100', '4', '1', 'Monday', 1, 'DIP '),
(2806, '1803101', '4', '1', 'Monday', 0, 'DIP '),
(2807, '1803102', '4', '1', 'Monday', 1, 'DIP '),
(2808, '1803103', '4', '1', 'Monday', 1, 'DIP '),
(2809, '1803104', '4', '1', 'Monday', 1, 'DIP '),
(2810, '1803105', '4', '1', 'Monday', 1, 'DIP '),
(2811, '1803106', '4', '1', 'Monday', 1, 'DIP '),
(2812, '1803107', '4', '1', 'Monday', 1, 'DIP '),
(2813, '1803108', '4', '1', 'Monday', 1, 'DIP '),
(2814, '1803109', '4', '1', 'Monday', 1, 'DIP '),
(2815, '1803110', '4', '1', 'Monday', 0, 'DIP '),
(2816, '1803111', '4', '1', 'Monday', 1, 'DIP '),
(2817, '1803112', '4', '1', 'Monday', 1, 'DIP '),
(2818, '1803113', '4', '1', 'Monday', 1, 'DIP '),
(2819, '1803114', '4', '1', 'Monday', 1, 'DIP '),
(2820, '1803115', '4', '1', 'Monday', 1, 'DIP '),
(2821, '1803116', '4', '1', 'Monday', 1, 'DIP '),
(2822, '1803117', '4', '1', 'Monday', 1, 'DIP '),
(2823, '1803118', '4', '1', 'Monday', 1, 'DIP '),
(2824, '1803119', '4', '1', 'Monday', 1, 'DIP '),
(2825, '1803120', '4', '1', 'Monday', 1, 'DIP '),
(2826, '1803061', '4', '8', 'Tuesday', 1, 'DIP '),
(2827, '1803062', '4', '8', 'Tuesday', 1, 'DIP '),
(2828, '1803063', '4', '8', 'Tuesday', 0, 'DIP '),
(2829, '1803064', '4', '8', 'Tuesday', 1, 'DIP '),
(2830, '1803065', '4', '8', 'Tuesday', 1, 'DIP '),
(2831, '1803066', '4', '8', 'Tuesday', 1, 'DIP '),
(2832, '1803067', '4', '8', 'Tuesday', 1, 'DIP '),
(2833, '1803068', '4', '8', 'Tuesday', 1, 'DIP '),
(2834, '1803069', '4', '8', 'Tuesday', 1, 'DIP '),
(2835, '1803070', '4', '8', 'Tuesday', 1, 'DIP '),
(2836, '1803071', '4', '8', 'Tuesday', 1, 'DIP '),
(2837, '1803072', '4', '8', 'Tuesday', 0, 'DIP '),
(2838, '1803073', '4', '8', 'Tuesday', 1, 'DIP '),
(2839, '1803074', '4', '8', 'Tuesday', 1, 'DIP '),
(2840, '1803075', '4', '8', 'Tuesday', 1, 'DIP '),
(2841, '1803076', '4', '8', 'Tuesday', 1, 'DIP '),
(2842, '1803077', '4', '8', 'Tuesday', 1, 'DIP '),
(2843, '1803078', '4', '8', 'Tuesday', 1, 'DIP '),
(2844, '1803079', '4', '8', 'Tuesday', 1, 'DIP '),
(2845, '1803080', '4', '8', 'Tuesday', 1, 'DIP '),
(2846, '1803081', '4', '8', 'Tuesday', 1, 'DIP '),
(2847, '1803082', '4', '8', 'Tuesday', 0, 'DIP '),
(2848, '1803083', '4', '8', 'Tuesday', 1, 'DIP '),
(2849, '1803084', '4', '8', 'Tuesday', 1, 'DIP '),
(2850, '1803085', '4', '8', 'Tuesday', 1, 'DIP '),
(2851, '1803086', '4', '8', 'Tuesday', 1, 'DIP '),
(2852, '1803087', '4', '8', 'Tuesday', 1, 'DIP '),
(2853, '1803088', '4', '8', 'Tuesday', 1, 'DIP '),
(2854, '1803089', '4', '8', 'Tuesday', 1, 'DIP '),
(2855, '1803090', '4', '8', 'Tuesday', 1, 'DIP '),
(2856, '1803091', '4', '8', 'Tuesday', 0, 'DIP '),
(2857, '1803092', '4', '8', 'Tuesday', 1, 'DIP '),
(2858, '1803093', '4', '8', 'Tuesday', 1, 'DIP '),
(2859, '1803094', '4', '8', 'Tuesday', 1, 'DIP '),
(2860, '1803095', '4', '8', 'Tuesday', 1, 'DIP '),
(2861, '1803096', '4', '8', 'Tuesday', 1, 'DIP '),
(2862, '1803097', '4', '8', 'Tuesday', 1, 'DIP '),
(2863, '1803098', '4', '8', 'Tuesday', 1, 'DIP '),
(2864, '1803099', '4', '8', 'Tuesday', 0, 'DIP '),
(2865, '1803100', '4', '8', 'Tuesday', 1, 'DIP '),
(2866, '1803101', '4', '8', 'Tuesday', 1, 'DIP '),
(2867, '1803102', '4', '8', 'Tuesday', 1, 'DIP '),
(2868, '1803103', '4', '8', 'Tuesday', 1, 'DIP '),
(2869, '1803104', '4', '8', 'Tuesday', 1, 'DIP '),
(2870, '1803105', '4', '8', 'Tuesday', 1, 'DIP '),
(2871, '1803106', '4', '8', 'Tuesday', 1, 'DIP '),
(2872, '1803107', '4', '8', 'Tuesday', 1, 'DIP '),
(2873, '1803108', '4', '8', 'Tuesday', 0, 'DIP '),
(2874, '1803109', '4', '8', 'Tuesday', 1, 'DIP '),
(2875, '1803110', '4', '8', 'Tuesday', 1, 'DIP '),
(2876, '1803111', '4', '8', 'Tuesday', 1, 'DIP '),
(2877, '1803112', '4', '8', 'Tuesday', 1, 'DIP '),
(2878, '1803113', '4', '8', 'Tuesday', 1, 'DIP '),
(2879, '1803114', '4', '8', 'Tuesday', 1, 'DIP '),
(2880, '1803115', '4', '8', 'Tuesday', 1, 'DIP '),
(2881, '1803116', '4', '8', 'Tuesday', 1, 'DIP '),
(2882, '1803117', '4', '8', 'Tuesday', 0, 'DIP '),
(2883, '1803118', '4', '8', 'Tuesday', 1, 'DIP '),
(2884, '1803119', '4', '8', 'Tuesday', 1, 'DIP '),
(2885, '1803120', '4', '8', 'Tuesday', 1, 'DIP '),
(2886, '1803061', '4', '11', 'Sunday', 1, 'DIP '),
(2887, '1803062', '4', '11', 'Sunday', 1, 'DIP '),
(2888, '1803063', '4', '11', 'Sunday', 1, 'DIP '),
(2889, '1803064', '4', '11', 'Sunday', 1, 'DIP '),
(2890, '1803065', '4', '11', 'Sunday', 1, 'DIP '),
(2891, '1803066', '4', '11', 'Sunday', 0, 'DIP '),
(2892, '1803067', '4', '11', 'Sunday', 1, 'DIP '),
(2893, '1803068', '4', '11', 'Sunday', 1, 'DIP '),
(2894, '1803069', '4', '11', 'Sunday', 1, 'DIP '),
(2895, '1803070', '4', '11', 'Sunday', 1, 'DIP '),
(2896, '1803071', '4', '11', 'Sunday', 1, 'DIP '),
(2897, '1803072', '4', '11', 'Sunday', 1, 'DIP '),
(2898, '1803073', '4', '11', 'Sunday', 1, 'DIP '),
(2899, '1803074', '4', '11', 'Sunday', 1, 'DIP '),
(2900, '1803075', '4', '11', 'Sunday', 0, 'DIP '),
(2901, '1803076', '4', '11', 'Sunday', 1, 'DIP '),
(2902, '1803077', '4', '11', 'Sunday', 1, 'DIP '),
(2903, '1803078', '4', '11', 'Sunday', 1, 'DIP '),
(2904, '1803079', '4', '11', 'Sunday', 1, 'DIP '),
(2905, '1803080', '4', '11', 'Sunday', 0, 'DIP '),
(2906, '1803081', '4', '11', 'Sunday', 1, 'DIP '),
(2907, '1803082', '4', '11', 'Sunday', 1, 'DIP '),
(2908, '1803083', '4', '11', 'Sunday', 1, 'DIP '),
(2909, '1803084', '4', '11', 'Sunday', 1, 'DIP '),
(2910, '1803085', '4', '11', 'Sunday', 1, 'DIP '),
(2911, '1803086', '4', '11', 'Sunday', 1, 'DIP '),
(2912, '1803087', '4', '11', 'Sunday', 1, 'DIP '),
(2913, '1803088', '4', '11', 'Sunday', 0, 'DIP '),
(2914, '1803089', '4', '11', 'Sunday', 1, 'DIP '),
(2915, '1803090', '4', '11', 'Sunday', 1, 'DIP '),
(2916, '1803091', '4', '11', 'Sunday', 1, 'DIP '),
(2917, '1803092', '4', '11', 'Sunday', 1, 'DIP '),
(2918, '1803093', '4', '11', 'Sunday', 1, 'DIP '),
(2919, '1803094', '4', '11', 'Sunday', 1, 'DIP '),
(2920, '1803095', '4', '11', 'Sunday', 1, 'DIP '),
(2921, '1803096', '4', '11', 'Sunday', 1, 'DIP '),
(2922, '1803097', '4', '11', 'Sunday', 1, 'DIP '),
(2923, '1803098', '4', '11', 'Sunday', 0, 'DIP '),
(2924, '1803099', '4', '11', 'Sunday', 1, 'DIP '),
(2925, '1803100', '4', '11', 'Sunday', 1, 'DIP '),
(2926, '1803101', '4', '11', 'Sunday', 1, 'DIP '),
(2927, '1803102', '4', '11', 'Sunday', 1, 'DIP '),
(2928, '1803103', '4', '11', 'Sunday', 1, 'DIP '),
(2929, '1803104', '4', '11', 'Sunday', 1, 'DIP '),
(2930, '1803105', '4', '11', 'Sunday', 1, 'DIP '),
(2931, '1803106', '4', '11', 'Sunday', 1, 'DIP '),
(2932, '1803107', '4', '11', 'Sunday', 1, 'DIP '),
(2933, '1803108', '4', '11', 'Sunday', 1, 'DIP '),
(2934, '1803109', '4', '11', 'Sunday', 0, 'DIP '),
(2935, '1803110', '4', '11', 'Sunday', 1, 'DIP '),
(2936, '1803111', '4', '11', 'Sunday', 1, 'DIP '),
(2937, '1803112', '4', '11', 'Sunday', 1, 'DIP '),
(2938, '1803113', '4', '11', 'Sunday', 1, 'DIP '),
(2939, '1803114', '4', '11', 'Sunday', 1, 'DIP '),
(2940, '1803115', '4', '11', 'Sunday', 1, 'DIP '),
(2941, '1803116', '4', '11', 'Sunday', 1, 'DIP '),
(2942, '1803117', '4', '11', 'Sunday', 0, 'DIP '),
(2943, '1803118', '4', '11', 'Sunday', 0, 'DIP '),
(2944, '1803119', '4', '11', 'Sunday', 1, 'DIP '),
(2945, '1803120', '4', '11', 'Sunday', 1, 'DIP '),
(2946, '1803061', '4', '5', 'Wednesday', 1, 'DIP '),
(2947, '1803062', '4', '5', 'Wednesday', 1, 'DIP '),
(2948, '1803063', '4', '5', 'Wednesday', 1, 'DIP '),
(2949, '1803064', '4', '5', 'Wednesday', 1, 'DIP '),
(2950, '1803065', '4', '5', 'Wednesday', 1, 'DIP '),
(2951, '1803066', '4', '5', 'Wednesday', 1, 'DIP '),
(2952, '1803067', '4', '5', 'Wednesday', 0, 'DIP '),
(2953, '1803068', '4', '5', 'Wednesday', 1, 'DIP '),
(2954, '1803069', '4', '5', 'Wednesday', 1, 'DIP '),
(2955, '1803070', '4', '5', 'Wednesday', 1, 'DIP '),
(2956, '1803071', '4', '5', 'Wednesday', 1, 'DIP '),
(2957, '1803072', '4', '5', 'Wednesday', 1, 'DIP '),
(2958, '1803073', '4', '5', 'Wednesday', 1, 'DIP '),
(2959, '1803074', '4', '5', 'Wednesday', 1, 'DIP '),
(2960, '1803075', '4', '5', 'Wednesday', 1, 'DIP '),
(2961, '1803076', '4', '5', 'Wednesday', 1, 'DIP '),
(2962, '1803077', '4', '5', 'Wednesday', 0, 'DIP '),
(2963, '1803078', '4', '5', 'Wednesday', 1, 'DIP '),
(2964, '1803079', '4', '5', 'Wednesday', 1, 'DIP '),
(2965, '1803080', '4', '5', 'Wednesday', 1, 'DIP '),
(2966, '1803081', '4', '5', 'Wednesday', 1, 'DIP '),
(2967, '1803082', '4', '5', 'Wednesday', 1, 'DIP '),
(2968, '1803083', '4', '5', 'Wednesday', 1, 'DIP '),
(2969, '1803084', '4', '5', 'Wednesday', 1, 'DIP '),
(2970, '1803085', '4', '5', 'Wednesday', 1, 'DIP '),
(2971, '1803086', '4', '5', 'Wednesday', 0, 'DIP '),
(2972, '1803087', '4', '5', 'Wednesday', 1, 'DIP '),
(2973, '1803088', '4', '5', 'Wednesday', 1, 'DIP '),
(2974, '1803089', '4', '5', 'Wednesday', 1, 'DIP '),
(2975, '1803090', '4', '5', 'Wednesday', 1, 'DIP '),
(2976, '1803091', '4', '5', 'Wednesday', 1, 'DIP '),
(2977, '1803092', '4', '5', 'Wednesday', 1, 'DIP '),
(2978, '1803093', '4', '5', 'Wednesday', 1, 'DIP '),
(2979, '1803094', '4', '5', 'Wednesday', 1, 'DIP '),
(2980, '1803095', '4', '5', 'Wednesday', 1, 'DIP '),
(2981, '1803096', '4', '5', 'Wednesday', 1, 'DIP '),
(2982, '1803097', '4', '5', 'Wednesday', 1, 'DIP '),
(2983, '1803098', '4', '5', 'Wednesday', 1, 'DIP '),
(2984, '1803099', '4', '5', 'Wednesday', 1, 'DIP '),
(2985, '1803100', '4', '5', 'Wednesday', 1, 'DIP '),
(2986, '1803101', '4', '5', 'Wednesday', 1, 'DIP '),
(2987, '1803102', '4', '5', 'Wednesday', 1, 'DIP '),
(2988, '1803103', '4', '5', 'Wednesday', 1, 'DIP '),
(2989, '1803104', '4', '5', 'Wednesday', 1, 'DIP '),
(2990, '1803105', '4', '5', 'Wednesday', 0, 'DIP '),
(2991, '1803106', '4', '5', 'Wednesday', 1, 'DIP '),
(2992, '1803107', '4', '5', 'Wednesday', 1, 'DIP '),
(2993, '1803108', '4', '5', 'Wednesday', 1, 'DIP '),
(2994, '1803109', '4', '5', 'Wednesday', 1, 'DIP '),
(2995, '1803110', '4', '5', 'Wednesday', 1, 'DIP '),
(2996, '1803111', '4', '5', 'Wednesday', 1, 'DIP '),
(2997, '1803112', '4', '5', 'Wednesday', 1, 'DIP '),
(2998, '1803113', '4', '5', 'Wednesday', 1, 'DIP '),
(2999, '1803114', '4', '5', 'Wednesday', 1, 'DIP '),
(3000, '1803115', '4', '5', 'Wednesday', 1, 'DIP '),
(3001, '1803116', '4', '5', 'Wednesday', 1, 'DIP '),
(3002, '1803117', '4', '5', 'Wednesday', 1, 'DIP '),
(3003, '1803118', '4', '5', 'Wednesday', 1, 'DIP '),
(3004, '1803119', '4', '5', 'Wednesday', 1, 'DIP '),
(3005, '1803120', '4', '5', 'Wednesday', 0, 'DIP '),
(3006, '1803061', '30', '10', 'Saturday', 0, 'DIP '),
(3007, '1803062', '30', '10', 'Saturday', 1, 'DIP '),
(3008, '1803063', '30', '10', 'Saturday', 1, 'DIP '),
(3009, '1803064', '30', '10', 'Saturday', 1, 'DIP '),
(3010, '1803065', '30', '10', 'Saturday', 1, 'DIP '),
(3011, '1803066', '30', '10', 'Saturday', 1, 'DIP '),
(3012, '1803067', '30', '10', 'Saturday', 1, 'DIP '),
(3013, '1803068', '30', '10', 'Saturday', 1, 'DIP '),
(3014, '1803069', '30', '10', 'Saturday', 1, 'DIP '),
(3015, '1803070', '30', '10', 'Saturday', 1, 'DIP '),
(3016, '1803071', '30', '10', 'Saturday', 1, 'DIP '),
(3017, '1803072', '30', '10', 'Saturday', 0, 'DIP '),
(3018, '1803073', '30', '10', 'Saturday', 1, 'DIP '),
(3019, '1803074', '30', '10', 'Saturday', 1, 'DIP '),
(3020, '1803075', '30', '10', 'Saturday', 1, 'DIP '),
(3021, '1803076', '30', '10', 'Saturday', 1, 'DIP '),
(3022, '1803077', '30', '10', 'Saturday', 1, 'DIP '),
(3023, '1803078', '30', '10', 'Saturday', 1, 'DIP '),
(3024, '1803079', '30', '10', 'Saturday', 1, 'DIP '),
(3025, '1803080', '30', '10', 'Saturday', 1, 'DIP '),
(3026, '1803081', '30', '10', 'Saturday', 1, 'DIP '),
(3027, '1803082', '30', '10', 'Saturday', 1, 'DIP '),
(3028, '1803083', '30', '10', 'Saturday', 1, 'DIP '),
(3029, '1803084', '30', '10', 'Saturday', 1, 'DIP '),
(3030, '1803085', '30', '10', 'Saturday', 1, 'DIP '),
(3031, '1803086', '30', '10', 'Saturday', 0, 'DIP '),
(3032, '1803087', '30', '10', 'Saturday', 1, 'DIP '),
(3033, '1803088', '30', '10', 'Saturday', 1, 'DIP '),
(3034, '1803089', '30', '10', 'Saturday', 1, 'DIP '),
(3035, '1803090', '30', '10', 'Saturday', 1, 'DIP '),
(3036, '1803091', '30', '10', 'Saturday', 1, 'DIP '),
(3037, '1803092', '30', '10', 'Saturday', 1, 'DIP '),
(3038, '1803093', '30', '10', 'Saturday', 1, 'DIP '),
(3039, '1803094', '30', '10', 'Saturday', 1, 'DIP '),
(3040, '1803095', '30', '10', 'Saturday', 1, 'DIP '),
(3041, '1803096', '30', '10', 'Saturday', 1, 'DIP '),
(3042, '1803097', '30', '10', 'Saturday', 1, 'DIP '),
(3043, '1803098', '30', '10', 'Saturday', 1, 'DIP '),
(3044, '1803099', '30', '10', 'Saturday', 1, 'DIP '),
(3045, '1803100', '30', '10', 'Saturday', 1, 'DIP '),
(3046, '1803101', '30', '10', 'Saturday', 1, 'DIP '),
(3047, '1803102', '30', '10', 'Saturday', 1, 'DIP '),
(3048, '1803103', '30', '10', 'Saturday', 1, 'DIP '),
(3049, '1803104', '30', '10', 'Saturday', 1, 'DIP '),
(3050, '1803105', '30', '10', 'Saturday', 1, 'DIP '),
(3051, '1803106', '30', '10', 'Saturday', 1, 'DIP '),
(3052, '1803107', '30', '10', 'Saturday', 1, 'DIP '),
(3053, '1803108', '30', '10', 'Saturday', 0, 'DIP '),
(3054, '1803109', '30', '10', 'Saturday', 1, 'DIP '),
(3055, '1803110', '30', '10', 'Saturday', 1, 'DIP '),
(3056, '1803111', '30', '10', 'Saturday', 1, 'DIP '),
(3057, '1803112', '30', '10', 'Saturday', 1, 'DIP '),
(3058, '1803113', '30', '10', 'Saturday', 1, 'DIP '),
(3059, '1803114', '30', '10', 'Saturday', 1, 'DIP '),
(3060, '1803115', '30', '10', 'Saturday', 1, 'DIP '),
(3061, '1803116', '30', '10', 'Saturday', 1, 'DIP '),
(3062, '1803117', '30', '10', 'Saturday', 1, 'DIP '),
(3063, '1803118', '30', '10', 'Saturday', 1, 'DIP '),
(3064, '1803119', '30', '10', 'Saturday', 1, 'DIP '),
(3065, '1803120', '30', '10', 'Saturday', 1, 'DIP '),
(3066, '1803061', '30', '1', 'Saturday', 1, 'DIP '),
(3067, '1803062', '30', '1', 'Saturday', 1, 'DIP '),
(3068, '1803063', '30', '1', 'Saturday', 1, 'DIP '),
(3069, '1803064', '30', '1', 'Saturday', 0, 'DIP '),
(3070, '1803065', '30', '1', 'Saturday', 1, 'DIP '),
(3071, '1803066', '30', '1', 'Saturday', 1, 'DIP '),
(3072, '1803067', '30', '1', 'Saturday', 1, 'DIP '),
(3073, '1803068', '30', '1', 'Saturday', 1, 'DIP '),
(3074, '1803069', '30', '1', 'Saturday', 1, 'DIP '),
(3075, '1803070', '30', '1', 'Saturday', 1, 'DIP '),
(3076, '1803071', '30', '1', 'Saturday', 0, 'DIP '),
(3077, '1803072', '30', '1', 'Saturday', 1, 'DIP '),
(3078, '1803073', '30', '1', 'Saturday', 1, 'DIP '),
(3079, '1803074', '30', '1', 'Saturday', 1, 'DIP '),
(3080, '1803075', '30', '1', 'Saturday', 1, 'DIP '),
(3081, '1803076', '30', '1', 'Saturday', 1, 'DIP '),
(3082, '1803077', '30', '1', 'Saturday', 1, 'DIP '),
(3083, '1803078', '30', '1', 'Saturday', 1, 'DIP '),
(3084, '1803079', '30', '1', 'Saturday', 1, 'DIP '),
(3085, '1803080', '30', '1', 'Saturday', 1, 'DIP '),
(3086, '1803081', '30', '1', 'Saturday', 0, 'DIP '),
(3087, '1803082', '30', '1', 'Saturday', 1, 'DIP '),
(3088, '1803083', '30', '1', 'Saturday', 1, 'DIP '),
(3089, '1803084', '30', '1', 'Saturday', 1, 'DIP '),
(3090, '1803085', '30', '1', 'Saturday', 1, 'DIP '),
(3091, '1803086', '30', '1', 'Saturday', 1, 'DIP '),
(3092, '1803087', '30', '1', 'Saturday', 1, 'DIP '),
(3093, '1803088', '30', '1', 'Saturday', 1, 'DIP '),
(3094, '1803089', '30', '1', 'Saturday', 1, 'DIP '),
(3095, '1803090', '30', '1', 'Saturday', 1, 'DIP '),
(3096, '1803091', '30', '1', 'Saturday', 1, 'DIP '),
(3097, '1803092', '30', '1', 'Saturday', 1, 'DIP '),
(3098, '1803093', '30', '1', 'Saturday', 1, 'DIP '),
(3099, '1803094', '30', '1', 'Saturday', 1, 'DIP '),
(3100, '1803095', '30', '1', 'Saturday', 1, 'DIP '),
(3101, '1803096', '30', '1', 'Saturday', 0, 'DIP '),
(3102, '1803097', '30', '1', 'Saturday', 1, 'DIP '),
(3103, '1803098', '30', '1', 'Saturday', 1, 'DIP '),
(3104, '1803099', '30', '1', 'Saturday', 1, 'DIP '),
(3105, '1803100', '30', '1', 'Saturday', 1, 'DIP '),
(3106, '1803101', '30', '1', 'Saturday', 1, 'DIP '),
(3107, '1803102', '30', '1', 'Saturday', 1, 'DIP '),
(3108, '1803103', '30', '1', 'Saturday', 1, 'DIP '),
(3109, '1803104', '30', '1', 'Saturday', 1, 'DIP '),
(3110, '1803105', '30', '1', 'Saturday', 1, 'DIP '),
(3111, '1803106', '30', '1', 'Saturday', 1, 'DIP '),
(3112, '1803107', '30', '1', 'Saturday', 1, 'DIP '),
(3113, '1803108', '30', '1', 'Saturday', 1, 'DIP '),
(3114, '1803109', '30', '1', 'Saturday', 1, 'DIP '),
(3115, '1803110', '30', '1', 'Saturday', 1, 'DIP '),
(3116, '1803111', '30', '1', 'Saturday', 1, 'DIP '),
(3117, '1803112', '30', '1', 'Saturday', 1, 'DIP '),
(3118, '1803113', '30', '1', 'Saturday', 1, 'DIP '),
(3119, '1803114', '30', '1', 'Saturday', 1, 'DIP '),
(3120, '1803115', '30', '1', 'Saturday', 1, 'DIP '),
(3121, '1803116', '30', '1', 'Saturday', 1, 'DIP '),
(3122, '1803117', '30', '1', 'Saturday', 1, 'DIP '),
(3123, '1803118', '30', '1', 'Saturday', 1, 'DIP '),
(3124, '1803119', '30', '1', 'Saturday', 1, 'DIP '),
(3125, '1803120', '30', '1', 'Saturday', 1, 'DIP '),
(3126, '1803061', '30', '1', 'Monday', 1, 'DIP '),
(3127, '1803062', '30', '1', 'Monday', 1, 'DIP '),
(3128, '1803063', '30', '1', 'Monday', 1, 'DIP '),
(3129, '1803064', '30', '1', 'Monday', 1, 'DIP '),
(3130, '1803065', '30', '1', 'Monday', 1, 'DIP '),
(3131, '1803066', '30', '1', 'Monday', 1, 'DIP '),
(3132, '1803067', '30', '1', 'Monday', 1, 'DIP '),
(3133, '1803068', '30', '1', 'Monday', 1, 'DIP '),
(3134, '1803069', '30', '1', 'Monday', 0, 'DIP '),
(3135, '1803070', '30', '1', 'Monday', 1, 'DIP '),
(3136, '1803071', '30', '1', 'Monday', 0, 'DIP '),
(3137, '1803072', '30', '1', 'Monday', 1, 'DIP '),
(3138, '1803073', '30', '1', 'Monday', 1, 'DIP '),
(3139, '1803074', '30', '1', 'Monday', 1, 'DIP '),
(3140, '1803075', '30', '1', 'Monday', 1, 'DIP '),
(3141, '1803076', '30', '1', 'Monday', 1, 'DIP '),
(3142, '1803077', '30', '1', 'Monday', 1, 'DIP '),
(3143, '1803078', '30', '1', 'Monday', 1, 'DIP '),
(3144, '1803079', '30', '1', 'Monday', 1, 'DIP '),
(3145, '1803080', '30', '1', 'Monday', 1, 'DIP '),
(3146, '1803081', '30', '1', 'Monday', 1, 'DIP '),
(3147, '1803082', '30', '1', 'Monday', 1, 'DIP '),
(3148, '1803083', '30', '1', 'Monday', 1, 'DIP '),
(3149, '1803084', '30', '1', 'Monday', 1, 'DIP '),
(3150, '1803085', '30', '1', 'Monday', 1, 'DIP '),
(3151, '1803086', '30', '1', 'Monday', 1, 'DIP '),
(3152, '1803087', '30', '1', 'Monday', 1, 'DIP '),
(3153, '1803088', '30', '1', 'Monday', 1, 'DIP '),
(3154, '1803089', '30', '1', 'Monday', 1, 'DIP '),
(3155, '1803090', '30', '1', 'Monday', 1, 'DIP '),
(3156, '1803091', '30', '1', 'Monday', 1, 'DIP '),
(3157, '1803092', '30', '1', 'Monday', 1, 'DIP '),
(3158, '1803093', '30', '1', 'Monday', 1, 'DIP '),
(3159, '1803094', '30', '1', 'Monday', 1, 'DIP '),
(3160, '1803095', '30', '1', 'Monday', 1, 'DIP '),
(3161, '1803096', '30', '1', 'Monday', 1, 'DIP '),
(3162, '1803097', '30', '1', 'Monday', 1, 'DIP '),
(3163, '1803098', '30', '1', 'Monday', 1, 'DIP '),
(3164, '1803099', '30', '1', 'Monday', 1, 'DIP '),
(3165, '1803100', '30', '1', 'Monday', 1, 'DIP '),
(3166, '1803101', '30', '1', 'Monday', 1, 'DIP '),
(3167, '1803102', '30', '1', 'Monday', 1, 'DIP '),
(3168, '1803103', '30', '1', 'Monday', 1, 'DIP '),
(3169, '1803104', '30', '1', 'Monday', 1, 'DIP '),
(3170, '1803105', '30', '1', 'Monday', 1, 'DIP '),
(3171, '1803106', '30', '1', 'Monday', 1, 'DIP '),
(3172, '1803107', '30', '1', 'Monday', 1, 'DIP '),
(3173, '1803108', '30', '1', 'Monday', 1, 'DIP '),
(3174, '1803109', '30', '1', 'Monday', 1, 'DIP '),
(3175, '1803110', '30', '1', 'Monday', 1, 'DIP '),
(3176, '1803111', '30', '1', 'Monday', 1, 'DIP '),
(3177, '1803112', '30', '1', 'Monday', 1, 'DIP '),
(3178, '1803113', '30', '1', 'Monday', 1, 'DIP '),
(3179, '1803114', '30', '1', 'Monday', 1, 'DIP '),
(3180, '1803115', '30', '1', 'Monday', 1, 'DIP '),
(3181, '1803116', '30', '1', 'Monday', 1, 'DIP '),
(3182, '1803117', '30', '1', 'Monday', 1, 'DIP '),
(3183, '1803118', '30', '1', 'Monday', 1, 'DIP '),
(3184, '1803119', '30', '1', 'Monday', 1, 'DIP '),
(3185, '1803120', '30', '1', 'Monday', 1, 'DIP '),
(3186, '1803061', '37', '12', 'Monday', 0, 'DIP '),
(3187, '1803062', '37', '12', 'Monday', 1, 'DIP '),
(3188, '1803063', '37', '12', 'Monday', 1, 'DIP '),
(3189, '1803064', '37', '12', 'Monday', 1, 'DIP '),
(3190, '1803065', '37', '12', 'Monday', 0, 'DIP '),
(3191, '1803066', '37', '12', 'Monday', 1, 'DIP '),
(3192, '1803067', '37', '12', 'Monday', 1, 'DIP '),
(3193, '1803068', '37', '12', 'Monday', 1, 'DIP '),
(3194, '1803069', '37', '12', 'Monday', 1, 'DIP '),
(3195, '1803070', '37', '12', 'Monday', 0, 'DIP '),
(3196, '1803071', '37', '12', 'Monday', 1, 'DIP '),
(3197, '1803072', '37', '12', 'Monday', 1, 'DIP '),
(3198, '1803073', '37', '12', 'Monday', 1, 'DIP '),
(3199, '1803074', '37', '12', 'Monday', 1, 'DIP '),
(3200, '1803075', '37', '12', 'Monday', 1, 'DIP '),
(3201, '1803076', '37', '12', 'Monday', 1, 'DIP '),
(3202, '1803077', '37', '12', 'Monday', 1, 'DIP '),
(3203, '1803078', '37', '12', 'Monday', 1, 'DIP '),
(3204, '1803079', '37', '12', 'Monday', 1, 'DIP '),
(3205, '1803080', '37', '12', 'Monday', 1, 'DIP '),
(3206, '1803081', '37', '12', 'Monday', 1, 'DIP '),
(3207, '1803082', '37', '12', 'Monday', 1, 'DIP '),
(3208, '1803083', '37', '12', 'Monday', 1, 'DIP '),
(3209, '1803084', '37', '12', 'Monday', 1, 'DIP '),
(3210, '1803085', '37', '12', 'Monday', 1, 'DIP '),
(3211, '1803086', '37', '12', 'Monday', 1, 'DIP '),
(3212, '1803087', '37', '12', 'Monday', 1, 'DIP '),
(3213, '1803088', '37', '12', 'Monday', 1, 'DIP '),
(3214, '1803089', '37', '12', 'Monday', 0, 'DIP '),
(3215, '1803090', '37', '12', 'Monday', 1, 'DIP '),
(3216, '1803091', '37', '12', 'Monday', 1, 'DIP '),
(3217, '1803092', '37', '12', 'Monday', 1, 'DIP '),
(3218, '1803093', '37', '12', 'Monday', 1, 'DIP '),
(3219, '1803094', '37', '12', 'Monday', 1, 'DIP '),
(3220, '1803095', '37', '12', 'Monday', 1, 'DIP '),
(3221, '1803096', '37', '12', 'Monday', 1, 'DIP '),
(3222, '1803097', '37', '12', 'Monday', 1, 'DIP '),
(3223, '1803098', '37', '12', 'Monday', 1, 'DIP '),
(3224, '1803099', '37', '12', 'Monday', 1, 'DIP '),
(3225, '1803100', '37', '12', 'Monday', 1, 'DIP '),
(3226, '1803101', '37', '12', 'Monday', 1, 'DIP '),
(3227, '1803102', '37', '12', 'Monday', 1, 'DIP '),
(3228, '1803103', '37', '12', 'Monday', 1, 'DIP '),
(3229, '1803104', '37', '12', 'Monday', 1, 'DIP '),
(3230, '1803105', '37', '12', 'Monday', 1, 'DIP '),
(3231, '1803106', '37', '12', 'Monday', 1, 'DIP '),
(3232, '1803107', '37', '12', 'Monday', 1, 'DIP '),
(3233, '1803108', '37', '12', 'Monday', 1, 'DIP '),
(3234, '1803109', '37', '12', 'Monday', 1, 'DIP '),
(3235, '1803110', '37', '12', 'Monday', 1, 'DIP '),
(3236, '1803111', '37', '12', 'Monday', 1, 'DIP '),
(3237, '1803112', '37', '12', 'Monday', 1, 'DIP '),
(3238, '1803113', '37', '12', 'Monday', 1, 'DIP '),
(3239, '1803114', '37', '12', 'Monday', 1, 'DIP '),
(3240, '1803115', '37', '12', 'Monday', 1, 'DIP '),
(3241, '1803116', '37', '12', 'Monday', 1, 'DIP '),
(3242, '1803117', '37', '12', 'Monday', 1, 'DIP '),
(3243, '1803118', '37', '12', 'Monday', 1, 'DIP '),
(3244, '1803119', '37', '12', 'Monday', 1, 'DIP '),
(3245, '1803120', '37', '12', 'Monday', 1, 'DIP '),
(3246, '1803061', '37', '14', 'Monday', 1, 'DIP '),
(3247, '1803062', '37', '14', 'Monday', 1, 'DIP '),
(3248, '1803063', '37', '14', 'Monday', 0, 'DIP '),
(3249, '1803064', '37', '14', 'Monday', 1, 'DIP '),
(3250, '1803065', '37', '14', 'Monday', 0, 'DIP '),
(3251, '1803066', '37', '14', 'Monday', 1, 'DIP '),
(3252, '1803067', '37', '14', 'Monday', 1, 'DIP '),
(3253, '1803068', '37', '14', 'Monday', 1, 'DIP '),
(3254, '1803069', '37', '14', 'Monday', 1, 'DIP '),
(3255, '1803070', '37', '14', 'Monday', 1, 'DIP '),
(3256, '1803071', '37', '14', 'Monday', 1, 'DIP '),
(3257, '1803072', '37', '14', 'Monday', 1, 'DIP '),
(3258, '1803073', '37', '14', 'Monday', 0, 'DIP '),
(3259, '1803074', '37', '14', 'Monday', 1, 'DIP '),
(3260, '1803075', '37', '14', 'Monday', 1, 'DIP '),
(3261, '1803076', '37', '14', 'Monday', 1, 'DIP '),
(3262, '1803077', '37', '14', 'Monday', 1, 'DIP '),
(3263, '1803078', '37', '14', 'Monday', 1, 'DIP '),
(3264, '1803079', '37', '14', 'Monday', 1, 'DIP '),
(3265, '1803080', '37', '14', 'Monday', 1, 'DIP '),
(3266, '1803081', '37', '14', 'Monday', 1, 'DIP '),
(3267, '1803082', '37', '14', 'Monday', 0, 'DIP '),
(3268, '1803083', '37', '14', 'Monday', 1, 'DIP '),
(3269, '1803084', '37', '14', 'Monday', 1, 'DIP '),
(3270, '1803085', '37', '14', 'Monday', 1, 'DIP '),
(3271, '1803086', '37', '14', 'Monday', 1, 'DIP '),
(3272, '1803087', '37', '14', 'Monday', 1, 'DIP '),
(3273, '1803088', '37', '14', 'Monday', 1, 'DIP '),
(3274, '1803089', '37', '14', 'Monday', 1, 'DIP '),
(3275, '1803090', '37', '14', 'Monday', 1, 'DIP '),
(3276, '1803091', '37', '14', 'Monday', 1, 'DIP '),
(3277, '1803092', '37', '14', 'Monday', 1, 'DIP '),
(3278, '1803093', '37', '14', 'Monday', 1, 'DIP '),
(3279, '1803094', '37', '14', 'Monday', 1, 'DIP '),
(3280, '1803095', '37', '14', 'Monday', 1, 'DIP '),
(3281, '1803096', '37', '14', 'Monday', 1, 'DIP '),
(3282, '1803097', '37', '14', 'Monday', 1, 'DIP '),
(3283, '1803098', '37', '14', 'Monday', 1, 'DIP '),
(3284, '1803099', '37', '14', 'Monday', 1, 'DIP '),
(3285, '1803100', '37', '14', 'Monday', 1, 'DIP '),
(3286, '1803101', '37', '14', 'Monday', 1, 'DIP '),
(3287, '1803102', '37', '14', 'Monday', 1, 'DIP '),
(3288, '1803103', '37', '14', 'Monday', 1, 'DIP '),
(3289, '1803104', '37', '14', 'Monday', 1, 'DIP '),
(3290, '1803105', '37', '14', 'Monday', 1, 'DIP '),
(3291, '1803106', '37', '14', 'Monday', 1, 'DIP '),
(3292, '1803107', '37', '14', 'Monday', 1, 'DIP '),
(3293, '1803108', '37', '14', 'Monday', 1, 'DIP '),
(3294, '1803109', '37', '14', 'Monday', 1, 'DIP '),
(3295, '1803110', '37', '14', 'Monday', 1, 'DIP '),
(3296, '1803111', '37', '14', 'Monday', 1, 'DIP '),
(3297, '1803112', '37', '14', 'Monday', 1, 'DIP '),
(3298, '1803113', '37', '14', 'Monday', 1, 'DIP '),
(3299, '1803114', '37', '14', 'Monday', 1, 'DIP '),
(3300, '1803115', '37', '14', 'Monday', 1, 'DIP '),
(3301, '1803116', '37', '14', 'Monday', 1, 'DIP '),
(3302, '1803117', '37', '14', 'Monday', 1, 'DIP '),
(3303, '1803118', '37', '14', 'Monday', 1, 'DIP '),
(3304, '1803119', '37', '14', 'Monday', 1, 'DIP '),
(3305, '1803120', '37', '14', 'Monday', 1, 'DIP ');

-- --------------------------------------------------------

--
-- Table structure for table `course`
--

CREATE TABLE `course` (
  `id` int(11) NOT NULL,
  `personID` int(11) NOT NULL,
  `cid` int(50) NOT NULL,
  `type` varchar(50) NOT NULL
) ENGINE=InnoDB DEFAULT CHARSET=latin1;

--
-- Dumping data for table `course`
--

INSERT INTO `course` (`id`, `personID`, `cid`, `type`) VALUES
(44, 2, 30, 'Teacher'),
(45, 2, 6, 'Teacher'),
(46, 2, 5, 'Teacher'),
(47, 2, 4, 'Teacher'),
(48, 111, 6, 'Teacher'),
(49, 111, 4, 'Teacher'),
(50, 111, 12, 'Teacher'),
(51, 111, 10, 'Teacher'),
(52, 2, 12, 'Teacher'),
(53, 2, 11, 'Teacher'),
(54, 2, 10, 'Teacher'),
(55, 114, 2, 'Teacher'),
(56, 114, 5, 'Teacher'),
(57, 114, 6, 'Teacher'),
(58, 114, 7, 'Teacher'),
(59, 114, 36, 'Teacher'),
(60, 114, 10, 'Teacher'),
(61, 114, 13, 'Teacher'),
(63, 2, 9, 'Teacher'),
(64, 2, 37, 'Teacher'),
(65, 2, 39, 'Teacher');

-- --------------------------------------------------------

--
-- Table structure for table `courselist`
--

CREATE TABLE `courselist` (
  `cid` int(11) NOT NULL,
  `ccode` varchar(10) NOT NULL,
  `cname` varchar(100) NOT NULL,
  `deptid` int(11) NOT NULL,
  `year` varchar(10) NOT NULL,
  `semester` varchar(10) NOT NULL,
  `credit` double NOT NULL,
  `type` varchar(20) NOT NULL
) ENGINE=InnoDB DEFAULT CHARSET=utf8mb4;

--
-- Dumping data for table `courselist`
--

INSERT INTO `courselist` (`cid`, `ccode`, `cname`, `deptid`, `year`, `semester`, `credit`, `type`) VALUES
(2, 'CSE3103', 'Data Communicaton', 1, '3rd', 'odd', 3, 'Theory'),
(4, 'CSE3109', 'Assembly language', 1, '3rd', 'odd', 3, 'Theory'),
(5, 'CSE3105', 'software engineering', 1, '3rd', 'odd', 3, 'Theory'),
(6, 'CSE3107', 'applied statistics', 1, '3rd', 'odd', 3, 'Theory'),
(7, 'CSE3101', 'database system', 1, '3rd', 'odd', 3, 'Theory'),
(9, 'CSE3201', 'Operating Systems', 1, '3rd', 'even', 3, 'Theory'),
(10, 'CSE3203', 'Computer Architecture and Design', 1, '3rd', 'even', 3, 'Theory'),
(11, 'CSE3205', 'Computer Networks', 1, '3rd', 'even', 3, 'Theory'),
(12, 'CSE3207', 'Peripherals and Interfacings', 1, '3rd', 'even', 3, 'Theory'),
(13, 'CSE3209', 'Artificial Intelligence', 1, '3rd', 'even', 3, 'Theory'),
(14, 'EEE 1151', 'Basic Electrical Engineering', 1, '1st', 'odd', 3, 'Theory'),
(15, 'Math 1113', 'Differential and Integral Calculus', 1, '1st', 'odd', 3, 'Theory'),
(16, 'Hum 1113', 'Functional English', 1, '1st', 'odd', 3, 'Theory'),
(17, 'Chem1113', 'Inorganic and Physical Chemistry', 1, '1st', 'odd', 3, 'Theory'),
(18, 'CSE 1201', 'Data Structure', 1, '1st', 'even', 3, 'Theory'),
(19, 'CSE 1203', 'Object Oriented Programming', 1, '1st', 'even', 3, 'Theory'),
(20, 'Math1213', 'Co-ordinate Geometry and Ordinary Differential Equation', 1, '1st', 'even', 3, 'Theory'),
(21, 'Hum1213', 'Economics, Government and Sociology', 1, '1st', 'even', 3, 'Theory'),
(22, 'Phy 1213', 'Physics', 1, '1st', 'even', 3, 'Theory'),
(23, 'CSE 2101', 'Discrete Mathematics', 1, '2nd', 'odd', 3, 'Theory'),
(24, 'CSE 2103', 'Numerical Methods', 1, '2nd', 'odd', 3, 'Theory'),
(25, 'EEE 2151', 'Analog Electronics', 1, '2nd', 'odd', 3, 'Theory'),
(26, 'Math 2113', 'Vector Analysis and Linear Algebra', 1, '2nd', 'odd', 3, 'Theory'),
(27, 'Hum 2113', 'Industrial Management and Accountancy', 1, '2nd', 'odd', 3, 'Theory'),
(28, 'CSE 1101', 'Computer Programming', 1, '1st', 'odd', 3, 'Theory'),
(29, 'CSE 2201', 'Computer Algorithms', 1, '2nd', 'even', 3, 'Theory'),
(30, 'CSE 2203', 'Digital Techniques', 1, '2nd', 'even', 3, 'Theory'),
(31, 'CSE 2205', 'Finite Automata Theory', 1, '2nd', 'even', 3, 'Theory'),
(32, 'EEE 2251', 'Electrical Machines and Instrumentations', 1, '2nd', 'even', 3, 'Theory'),
(33, 'Math 2213', 'Complex Variable, Differential Equations and Harmonic Analysis', 1, '2nd', 'even', 3, 'Theory'),
(34, 'CSE 4101', 'Compiler Design', 1, '4th', 'odd', 3, 'Theory'),
(35, 'CSE 4103', 'Digital Signal Processing', 1, '4th', 'odd', 3, 'Theory'),
(36, 'CSE 4105', 'Digital Image Processing', 1, '4th', 'odd', 3, 'Theory'),
(37, 'CSE 1102', 'Sessional Based on CSE 1101', 1, '1st', 'odd', 1.5, 'Lab'),
(38, 'Hum 1114', 'English Language Lab', 1, '1st', 'odd', 1.5, 'Lab'),
(39, 'CSE 3100', 'Web Based Application Lab/Project', 1, '3rd', 'odd', 0.75, 'Project/Thesis'),
(40, 'CSE 3200', '3200 Software Development Project II', 1, '3rd', 'even', 0.75, 'Project/Thesis'),
(41, 'CSE 3202', 'Sessional Based on CSE 3201', 1, '3rd', 'even', 0.75, 'Lab');

-- --------------------------------------------------------

--
-- Table structure for table `dept`
--

CREATE TABLE `dept` (
  `deptid` int(11) NOT NULL,
  `deptcode` varchar(10) NOT NULL,
  `deptname` varchar(100) NOT NULL
) ENGINE=InnoDB DEFAULT CHARSET=utf8mb4;

--
-- Dumping data for table `dept`
--

INSERT INTO `dept` (`deptid`, `deptcode`, `deptname`) VALUES
(1, 'CSE', 'Computer Science and Engineering'),
(2, 'CE', 'Civil Engineering'),
(4, 'EEE', 'Electrical and Electronics Engineering'),
(5, 'ME', 'Mechanical Engineering'),
(6, 'MTE', 'Mechatronics Engineering'),
(7, 'URP', 'Urban & Regional Planning'),
(8, 'ECE', 'Electrical & Computer Engineering'),
(9, 'ETE', 'Electronics & Telecommunication Engineering'),
(10, 'BECM', 'Building Engineering & Construction Management'),
(11, 'IPE', 'Industrial & Production Engineering'),
(12, 'GCE', 'Glass and Ceramic Engineering');

-- --------------------------------------------------------

--
-- Table structure for table `finalmark`
--

CREATE TABLE `finalmark` (
  `id` int(11) NOT NULL,
  `roll` varchar(50) NOT NULL,
  `cid` int(50) NOT NULL,
  `partA` varchar(50) NOT NULL,
  `partB` varchar(50) NOT NULL,
  `teacher` varchar(50) NOT NULL
) ENGINE=InnoDB DEFAULT CHARSET=latin1;

--
-- Dumping data for table `finalmark`
--

INSERT INTO `finalmark` (`id`, `roll`, `cid`, `partA`, `partB`, `teacher`) VALUES
(301, '1803061', 1, '5', '', 'DIP '),
(302, '1803062', 1, '', '6', 'DIP '),
(303, '1803063', 1, '5', '', 'DIP '),
(304, '1803064', 1, '7', '', 'DIP '),
(305, '1803065', 1, '', '', 'DIP '),
(306, '1803066', 1, '', '3', 'DIP '),
(307, '1803067', 1, '23', '12', 'DIP '),
(308, '1803068', 1, '', '', 'DIP '),
(309, '1803069', 1, '', '', 'DIP '),
(310, '1803070', 1, '', '', 'DIP '),
(311, '1803071', 1, '', '', 'DIP '),
(312, '1803072', 1, '', '', 'DIP '),
(313, '1803073', 1, '', '', 'DIP '),
(314, '1803074', 1, '4', '', 'DIP '),
(315, '1803075', 1, '', '', 'DIP '),
(316, '1803076', 1, '', '', 'DIP '),
(317, '1803077', 1, '', '', 'DIP '),
(318, '1803078', 1, '', '', 'DIP '),
(319, '1803079', 1, '', '', 'DIP '),
(320, '1803080', 1, '', '', 'DIP '),
(321, '1803081', 1, '', '', 'DIP '),
(322, '1803082', 1, '', '', 'DIP '),
(323, '1803083', 1, '', '', 'DIP '),
(324, '1803084', 1, '4', '6', 'DIP '),
(325, '1803085', 1, '', '', 'DIP '),
(326, '1803086', 1, '', '', 'DIP '),
(327, '1803087', 1, '', '', 'DIP '),
(328, '1803088', 1, '', '', 'DIP '),
(329, '1803089', 1, '', '', 'DIP '),
(330, '1803090', 1, '', '', 'DIP '),
(331, '1803091', 1, '', '', 'DIP '),
(332, '1803092', 1, '', '', 'DIP '),
(333, '1803093', 1, '', '', 'DIP '),
(334, '1803094', 1, '', '', 'DIP '),
(335, '1803095', 1, '', '', 'DIP '),
(336, '1803096', 1, '7', '', 'DIP '),
(337, '1803097', 1, '', '', 'DIP '),
(338, '1803098', 1, '', '', 'DIP '),
(339, '1803099', 1, '', '', 'DIP '),
(340, '1803100', 1, '', '', 'DIP '),
(341, '1803101', 1, '', '', 'DIP '),
(342, '1803102', 1, '', '', 'DIP '),
(343, '1803103', 1, '', '', 'DIP '),
(344, '1803104', 1, '', '', 'DIP '),
(345, '1803105', 1, '', '', 'DIP '),
(346, '1803106', 1, '', '', 'DIP '),
(347, '1803107', 1, '', '', 'DIP '),
(348, '1803108', 1, '4', '', 'DIP '),
(349, '1803109', 1, '', '', 'DIP '),
(350, '1803110', 1, '', '', 'DIP '),
(351, '1803111', 1, '', '', 'DIP '),
(352, '1803112', 1, '', '', 'DIP '),
(353, '1803113', 1, '', '', 'DIP '),
(354, '1803114', 1, '', '', 'DIP '),
(355, '1803115', 1, '', '', 'DIP '),
(356, '1803116', 1, '', '', 'DIP '),
(357, '1803117', 1, '', '', 'DIP '),
(358, '1803118', 1, '', '', 'DIP '),
(359, '1803119', 1, '', '', 'DIP '),
(360, '1803120', 1, '', '', 'DIP '),
(361, '1803061', 6, '14', '', 'tcr'),
(362, '1803062', 6, '4', '20', 'tcr'),
(363, '1803063', 6, '8', '6', 'tcr'),
(364, '1803064', 6, '7', '19', 'tcr'),
(365, '1803065', 6, '17', '18', 'tcr'),
(366, '1803066', 6, '', '', 'tcr'),
(367, '1803067', 6, '18', '26', 'tcr'),
(368, '1803068', 6, '', '', 'tcr'),
(369, '1803069', 6, '', '', 'tcr'),
(370, '1803070', 6, '', '', 'tcr'),
(371, '1803071', 6, '', '', 'tcr'),
(372, '1803072', 6, '', '', 'tcr'),
(373, '1803073', 6, '', '', 'tcr'),
(374, '1803074', 6, '', '', 'tcr'),
(375, '1803075', 6, '', '', 'tcr'),
(376, '1803076', 6, '', '', 'tcr'),
(377, '1803077', 6, '', '', 'tcr'),
(378, '1803078', 6, '', '', 'tcr'),
(379, '1803079', 6, '', '', 'tcr'),
(380, '1803080', 6, '', '', 'tcr'),
(381, '1803081', 6, '', '', 'tcr'),
(382, '1803082', 6, '5', '', 'tcr'),
(383, '1803083', 6, '', '4', 'tcr'),
(384, '1803084', 6, '', '', 'tcr'),
(385, '1803085', 6, '', '', 'tcr'),
(386, '1803086', 6, '', '', 'tcr'),
(387, '1803087', 6, '', '', 'tcr'),
(388, '1803088', 6, '', '', 'tcr'),
(389, '1803089', 6, '', '', 'tcr'),
(390, '1803090', 6, '', '', 'tcr'),
(391, '1803091', 6, '', '', 'tcr'),
(392, '1803092', 6, '', '', 'tcr'),
(393, '1803093', 6, '', '', 'tcr'),
(394, '1803094', 6, '', '', 'tcr'),
(395, '1803095', 6, '', '', 'tcr'),
(396, '1803096', 6, '', '', 'tcr'),
(397, '1803097', 6, '', '', 'tcr'),
(398, '1803098', 6, '', '', 'tcr'),
(399, '1803099', 6, '', '', 'tcr'),
(400, '1803100', 6, '', '', 'tcr'),
(401, '1803101', 6, '', '', 'tcr'),
(402, '1803102', 6, '', '', 'tcr'),
(403, '1803103', 6, '', '', 'tcr'),
(404, '1803104', 6, '', '', 'tcr'),
(405, '1803105', 6, '', '', 'tcr'),
(406, '1803106', 6, '', '', 'tcr'),
(407, '1803107', 6, '', '', 'tcr'),
(408, '1803108', 6, '', '', 'tcr'),
(409, '1803109', 6, '', '', 'tcr'),
(410, '1803110', 6, '', '', 'tcr'),
(411, '1803111', 6, '', '', 'tcr'),
(412, '1803112', 6, '', '', 'tcr'),
(413, '1803113', 6, '', '', 'tcr'),
(414, '1803114', 6, '', '', 'tcr'),
(415, '1803115', 6, '22', '19', 'tcr'),
(416, '1803116', 6, '', '', 'tcr'),
(417, '1803117', 6, '', '', 'tcr'),
(418, '1803118', 6, '', '', 'tcr'),
(419, '1803119', 6, '', '', 'tcr'),
(420, '1803120', 6, '', '', 'tcr'),
(421, '1803061', 5, '9', '11', 'DIP '),
(422, '1803062', 5, '', '6', 'DIP '),
(423, '1803063', 5, '', '7', 'DIP '),
(424, '1803064', 5, '8', '', 'DIP '),
(425, '1803065', 5, '', '', 'DIP '),
(426, '1803066', 5, '', '', 'DIP '),
(427, '1803067', 5, '17', '11', 'DIP '),
(428, '1803068', 5, '', '', 'DIP '),
(429, '1803069', 5, '', '', 'DIP '),
(430, '1803070', 5, '', '', 'DIP '),
(431, '1803071', 5, '', '', 'DIP '),
(432, '1803072', 5, '', '', 'DIP '),
(433, '1803073', 5, '', '', 'DIP '),
(434, '1803074', 5, '', '', 'DIP '),
(435, '1803075', 5, '', '', 'DIP '),
(436, '1803076', 5, '9', '', 'DIP '),
(437, '1803077', 5, '', '', 'DIP '),
(438, '1803078', 5, '', '', 'DIP '),
(439, '1803079', 5, '', '', 'DIP '),
(440, '1803080', 5, '', '', 'DIP '),
(441, '1803081', 5, '', '', 'DIP '),
(442, '1803082', 5, '', '', 'DIP '),
(443, '1803083', 5, '', '', 'DIP '),
(444, '1803084', 5, '', '', 'DIP '),
(445, '1803085', 5, '', '', 'DIP '),
(446, '1803086', 5, '', '', 'DIP '),
(447, '1803087', 5, '', '6', 'DIP '),
(448, '1803088', 5, '', '', 'DIP '),
(449, '1803089', 5, '', '', 'DIP '),
(450, '1803090', 5, '', '', 'DIP '),
(451, '1803091', 5, '', '', 'DIP '),
(452, '1803092', 5, '', '', 'DIP '),
(453, '1803093', 5, '', '', 'DIP '),
(454, '1803094', 5, '', '', 'DIP '),
(455, '1803095', 5, '', '', 'DIP '),
(456, '1803096', 5, '', '', 'DIP '),
(457, '1803097', 5, '', '', 'DIP '),
(458, '1803098', 5, '', '', 'DIP '),
(459, '1803099', 5, '', '', 'DIP '),
(460, '1803100', 5, '', '', 'DIP '),
(461, '1803101', 5, '', '', 'DIP '),
(462, '1803102', 5, '', '', 'DIP '),
(463, '1803103', 5, '', '', 'DIP '),
(464, '1803104', 5, '', '', 'DIP '),
(465, '1803105', 5, '', '', 'DIP '),
(466, '1803106', 5, '', '', 'DIP '),
(467, '1803107', 5, '', '', 'DIP '),
(468, '1803108', 5, '', '', 'DIP '),
(469, '1803109', 5, '', '', 'DIP '),
(470, '1803110', 5, '', '', 'DIP '),
(471, '1803111', 5, '', '', 'DIP '),
(472, '1803112', 5, '', '', 'DIP '),
(473, '1803113', 5, '', '', 'DIP '),
(474, '1803114', 5, '', '', 'DIP '),
(475, '1803115', 5, '', '', 'DIP '),
(476, '1803116', 5, '', '', 'DIP '),
(477, '1803117', 5, '', '', 'DIP '),
(478, '1803118', 5, '', '', 'DIP '),
(479, '1803119', 5, '', '', 'DIP '),
(480, '1803120', 5, '', '', 'DIP '),
(481, '1803061', 4, '', '10', 'DIP '),
(482, '1803062', 4, '', '', 'DIP '),
(483, '1803063', 4, '', '', 'DIP '),
(484, '1803064', 4, '7', '', 'DIP '),
(485, '1803065', 4, '', '', 'DIP '),
(486, '1803066', 4, '', '', 'DIP '),
(487, '1803067', 4, '20', '22', 'DIP '),
(488, '1803068', 4, '', '', 'DIP '),
(489, '1803069', 4, '', '', 'DIP '),
(490, '1803070', 4, '', '', 'DIP '),
(491, '1803071', 4, '', '', 'DIP '),
(492, '1803072', 4, '', '13', 'DIP '),
(493, '1803073', 4, '', '', 'DIP '),
(494, '1803074', 4, '', '', 'DIP '),
(495, '1803075', 4, '', '', 'DIP '),
(496, '1803076', 4, '', '', 'DIP '),
(497, '1803077', 4, '', '', 'DIP '),
(498, '1803078', 4, '', '', 'DIP '),
(499, '1803079', 4, '', '', 'DIP '),
(500, '1803080', 4, '', '', 'DIP '),
(501, '1803081', 4, '', '', 'DIP '),
(502, '1803082', 4, '12', '', 'DIP '),
(503, '1803083', 4, '', '', 'DIP '),
(504, '1803084', 4, '', '', 'DIP '),
(505, '1803085', 4, '', '', 'DIP '),
(506, '1803086', 4, '', '', 'DIP '),
(507, '1803087', 4, '', '', 'DIP '),
(508, '1803088', 4, '', '', 'DIP '),
(509, '1803089', 4, '', '', 'DIP '),
(510, '1803090', 4, '', '', 'DIP '),
(511, '1803091', 4, '', '', 'DIP '),
(512, '1803092', 4, '', '', 'DIP '),
(513, '1803093', 4, '', '6', 'DIP '),
(514, '1803094', 4, '', '', 'DIP '),
(515, '1803095', 4, '', '', 'DIP '),
(516, '1803096', 4, '', '', 'DIP '),
(517, '1803097', 4, '', '', 'DIP '),
(518, '1803098', 4, '', '', 'DIP '),
(519, '1803099', 4, '', '', 'DIP '),
(520, '1803100', 4, '', '', 'DIP '),
(521, '1803101', 4, '', '', 'DIP '),
(522, '1803102', 4, '', '', 'DIP '),
(523, '1803103', 4, '', '', 'DIP '),
(524, '1803104', 4, '', '', 'DIP '),
(525, '1803105', 4, '', '', 'DIP '),
(526, '1803106', 4, '', '', 'DIP '),
(527, '1803107', 4, '', '', 'DIP '),
(528, '1803108', 4, '', '', 'DIP '),
(529, '1803109', 4, '', '', 'DIP '),
(530, '1803110', 4, '', '', 'DIP '),
(531, '1803111', 4, '', '', 'DIP '),
(532, '1803112', 4, '', '', 'DIP '),
(533, '1803113', 4, '', '', 'DIP '),
(534, '1803114', 4, '', '', 'DIP '),
(535, '1803115', 4, '', '', 'DIP '),
(536, '1803116', 4, '', '', 'DIP '),
(537, '1803117', 4, '', '', 'DIP '),
(538, '1803118', 4, '', '', 'DIP '),
(539, '1803119', 4, '', '', 'DIP '),
(540, '1803120', 4, '', '', 'DIP '),
(541, '1803061', 30, '', '', 'DIP '),
(542, '1803062', 30, '', '', 'DIP '),
(543, '1803063', 30, '', '', 'DIP '),
(544, '1803064', 30, '', '', 'DIP '),
(545, '1803065', 30, '', '', 'DIP '),
(546, '1803066', 30, '', '', 'DIP '),
(547, '1803067', 30, '', '', 'DIP '),
(548, '1803068', 30, '', '', 'DIP '),
(549, '1803069', 30, '', '', 'DIP '),
(550, '1803070', 30, '', '', 'DIP '),
(551, '1803071', 30, '', '', 'DIP '),
(552, '1803072', 30, '', '', 'DIP '),
(553, '1803073', 30, '', '', 'DIP '),
(554, '1803074', 30, '', '', 'DIP '),
(555, '1803075', 30, '', '', 'DIP '),
(556, '1803076', 30, '', '', 'DIP '),
(557, '1803077', 30, '', '', 'DIP '),
(558, '1803078', 30, '', '', 'DIP '),
(559, '1803079', 30, '', '', 'DIP '),
(560, '1803080', 30, '', '', 'DIP '),
(561, '1803081', 30, '', '', 'DIP '),
(562, '1803082', 30, '', '', 'DIP '),
(563, '1803083', 30, '', '', 'DIP '),
(564, '1803084', 30, '', '', 'DIP '),
(565, '1803085', 30, '', '', 'DIP '),
(566, '1803086', 30, '', '', 'DIP '),
(567, '1803087', 30, '', '', 'DIP '),
(568, '1803088', 30, '', '', 'DIP '),
(569, '1803089', 30, '', '', 'DIP '),
(570, '1803090', 30, '', '', 'DIP '),
(571, '1803091', 30, '', '', 'DIP '),
(572, '1803092', 30, '', '', 'DIP '),
(573, '1803093', 30, '', '', 'DIP '),
(574, '1803094', 30, '', '', 'DIP '),
(575, '1803095', 30, '', '', 'DIP '),
(576, '1803096', 30, '', '', 'DIP '),
(577, '1803097', 30, '', '', 'DIP '),
(578, '1803098', 30, '', '', 'DIP '),
(579, '1803099', 30, '', '', 'DIP '),
(580, '1803100', 30, '', '', 'DIP '),
(581, '1803101', 30, '', '', 'DIP '),
(582, '1803102', 30, '', '', 'DIP '),
(583, '1803103', 30, '', '', 'DIP '),
(584, '1803104', 30, '', '', 'DIP '),
(585, '1803105', 30, '', '', 'DIP '),
(586, '1803106', 30, '', '', 'DIP '),
(587, '1803107', 30, '23', '', 'DIP '),
(588, '1803108', 30, '', '', 'DIP '),
(589, '1803109', 30, '', '', 'DIP '),
(590, '1803110', 30, '', '', 'DIP '),
(591, '1803111', 30, '', '', 'DIP '),
(592, '1803112', 30, '', '', 'DIP '),
(593, '1803113', 30, '', '', 'DIP '),
(594, '1803114', 30, '', '', 'DIP '),
(595, '1803115', 30, '', '', 'DIP '),
(596, '1803116', 30, '', '', 'DIP '),
(597, '1803117', 30, '', '', 'DIP '),
(598, '1803118', 30, '', '', 'DIP '),
(599, '1803119', 30, '', '', 'DIP '),
(600, '1803120', 30, '', '', 'DIP ');

-- --------------------------------------------------------

--
-- Table structure for table `lab`
--

CREATE TABLE `lab` (
  `roll` int(11) NOT NULL,
  `cid` int(11) NOT NULL,
  `quiz` int(11) NOT NULL,
  `perform` int(11) NOT NULL,
  `viva` int(11) NOT NULL
) ENGINE=InnoDB DEFAULT CHARSET=utf8mb4;

--
-- Dumping data for table `lab`
--

INSERT INTO `lab` (`roll`, `cid`, `quiz`, `perform`, `viva`) VALUES
(1803061, 37, 20, 0, 0),
(1803062, 37, 0, 0, 0),
(1803063, 37, 6, 0, 0),
(1803064, 37, 0, 5, 5),
(1803065, 37, 0, 0, 0),
(1803066, 37, 0, 0, 0),
(1803067, 37, 0, 0, 0),
(1803068, 37, 0, 0, 0),
(1803069, 37, 0, 0, 0),
(1803070, 37, 0, 0, 0),
(1803071, 37, 0, 0, 0),
(1803072, 37, 0, 0, 0),
(1803073, 37, 0, 0, 0),
(1803074, 37, 0, 0, 0),
(1803075, 37, 0, 0, 0),
(1803076, 37, 0, 0, 0),
(1803077, 37, 0, 0, 0),
(1803078, 37, 0, 0, 0),
(1803079, 37, 0, 0, 0),
(1803080, 37, 0, 0, 0),
(1803081, 37, 0, 0, 0),
(1803082, 37, 0, 0, 0),
(1803083, 37, 0, 0, 0),
(1803084, 37, 0, 0, 0),
(1803085, 37, 0, 0, 0),
(1803086, 37, 0, 0, 0),
(1803087, 37, 0, 0, 0),
(1803088, 37, 0, 0, 0),
(1803089, 37, 0, 0, 0),
(1803090, 37, 0, 0, 0),
(1803091, 37, 0, 0, 0),
(1803092, 37, 0, 0, 0),
(1803093, 37, 0, 0, 0),
(1803094, 37, 0, 0, 0),
(1803095, 37, 0, 0, 0),
(1803096, 37, 0, 0, 0),
(1803097, 37, 0, 0, 0),
(1803098, 37, 0, 0, 0),
(1803099, 37, 0, 0, 0),
(1803100, 37, 0, 0, 0),
(1803101, 37, 0, 0, 0),
(1803102, 37, 0, 0, 0),
(1803103, 37, 0, 0, 0),
(1803104, 37, 0, 0, 0),
(1803105, 37, 0, 0, 0),
(1803106, 37, 0, 0, 0),
(1803107, 37, 0, 0, 0),
(1803108, 37, 0, 0, 0),
(1803109, 37, 0, 0, 0),
(1803110, 37, 0, 0, 0),
(1803111, 37, 0, 0, 0),
(1803112, 37, 0, 0, 0),
(1803113, 37, 0, 0, 0),
(1803114, 37, 0, 0, 0),
(1803115, 37, 0, 0, 0),
(1803116, 37, 0, 0, 0),
(1803117, 37, 0, 0, 0),
(1803118, 37, 0, 0, 0),
(1803119, 37, 0, 0, 0),
(1803120, 37, 0, 0, 0);

-- --------------------------------------------------------

--
-- Table structure for table `login`
--

CREATE TABLE `login` (
  `id` int(11) NOT NULL,
  `email` varchar(50) NOT NULL,
  `password` varchar(50) NOT NULL,
  `type` varchar(50) NOT NULL,
  `name` varchar(100) NOT NULL,
  `dept` varchar(100) NOT NULL,
  `phone` varchar(50) NOT NULL,
  `roll` varchar(50) NOT NULL
) ENGINE=InnoDB DEFAULT CHARSET=latin1;

--
-- Dumping data for table `login`
--

INSERT INTO `login` (`id`, `email`, `password`, `type`, `name`, `dept`, `phone`, `roll`) VALUES
(1, 'diphalder716@gmail.com', '123456', 'Student', 'Dip halder', 'CSE', '1234567890', '1803067'),
(2, 'dip.h.4444@gmail.com', '12345678', 'Teacher', 'DIP ', 'CSE', '1234565', ''),
(100, 'admin@gmail.com', 'admin123', 'Admin', 'Admin', '', '', ''),
(111, 'tcr@gmail.com', '123456', 'Teacher', 'tcr', '1', '12345', ''),
(112, 'tiham@gmail.com', '123456', 'Student', 'tiham', '1', '12345', '1803067'),
(113, 'stu123@gmail.com', '123456', 'Student', 'stu', '1', '12345', '1803076'),
(114, 'mrx@gmail.com', '123456', 'Teacher', 'mrX', '1', '12345', '');

-- --------------------------------------------------------

--
-- Table structure for table `marks`
--

CREATE TABLE `marks` (
  `id` int(11) NOT NULL,
  `roll` varchar(50) NOT NULL,
  `cid` int(50) NOT NULL,
  `ctNo` varchar(50) NOT NULL,
  `marks` varchar(50) NOT NULL,
  `teacher` varchar(50) NOT NULL
) ENGINE=InnoDB DEFAULT CHARSET=latin1;

--
-- Dumping data for table `marks`
--

INSERT INTO `marks` (`id`, `roll`, `cid`, `ctNo`, `marks`, `teacher`) VALUES
(487, '1803061', 1, '1', '3', 'DIP '),
(488, '1803062', 1, '1', '11', 'DIP '),
(489, '1803063', 1, '1', '15', 'DIP '),
(490, '1803064', 1, '1', '15', 'DIP '),
(491, '1803065', 1, '1', '3', 'DIP '),
(492, '1803066', 1, '1', 'A', 'DIP '),
(493, '1803067', 1, '1', '10', 'DIP '),
(494, '1803068', 1, '1', 'A', 'DIP '),
(495, '1803069', 1, '1', '12', 'DIP '),
(496, '1803070', 1, '1', '4', 'DIP '),
(497, '1803071', 1, '1', '5', 'DIP '),
(498, '1803072', 1, '1', '6', 'DIP '),
(499, '1803073', 1, '1', 'A', 'DIP '),
(500, '1803074', 1, '1', '7', 'DIP '),
(501, '1803075', 1, '1', '8', 'DIP '),
(502, '1803076', 1, '1', 'A', 'DIP '),
(503, '1803077', 1, '1', 'A', 'DIP '),
(504, '1803078', 1, '1', '3', 'DIP '),
(505, '1803079', 1, '1', 'A', 'DIP '),
(506, '1803080', 1, '1', '5', 'DIP '),
(507, '1803081', 1, '1', '6', 'DIP '),
(508, '1803082', 1, '1', 'A', 'DIP '),
(509, '1803083', 1, '1', '2', 'DIP '),
(510, '1803084', 1, '1', '5', 'DIP '),
(511, '1803085', 1, '1', 'A', 'DIP '),
(512, '1803086', 1, '1', '6', 'DIP '),
(513, '1803087', 1, '1', 'A', 'DIP '),
(514, '1803088', 1, '1', 'A', 'DIP '),
(515, '1803089', 1, '1', 'A', 'DIP '),
(516, '1803090', 1, '1', '7', 'DIP '),
(517, '1803091', 1, '1', '2', 'DIP '),
(518, '1803092', 1, '1', 'A', 'DIP '),
(519, '1803093', 1, '1', '5', 'DIP '),
(520, '1803094', 1, '1', 'A', 'DIP '),
(521, '1803095', 1, '1', 'A', 'DIP '),
(522, '1803096', 1, '1', 'A', 'DIP '),
(523, '1803097', 1, '1', 'A', 'DIP '),
(524, '1803098', 1, '1', 'A', 'DIP '),
(525, '1803099', 1, '1', 'A', 'DIP '),
(526, '1803100', 1, '1', 'A', 'DIP '),
(527, '1803101', 1, '1', 'A', 'DIP '),
(528, '1803102', 1, '1', 'A', 'DIP '),
(529, '1803103', 1, '1', 'A', 'DIP '),
(530, '1803104', 1, '1', 'A', 'DIP '),
(531, '1803105', 1, '1', 'A', 'DIP '),
(532, '1803106', 1, '1', '5', 'DIP '),
(533, '1803107', 1, '1', 'A', 'DIP '),
(534, '1803108', 1, '1', 'A', 'DIP '),
(535, '1803109', 1, '1', 'A', 'DIP '),
(536, '1803110', 1, '1', 'A', 'DIP '),
(537, '1803111', 1, '1', 'A', 'DIP '),
(538, '1803112', 1, '1', 'A', 'DIP '),
(539, '1803113', 1, '1', 'A', 'DIP '),
(540, '1803114', 1, '1', 'A', 'DIP '),
(541, '1803115', 1, '1', 'A', 'DIP '),
(542, '1803116', 1, '1', 'A', 'DIP '),
(543, '1803117', 1, '1', 'A', 'DIP '),
(544, '1803118', 1, '1', 'A', 'DIP '),
(545, '1803119', 1, '1', '5', 'DIP '),
(546, '1803120', 1, '1', 'A', 'DIP '),
(547, '1803061', 1, '3', 'A', 'DIP '),
(548, '1803062', 1, '3', 'A', 'DIP '),
(549, '1803063', 1, '3', '1', 'DIP '),
(550, '1803064', 1, '3', 'A', 'DIP '),
(551, '1803065', 1, '3', '5', 'DIP '),
(552, '1803066', 1, '3', '4', 'DIP '),
(553, '1803067', 1, '3', '2', 'DIP '),
(554, '1803068', 1, '3', '6', 'DIP '),
(555, '1803069', 1, '3', 'A', 'DIP '),
(556, '1803070', 1, '3', 'A', 'DIP '),
(557, '1803071', 1, '3', 'A', 'DIP '),
(558, '1803072', 1, '3', 'A', 'DIP '),
(559, '1803073', 1, '3', 'A', 'DIP '),
(560, '1803074', 1, '3', 'A', 'DIP '),
(561, '1803075', 1, '3', 'A', 'DIP '),
(562, '1803076', 1, '3', 'A', 'DIP '),
(563, '1803077', 1, '3', 'A', 'DIP '),
(564, '1803078', 1, '3', 'A', 'DIP '),
(565, '1803079', 1, '3', 'A', 'DIP '),
(566, '1803080', 1, '3', 'A', 'DIP '),
(567, '1803081', 1, '3', 'A', 'DIP '),
(568, '1803082', 1, '3', 'A', 'DIP '),
(569, '1803083', 1, '3', 'A', 'DIP '),
(570, '1803084', 1, '3', 'A', 'DIP '),
(571, '1803085', 1, '3', 'A', 'DIP '),
(572, '1803086', 1, '3', 'A', 'DIP '),
(573, '1803087', 1, '3', 'A', 'DIP '),
(574, '1803088', 1, '3', 'A', 'DIP '),
(575, '1803089', 1, '3', 'A', 'DIP '),
(576, '1803090', 1, '3', 'A', 'DIP '),
(577, '1803091', 1, '3', 'A', 'DIP '),
(578, '1803092', 1, '3', 'A', 'DIP '),
(579, '1803093', 1, '3', 'A', 'DIP '),
(580, '1803094', 1, '3', 'A', 'DIP '),
(581, '1803095', 1, '3', 'A', 'DIP '),
(582, '1803096', 1, '3', 'A', 'DIP '),
(583, '1803097', 1, '3', 'A', 'DIP '),
(584, '1803098', 1, '3', 'A', 'DIP '),
(585, '1803099', 1, '3', 'A', 'DIP '),
(586, '1803100', 1, '3', '3', 'DIP '),
(587, '1803101', 1, '3', '4', 'DIP '),
(588, '1803102', 1, '3', 'A', 'DIP '),
(589, '1803103', 1, '3', 'A', 'DIP '),
(590, '1803104', 1, '3', 'A', 'DIP '),
(591, '1803105', 1, '3', 'A', 'DIP '),
(592, '1803106', 1, '3', 'A', 'DIP '),
(593, '1803107', 1, '3', 'A', 'DIP '),
(594, '1803108', 1, '3', 'A', 'DIP '),
(595, '1803109', 1, '3', 'A', 'DIP '),
(596, '1803110', 1, '3', 'A', 'DIP '),
(597, '1803111', 1, '3', 'A', 'DIP '),
(598, '1803112', 1, '3', 'A', 'DIP '),
(599, '1803113', 1, '3', 'A', 'DIP '),
(600, '1803114', 1, '3', 'A', 'DIP '),
(601, '1803115', 1, '3', 'A', 'DIP '),
(602, '1803116', 1, '3', 'A', 'DIP '),
(603, '1803117', 1, '3', 'A', 'DIP '),
(604, '1803118', 1, '3', 'A', 'DIP '),
(605, '1803119', 1, '3', 'A', 'DIP '),
(606, '1803120', 1, '3', 'A', 'DIP '),
(607, '1803061', 6, '3', '5', 'tcr'),
(608, '1803062', 6, '3', '5', 'tcr'),
(609, '1803063', 6, '3', 'A', 'tcr'),
(610, '1803064', 6, '3', 'A', 'tcr'),
(611, '1803065', 6, '3', '5', 'tcr'),
(612, '1803066', 6, '3', 'A', 'tcr'),
(613, '1803067', 6, '3', '6', 'tcr'),
(614, '1803068', 6, '3', 'A', 'tcr'),
(615, '1803069', 6, '3', 'A', 'tcr'),
(616, '1803070', 6, '3', 'A', 'tcr'),
(617, '1803071', 6, '3', 'A', 'tcr'),
(618, '1803072', 6, '3', 'A', 'tcr'),
(619, '1803073', 6, '3', 'A', 'tcr'),
(620, '1803074', 6, '3', 'A', 'tcr'),
(621, '1803075', 6, '3', 'A', 'tcr'),
(622, '1803076', 6, '3', 'A', 'tcr'),
(623, '1803077', 6, '3', 'A', 'tcr'),
(624, '1803078', 6, '3', 'A', 'tcr'),
(625, '1803079', 6, '3', 'A', 'tcr'),
(626, '1803080', 6, '3', 'A', 'tcr'),
(627, '1803081', 6, '3', 'A', 'tcr'),
(628, '1803082', 6, '3', 'A', 'tcr'),
(629, '1803083', 6, '3', 'A', 'tcr'),
(630, '1803084', 6, '3', 'A', 'tcr'),
(631, '1803085', 6, '3', 'A', 'tcr'),
(632, '1803086', 6, '3', 'A', 'tcr'),
(633, '1803087', 6, '3', 'A', 'tcr'),
(634, '1803088', 6, '3', 'A', 'tcr'),
(635, '1803089', 6, '3', 'A', 'tcr'),
(636, '1803090', 6, '3', 'A', 'tcr'),
(637, '1803091', 6, '3', 'A', 'tcr'),
(638, '1803092', 6, '3', 'A', 'tcr'),
(639, '1803093', 6, '3', 'A', 'tcr'),
(640, '1803094', 6, '3', 'A', 'tcr'),
(641, '1803095', 6, '3', 'A', 'tcr'),
(642, '1803096', 6, '3', 'A', 'tcr'),
(643, '1803097', 6, '3', 'A', 'tcr'),
(644, '1803098', 6, '3', 'A', 'tcr'),
(645, '1803099', 6, '3', 'A', 'tcr'),
(646, '1803100', 6, '3', 'A', 'tcr'),
(647, '1803101', 6, '3', 'A', 'tcr'),
(648, '1803102', 6, '3', 'A', 'tcr'),
(649, '1803103', 6, '3', 'A', 'tcr'),
(650, '1803104', 6, '3', 'A', 'tcr'),
(651, '1803105', 6, '3', 'A', 'tcr'),
(652, '1803106', 6, '3', 'A', 'tcr'),
(653, '1803107', 6, '3', 'A', 'tcr'),
(654, '1803108', 6, '3', 'A', 'tcr'),
(655, '1803109', 6, '3', 'A', 'tcr'),
(656, '1803110', 6, '3', 'A', 'tcr'),
(657, '1803111', 6, '3', 'A', 'tcr'),
(658, '1803112', 6, '3', 'A', 'tcr'),
(659, '1803113', 6, '3', 'A', 'tcr'),
(660, '1803114', 6, '3', 'A', 'tcr'),
(661, '1803115', 6, '3', 'A', 'tcr'),
(662, '1803116', 6, '3', 'A', 'tcr'),
(663, '1803117', 6, '3', 'A', 'tcr'),
(664, '1803118', 6, '3', 'A', 'tcr'),
(665, '1803119', 6, '3', 'A', 'tcr'),
(666, '1803120', 6, '3', 'A', 'tcr'),
(667, '1803061', 6, '4', '5', 'tcr'),
(668, '1803062', 6, '4', 'A', 'tcr'),
(669, '1803063', 6, '4', 'A', 'tcr'),
(670, '1803064', 6, '4', 'A', 'tcr'),
(671, '1803065', 6, '4', '6', 'tcr'),
(672, '1803066', 6, '4', 'A', 'tcr'),
(673, '1803067', 6, '4', '6', 'tcr'),
(674, '1803068', 6, '4', 'A', 'tcr'),
(675, '1803069', 6, '4', 'A', 'tcr'),
(676, '1803070', 6, '4', 'A', 'tcr'),
(677, '1803071', 6, '4', 'A', 'tcr'),
(678, '1803072', 6, '4', 'A', 'tcr'),
(679, '1803073', 6, '4', 'A', 'tcr'),
(680, '1803074', 6, '4', 'A', 'tcr'),
(681, '1803075', 6, '4', 'A', 'tcr'),
(682, '1803076', 6, '4', 'A', 'tcr'),
(683, '1803077', 6, '4', 'A', 'tcr'),
(684, '1803078', 6, '4', 'A', 'tcr'),
(685, '1803079', 6, '4', 'A', 'tcr'),
(686, '1803080', 6, '4', 'A', 'tcr'),
(687, '1803081', 6, '4', 'A', 'tcr'),
(688, '1803082', 6, '4', 'A', 'tcr'),
(689, '1803083', 6, '4', 'A', 'tcr'),
(690, '1803084', 6, '4', 'A', 'tcr'),
(691, '1803085', 6, '4', 'A', 'tcr'),
(692, '1803086', 6, '4', 'A', 'tcr'),
(693, '1803087', 6, '4', 'A', 'tcr'),
(694, '1803088', 6, '4', 'A', 'tcr'),
(695, '1803089', 6, '4', 'A', 'tcr'),
(696, '1803090', 6, '4', 'A', 'tcr'),
(697, '1803091', 6, '4', 'A', 'tcr'),
(698, '1803092', 6, '4', 'A', 'tcr'),
(699, '1803093', 6, '4', 'A', 'tcr'),
(700, '1803094', 6, '4', 'A', 'tcr'),
(701, '1803095', 6, '4', 'A', 'tcr'),
(702, '1803096', 6, '4', 'A', 'tcr'),
(703, '1803097', 6, '4', 'A', 'tcr'),
(704, '1803098', 6, '4', 'A', 'tcr'),
(705, '1803099', 6, '4', 'A', 'tcr'),
(706, '1803100', 6, '4', 'A', 'tcr'),
(707, '1803101', 6, '4', 'A', 'tcr'),
(708, '1803102', 6, '4', '6', 'tcr'),
(709, '1803103', 6, '4', 'A', 'tcr'),
(710, '1803104', 6, '4', 'A', 'tcr'),
(711, '1803105', 6, '4', 'A', 'tcr'),
(712, '1803106', 6, '4', 'A', 'tcr'),
(713, '1803107', 6, '4', 'A', 'tcr'),
(714, '1803108', 6, '4', 'A', 'tcr'),
(715, '1803109', 6, '4', 'A', 'tcr'),
(716, '1803110', 6, '4', 'A', 'tcr'),
(717, '1803111', 6, '4', 'A', 'tcr'),
(718, '1803112', 6, '4', 'A', 'tcr'),
(719, '1803113', 6, '4', 'A', 'tcr'),
(720, '1803114', 6, '4', 'A', 'tcr'),
(721, '1803115', 6, '4', 'A', 'tcr'),
(722, '1803116', 6, '4', 'A', 'tcr'),
(723, '1803117', 6, '4', 'A', 'tcr'),
(724, '1803118', 6, '4', 'A', 'tcr'),
(725, '1803119', 6, '4', 'A', 'tcr'),
(726, '1803120', 6, '4', 'A', 'tcr'),
(727, '1803061', 6, '1', '4', 'tcr'),
(728, '1803062', 6, '1', 'A', 'tcr'),
(729, '1803063', 6, '1', '4', 'tcr'),
(730, '1803064', 6, '1', 'A', 'tcr'),
(731, '1803065', 6, '1', 'A', 'tcr'),
(732, '1803066', 6, '1', 'A', 'tcr'),
(733, '1803067', 6, '1', '3', 'tcr'),
(734, '1803068', 6, '1', 'A', 'tcr'),
(735, '1803069', 6, '1', 'A', 'tcr'),
(736, '1803070', 6, '1', 'A', 'tcr'),
(737, '1803071', 6, '1', 'A', 'tcr'),
(738, '1803072', 6, '1', 'A', 'tcr'),
(739, '1803073', 6, '1', 'A', 'tcr'),
(740, '1803074', 6, '1', 'A', 'tcr'),
(741, '1803075', 6, '1', 'A', 'tcr'),
(742, '1803076', 6, '1', 'A', 'tcr'),
(743, '1803077', 6, '1', 'A', 'tcr'),
(744, '1803078', 6, '1', 'A', 'tcr'),
(745, '1803079', 6, '1', 'A', 'tcr'),
(746, '1803080', 6, '1', 'A', 'tcr'),
(747, '1803081', 6, '1', 'A', 'tcr'),
(748, '1803082', 6, '1', 'A', 'tcr'),
(749, '1803083', 6, '1', '6', 'tcr'),
(750, '1803084', 6, '1', 'A', 'tcr'),
(751, '1803085', 6, '1', 'A', 'tcr'),
(752, '1803086', 6, '1', 'A', 'tcr'),
(753, '1803087', 6, '1', 'A', 'tcr'),
(754, '1803088', 6, '1', 'A', 'tcr'),
(755, '1803089', 6, '1', 'A', 'tcr'),
(756, '1803090', 6, '1', 'A', 'tcr'),
(757, '1803091', 6, '1', '6', 'tcr'),
(758, '1803092', 6, '1', 'A', 'tcr'),
(759, '1803093', 6, '1', 'A', 'tcr'),
(760, '1803094', 6, '1', 'A', 'tcr'),
(761, '1803095', 6, '1', 'A', 'tcr'),
(762, '1803096', 6, '1', 'A', 'tcr'),
(763, '1803097', 6, '1', 'A', 'tcr'),
(764, '1803098', 6, '1', '6', 'tcr'),
(765, '1803099', 6, '1', 'A', 'tcr'),
(766, '1803100', 6, '1', 'A', 'tcr'),
(767, '1803101', 6, '1', 'A', 'tcr'),
(768, '1803102', 6, '1', 'A', 'tcr'),
(769, '1803103', 6, '1', 'A', 'tcr'),
(770, '1803104', 6, '1', 'A', 'tcr'),
(771, '1803105', 6, '1', 'A', 'tcr'),
(772, '1803106', 6, '1', 'A', 'tcr'),
(773, '1803107', 6, '1', 'A', 'tcr'),
(774, '1803108', 6, '1', 'A', 'tcr'),
(775, '1803109', 6, '1', 'A', 'tcr'),
(776, '1803110', 6, '1', 'A', 'tcr'),
(777, '1803111', 6, '1', 'A', 'tcr'),
(778, '1803112', 6, '1', 'A', 'tcr'),
(779, '1803113', 6, '1', 'A', 'tcr'),
(780, '1803114', 6, '1', 'A', 'tcr'),
(781, '1803115', 6, '1', 'A', 'tcr'),
(782, '1803116', 6, '1', 'A', 'tcr'),
(783, '1803117', 6, '1', '4', 'tcr'),
(784, '1803118', 6, '1', 'A', 'tcr'),
(785, '1803119', 6, '1', 'A', 'tcr'),
(786, '1803120', 6, '1', 'A', 'tcr'),
(787, '1803061', 5, '1', '7', 'DIP '),
(788, '1803062', 5, '1', '9', 'DIP '),
(789, '1803063', 5, '1', '7', 'DIP '),
(790, '1803064', 5, '1', '9', 'DIP '),
(791, '1803065', 5, '1', 'A', 'DIP '),
(792, '1803066', 5, '1', 'A', 'DIP '),
(793, '1803067', 5, '1', '11', 'DIP '),
(794, '1803068', 5, '1', 'A', 'DIP '),
(795, '1803069', 5, '1', 'A', 'DIP '),
(796, '1803070', 5, '1', 'A', 'DIP '),
(797, '1803071', 5, '1', 'A', 'DIP '),
(798, '1803072', 5, '1', 'A', 'DIP '),
(799, '1803073', 5, '1', 'A', 'DIP '),
(800, '1803074', 5, '1', 'A', 'DIP '),
(801, '1803075', 5, '1', 'A', 'DIP '),
(802, '1803076', 5, '1', 'A', 'DIP '),
(803, '1803077', 5, '1', 'A', 'DIP '),
(804, '1803078', 5, '1', 'A', 'DIP '),
(805, '1803079', 5, '1', 'A', 'DIP '),
(806, '1803080', 5, '1', 'A', 'DIP '),
(807, '1803081', 5, '1', 'A', 'DIP '),
(808, '1803082', 5, '1', 'A', 'DIP '),
(809, '1803083', 5, '1', 'A', 'DIP '),
(810, '1803084', 5, '1', 'A', 'DIP '),
(811, '1803085', 5, '1', 'A', 'DIP '),
(812, '1803086', 5, '1', 'A', 'DIP '),
(813, '1803087', 5, '1', 'A', 'DIP '),
(814, '1803088', 5, '1', 'A', 'DIP '),
(815, '1803089', 5, '1', 'A', 'DIP '),
(816, '1803090', 5, '1', 'A', 'DIP '),
(817, '1803091', 5, '1', 'A', 'DIP '),
(818, '1803092', 5, '1', 'A', 'DIP '),
(819, '1803093', 5, '1', '7', 'DIP '),
(820, '1803094', 5, '1', 'A', 'DIP '),
(821, '1803095', 5, '1', 'A', 'DIP '),
(822, '1803096', 5, '1', 'A', 'DIP '),
(823, '1803097', 5, '1', 'A', 'DIP '),
(824, '1803098', 5, '1', 'A', 'DIP '),
(825, '1803099', 5, '1', 'A', 'DIP '),
(826, '1803100', 5, '1', 'A', 'DIP '),
(827, '1803101', 5, '1', 'A', 'DIP '),
(828, '1803102', 5, '1', 'A', 'DIP '),
(829, '1803103', 5, '1', 'A', 'DIP '),
(830, '1803104', 5, '1', 'A', 'DIP '),
(831, '1803105', 5, '1', 'A', 'DIP '),
(832, '1803106', 5, '1', 'A', 'DIP '),
(833, '1803107', 5, '1', 'A', 'DIP '),
(834, '1803108', 5, '1', 'A', 'DIP '),
(835, '1803109', 5, '1', 'A', 'DIP '),
(836, '1803110', 5, '1', 'A', 'DIP '),
(837, '1803111', 5, '1', 'A', 'DIP '),
(838, '1803112', 5, '1', 'A', 'DIP '),
(839, '1803113', 5, '1', 'A', 'DIP '),
(840, '1803114', 5, '1', 'A', 'DIP '),
(841, '1803115', 5, '1', 'A', 'DIP '),
(842, '1803116', 5, '1', 'A', 'DIP '),
(843, '1803117', 5, '1', 'A', 'DIP '),
(844, '1803118', 5, '1', 'A', 'DIP '),
(845, '1803119', 5, '1', 'A', 'DIP '),
(846, '1803120', 5, '1', 'A', 'DIP '),
(847, '1803061', 5, '3', 'A', 'DIP '),
(848, '1803062', 5, '3', '7', 'DIP '),
(849, '1803063', 5, '3', 'A', 'DIP '),
(850, '1803064', 5, '3', 'A', 'DIP '),
(851, '1803065', 5, '3', 'A', 'DIP '),
(852, '1803066', 5, '3', '5', 'DIP '),
(853, '1803067', 5, '3', '6', 'DIP '),
(854, '1803068', 5, '3', 'A', 'DIP '),
(855, '1803069', 5, '3', 'A', 'DIP '),
(856, '1803070', 5, '3', 'A', 'DIP '),
(857, '1803071', 5, '3', 'A', 'DIP '),
(858, '1803072', 5, '3', 'A', 'DIP '),
(859, '1803073', 5, '3', 'A', 'DIP '),
(860, '1803074', 5, '3', 'A', 'DIP '),
(861, '1803075', 5, '3', 'A', 'DIP '),
(862, '1803076', 5, '3', 'A', 'DIP '),
(863, '1803077', 5, '3', 'A', 'DIP '),
(864, '1803078', 5, '3', 'A', 'DIP '),
(865, '1803079', 5, '3', 'A', 'DIP '),
(866, '1803080', 5, '3', '6', 'DIP '),
(867, '1803081', 5, '3', 'A', 'DIP '),
(868, '1803082', 5, '3', 'A', 'DIP '),
(869, '1803083', 5, '3', 'A', 'DIP '),
(870, '1803084', 5, '3', 'A', 'DIP '),
(871, '1803085', 5, '3', 'A', 'DIP '),
(872, '1803086', 5, '3', 'A', 'DIP '),
(873, '1803087', 5, '3', 'A', 'DIP '),
(874, '1803088', 5, '3', '8', 'DIP '),
(875, '1803089', 5, '3', 'A', 'DIP '),
(876, '1803090', 5, '3', 'A', 'DIP '),
(877, '1803091', 5, '3', 'A', 'DIP '),
(878, '1803092', 5, '3', 'A', 'DIP '),
(879, '1803093', 5, '3', 'A', 'DIP '),
(880, '1803094', 5, '3', 'A', 'DIP '),
(881, '1803095', 5, '3', 'A', 'DIP '),
(882, '1803096', 5, '3', 'A', 'DIP '),
(883, '1803097', 5, '3', 'A', 'DIP '),
(884, '1803098', 5, '3', 'A', 'DIP '),
(885, '1803099', 5, '3', 'A', 'DIP '),
(886, '1803100', 5, '3', 'A', 'DIP '),
(887, '1803101', 5, '3', 'A', 'DIP '),
(888, '1803102', 5, '3', 'A', 'DIP '),
(889, '1803103', 5, '3', 'A', 'DIP '),
(890, '1803104', 5, '3', 'A', 'DIP '),
(891, '1803105', 5, '3', 'A', 'DIP '),
(892, '1803106', 5, '3', 'A', 'DIP '),
(893, '1803107', 5, '3', 'A', 'DIP '),
(894, '1803108', 5, '3', 'A', 'DIP '),
(895, '1803109', 5, '3', 'A', 'DIP '),
(896, '1803110', 5, '3', '8', 'DIP '),
(897, '1803111', 5, '3', 'A', 'DIP '),
(898, '1803112', 5, '3', 'A', 'DIP '),
(899, '1803113', 5, '3', 'A', 'DIP '),
(900, '1803114', 5, '3', 'A', 'DIP '),
(901, '1803115', 5, '3', 'A', 'DIP '),
(902, '1803116', 5, '3', 'A', 'DIP '),
(903, '1803117', 5, '3', 'A', 'DIP '),
(904, '1803118', 5, '3', 'A', 'DIP '),
(905, '1803119', 5, '3', 'A', 'DIP '),
(906, '1803120', 5, '3', 'A', 'DIP '),
(907, '1803061', 4, '3', 'A', 'DIP '),
(908, '1803062', 4, '3', 'A', 'DIP '),
(909, '1803063', 4, '3', '6', 'DIP '),
(910, '1803064', 4, '3', 'A', 'DIP '),
(911, '1803065', 4, '3', '5', 'DIP '),
(912, '1803066', 4, '3', 'A', 'DIP '),
(913, '1803067', 4, '3', '5', 'DIP '),
(914, '1803068', 4, '3', 'A', 'DIP '),
(915, '1803069', 4, '3', 'A', 'DIP '),
(916, '1803070', 4, '3', 'A', 'DIP '),
(917, '1803071', 4, '3', 'A', 'DIP '),
(918, '1803072', 4, '3', 'A', 'DIP '),
(919, '1803073', 4, '3', 'A', 'DIP '),
(920, '1803074', 4, '3', 'A', 'DIP '),
(921, '1803075', 4, '3', 'A', 'DIP '),
(922, '1803076', 4, '3', 'A', 'DIP '),
(923, '1803077', 4, '3', 'A', 'DIP '),
(924, '1803078', 4, '3', 'A', 'DIP '),
(925, '1803079', 4, '3', '7', 'DIP '),
(926, '1803080', 4, '3', 'A', 'DIP '),
(927, '1803081', 4, '3', 'A', 'DIP '),
(928, '1803082', 4, '3', 'A', 'DIP '),
(929, '1803083', 4, '3', 'A', 'DIP '),
(930, '1803084', 4, '3', 'A', 'DIP '),
(931, '1803085', 4, '3', 'A', 'DIP '),
(932, '1803086', 4, '3', 'A', 'DIP '),
(933, '1803087', 4, '3', 'A', 'DIP '),
(934, '1803088', 4, '3', 'A', 'DIP '),
(935, '1803089', 4, '3', 'A', 'DIP '),
(936, '1803090', 4, '3', 'A', 'DIP '),
(937, '1803091', 4, '3', 'A', 'DIP '),
(938, '1803092', 4, '3', 'A', 'DIP '),
(939, '1803093', 4, '3', 'A', 'DIP '),
(940, '1803094', 4, '3', 'A', 'DIP '),
(941, '1803095', 4, '3', 'A', 'DIP '),
(942, '1803096', 4, '3', 'A', 'DIP '),
(943, '1803097', 4, '3', '5', 'DIP '),
(944, '1803098', 4, '3', 'A', 'DIP '),
(945, '1803099', 4, '3', 'A', 'DIP '),
(946, '1803100', 4, '3', 'A', 'DIP '),
(947, '1803101', 4, '3', 'A', 'DIP '),
(948, '1803102', 4, '3', 'A', 'DIP '),
(949, '1803103', 4, '3', 'A', 'DIP '),
(950, '1803104', 4, '3', 'A', 'DIP '),
(951, '1803105', 4, '3', 'A', 'DIP '),
(952, '1803106', 4, '3', 'A', 'DIP '),
(953, '1803107', 4, '3', 'A', 'DIP '),
(954, '1803108', 4, '3', 'A', 'DIP '),
(955, '1803109', 4, '3', 'A', 'DIP '),
(956, '1803110', 4, '3', 'A', 'DIP '),
(957, '1803111', 4, '3', 'A', 'DIP '),
(958, '1803112', 4, '3', 'A', 'DIP '),
(959, '1803113', 4, '3', '5', 'DIP '),
(960, '1803114', 4, '3', 'A', 'DIP '),
(961, '1803115', 4, '3', 'A', 'DIP '),
(962, '1803116', 4, '3', 'A', 'DIP '),
(963, '1803117', 4, '3', 'A', 'DIP '),
(964, '1803118', 4, '3', 'A', 'DIP '),
(965, '1803119', 4, '3', 'A', 'DIP '),
(966, '1803120', 4, '3', 'A', 'DIP '),
(967, '1803061', 4, '4', '5', 'DIP '),
(968, '1803062', 4, '4', 'A', 'DIP '),
(969, '1803063', 4, '4', 'A', 'DIP '),
(970, '1803064', 4, '4', 'A', 'DIP '),
(971, '1803065', 4, '4', 'A', 'DIP '),
(972, '1803066', 4, '4', '4', 'DIP '),
(973, '1803067', 4, '4', '11', 'DIP '),
(974, '1803068', 4, '4', 'A', 'DIP '),
(975, '1803069', 4, '4', 'A', 'DIP '),
(976, '1803070', 4, '4', 'A', 'DIP '),
(977, '1803071', 4, '4', 'A', 'DIP '),
(978, '1803072', 4, '4', 'A', 'DIP '),
(979, '1803073', 4, '4', 'A', 'DIP '),
(980, '1803074', 4, '4', 'A', 'DIP '),
(981, '1803075', 4, '4', 'A', 'DIP '),
(982, '1803076', 4, '4', 'A', 'DIP '),
(983, '1803077', 4, '4', 'A', 'DIP '),
(984, '1803078', 4, '4', 'A', 'DIP '),
(985, '1803079', 4, '4', 'A', 'DIP '),
(986, '1803080', 4, '4', 'A', 'DIP '),
(987, '1803081', 4, '4', 'A', 'DIP '),
(988, '1803082', 4, '4', '6', 'DIP '),
(989, '1803083', 4, '4', 'A', 'DIP '),
(990, '1803084', 4, '4', 'A', 'DIP '),
(991, '1803085', 4, '4', 'A', 'DIP '),
(992, '1803086', 4, '4', 'A', 'DIP '),
(993, '1803087', 4, '4', 'A', 'DIP '),
(994, '1803088', 4, '4', 'A', 'DIP '),
(995, '1803089', 4, '4', 'A', 'DIP '),
(996, '1803090', 4, '4', 'A', 'DIP '),
(997, '1803091', 4, '4', '7', 'DIP '),
(998, '1803092', 4, '4', 'A', 'DIP '),
(999, '1803093', 4, '4', 'A', 'DIP '),
(1000, '1803094', 4, '4', 'A', 'DIP '),
(1001, '1803095', 4, '4', 'A', 'DIP '),
(1002, '1803096', 4, '4', 'A', 'DIP '),
(1003, '1803097', 4, '4', 'A', 'DIP '),
(1004, '1803098', 4, '4', 'A', 'DIP '),
(1005, '1803099', 4, '4', 'A', 'DIP '),
(1006, '1803100', 4, '4', '7', 'DIP '),
(1007, '1803101', 4, '4', 'A', 'DIP '),
(1008, '1803102', 4, '4', 'A', 'DIP '),
(1009, '1803103', 4, '4', 'A', 'DIP '),
(1010, '1803104', 4, '4', 'A', 'DIP '),
(1011, '1803105', 4, '4', 'A', 'DIP '),
(1012, '1803106', 4, '4', 'A', 'DIP '),
(1013, '1803107', 4, '4', 'A', 'DIP '),
(1014, '1803108', 4, '4', 'A', 'DIP '),
(1015, '1803109', 4, '4', 'A', 'DIP '),
(1016, '1803110', 4, '4', 'A', 'DIP '),
(1017, '1803111', 4, '4', '6', 'DIP '),
(1018, '1803112', 4, '4', 'A', 'DIP '),
(1019, '1803113', 4, '4', 'A', 'DIP '),
(1020, '1803114', 4, '4', 'A', 'DIP '),
(1021, '1803115', 4, '4', 'A', 'DIP '),
(1022, '1803116', 4, '4', 'A', 'DIP '),
(1023, '1803117', 4, '4', '3', 'DIP '),
(1024, '1803118', 4, '4', 'A', 'DIP '),
(1025, '1803119', 4, '4', 'A', 'DIP '),
(1026, '1803120', 4, '4', 'A', 'DIP '),
(1027, '1803061', 11, '2', 'A', 'DIP '),
(1028, '1803062', 11, '2', '8', 'DIP '),
(1029, '1803063', 11, '2', 'A', 'DIP '),
(1030, '1803064', 11, '2', 'A', 'DIP '),
(1031, '1803065', 11, '2', 'A', 'DIP '),
(1032, '1803066', 11, '2', '5', 'DIP '),
(1033, '1803067', 11, '2', '11', 'DIP '),
(1034, '1803068', 11, '2', 'A', 'DIP '),
(1035, '1803069', 11, '2', 'A', 'DIP '),
(1036, '1803070', 11, '2', 'A', 'DIP '),
(1037, '1803071', 11, '2', 'A', 'DIP '),
(1038, '1803072', 11, '2', 'A', 'DIP '),
(1039, '1803073', 11, '2', 'A', 'DIP '),
(1040, '1803074', 11, '2', 'A', 'DIP '),
(1041, '1803075', 11, '2', 'A', 'DIP '),
(1042, '1803076', 11, '2', 'A', 'DIP '),
(1043, '1803077', 11, '2', 'A', 'DIP '),
(1044, '1803078', 11, '2', '6', 'DIP '),
(1045, '1803079', 11, '2', 'A', 'DIP '),
(1046, '1803080', 11, '2', 'A', 'DIP '),
(1047, '1803081', 11, '2', 'A', 'DIP '),
(1048, '1803082', 11, '2', 'A', 'DIP '),
(1049, '1803083', 11, '2', 'A', 'DIP '),
(1050, '1803084', 11, '2', 'A', 'DIP '),
(1051, '1803085', 11, '2', '8', 'DIP '),
(1052, '1803086', 11, '2', 'A', 'DIP '),
(1053, '1803087', 11, '2', 'A', 'DIP '),
(1054, '1803088', 11, '2', 'A', 'DIP '),
(1055, '1803089', 11, '2', 'A', 'DIP '),
(1056, '1803090', 11, '2', 'A', 'DIP '),
(1057, '1803091', 11, '2', 'A', 'DIP '),
(1058, '1803092', 11, '2', 'A', 'DIP '),
(1059, '1803093', 11, '2', 'A', 'DIP '),
(1060, '1803094', 11, '2', '6', 'DIP '),
(1061, '1803095', 11, '2', 'A', 'DIP '),
(1062, '1803096', 11, '2', 'A', 'DIP '),
(1063, '1803097', 11, '2', 'A', 'DIP '),
(1064, '1803098', 11, '2', 'A', 'DIP '),
(1065, '1803099', 11, '2', 'A', 'DIP '),
(1066, '1803100', 11, '2', '7', 'DIP '),
(1067, '1803101', 11, '2', 'A', 'DIP '),
(1068, '1803102', 11, '2', 'A', 'DIP '),
(1069, '1803103', 11, '2', 'A', 'DIP '),
(1070, '1803104', 11, '2', 'A', 'DIP '),
(1071, '1803105', 11, '2', 'A', 'DIP '),
(1072, '1803106', 11, '2', 'A', 'DIP '),
(1073, '1803107', 11, '2', 'A', 'DIP '),
(1074, '1803108', 11, '2', '7', 'DIP '),
(1075, '1803109', 11, '2', 'A', 'DIP '),
(1076, '1803110', 11, '2', 'A', 'DIP '),
(1077, '1803111', 11, '2', 'A', 'DIP '),
(1078, '1803112', 11, '2', 'A', 'DIP '),
(1079, '1803113', 11, '2', 'A', 'DIP '),
(1080, '1803114', 11, '2', 'A', 'DIP '),
(1081, '1803115', 11, '2', 'A', 'DIP '),
(1082, '1803116', 11, '2', 'A', 'DIP '),
(1083, '1803117', 11, '2', 'A', 'DIP '),
(1084, '1803118', 11, '2', 'A', 'DIP '),
(1085, '1803119', 11, '2', 'A', 'DIP '),
(1086, '1803120', 11, '2', 'A', 'DIP '),
(1087, '1803061', 10, '3', 'A', 'DIP '),
(1088, '1803062', 10, '3', 'A', 'DIP '),
(1089, '1803063', 10, '3', 'A', 'DIP '),
(1090, '1803064', 10, '3', 'A', 'DIP '),
(1091, '1803065', 10, '3', 'A', 'DIP '),
(1092, '1803066', 10, '3', 'A', 'DIP '),
(1093, '1803067', 10, '3', 'A', 'DIP '),
(1094, '1803068', 10, '3', 'A', 'DIP '),
(1095, '1803069', 10, '3', 'A', 'DIP '),
(1096, '1803070', 10, '3', 'A', 'DIP '),
(1097, '1803071', 10, '3', '10', 'DIP '),
(1098, '1803072', 10, '3', '9', 'DIP '),
(1099, '1803073', 10, '3', 'A', 'DIP '),
(1100, '1803074', 10, '3', 'A', 'DIP '),
(1101, '1803075', 10, '3', 'A', 'DIP '),
(1102, '1803076', 10, '3', 'A', 'DIP '),
(1103, '1803077', 10, '3', 'A', 'DIP '),
(1104, '1803078', 10, '3', 'A', 'DIP '),
(1105, '1803079', 10, '3', 'A', 'DIP '),
(1106, '1803080', 10, '3', 'A', 'DIP '),
(1107, '1803081', 10, '3', 'A', 'DIP '),
(1108, '1803082', 10, '3', '10', 'DIP '),
(1109, '1803083', 10, '3', 'A', 'DIP '),
(1110, '1803084', 10, '3', '8', 'DIP '),
(1111, '1803085', 10, '3', 'A', 'DIP '),
(1112, '1803086', 10, '3', 'A', 'DIP '),
(1113, '1803087', 10, '3', 'A', 'DIP '),
(1114, '1803088', 10, '3', 'A', 'DIP '),
(1115, '1803089', 10, '3', 'A', 'DIP '),
(1116, '1803090', 10, '3', 'A', 'DIP '),
(1117, '1803091', 10, '3', 'A', 'DIP '),
(1118, '1803092', 10, '3', 'A', 'DIP '),
(1119, '1803093', 10, '3', 'A', 'DIP '),
(1120, '1803094', 10, '3', 'A', 'DIP '),
(1121, '1803095', 10, '3', 'A', 'DIP '),
(1122, '1803096', 10, '3', 'A', 'DIP '),
(1123, '1803097', 10, '3', 'A', 'DIP '),
(1124, '1803098', 10, '3', 'A', 'DIP '),
(1125, '1803099', 10, '3', 'A', 'DIP '),
(1126, '1803100', 10, '3', 'A', 'DIP '),
(1127, '1803101', 10, '3', 'A', 'DIP '),
(1128, '1803102', 10, '3', 'A', 'DIP '),
(1129, '1803103', 10, '3', 'A', 'DIP '),
(1130, '1803104', 10, '3', 'A', 'DIP '),
(1131, '1803105', 10, '3', 'A', 'DIP '),
(1132, '1803106', 10, '3', 'A', 'DIP '),
(1133, '1803107', 10, '3', 'A', 'DIP '),
(1134, '1803108', 10, '3', 'A', 'DIP '),
(1135, '1803109', 10, '3', 'A', 'DIP '),
(1136, '1803110', 10, '3', 'A', 'DIP '),
(1137, '1803111', 10, '3', 'A', 'DIP '),
(1138, '1803112', 10, '3', 'A', 'DIP '),
(1139, '1803113', 10, '3', 'A', 'DIP '),
(1140, '1803114', 10, '3', '9', 'DIP '),
(1141, '1803115', 10, '3', 'A', 'DIP '),
(1142, '1803116', 10, '3', 'A', 'DIP '),
(1143, '1803117', 10, '3', 'A', 'DIP '),
(1144, '1803118', 10, '3', 'A', 'DIP '),
(1145, '1803119', 10, '3', 'A', 'DIP '),
(1146, '1803120', 10, '3', 'A', 'DIP ');

-- --------------------------------------------------------

--
-- Table structure for table `photo`
--

CREATE TABLE `photo` (
  `id` int(11) NOT NULL,
  `personID` int(11) NOT NULL,
  `image_url` varchar(300) NOT NULL
) ENGINE=InnoDB DEFAULT CHARSET=latin1;

--
-- Dumping data for table `photo`
--

INSERT INTO `photo` (`id`, `personID`, `image_url`) VALUES
(1, 1, 'img.svg'),
(2, 1, 'IMG-6277acec6f12d4.85081703.jpg'),
(3, 1, 'IMG-6277add25dc6c4.70560667.jpg'),
(4, 13, 'IMG-6277c667e38ef9.23524303.jpg'),
(5, 13, 'IMG-6277c7b31c14d2.34496893.jpg'),
(6, 13, 'IMG-6277c80131ae03.38786319.jpg'),
(7, 13, 'IMG-6277c8d85fe5c0.65297659.jpg'),
(8, 2, 'IMG-6277c933dcb5e2.02004639.jpg'),
(9, 2, 'IMG-6277c96355e006.76103498.jpg'),
(10, 2, 'IMG-6277d53615b1f0.88288607.jpg'),
(11, 1, 'IMG-6277d6570c0ef1.99433081.jpg'),
(12, 1, 'IMG-6278fa8c301e01.16394077.jpg'),
(13, 1, 'IMG-627a81a89115e9.06202417.jpg'),
(14, 2, 'IMG-627bc9febcf2d6.53409268.jpg'),
(15, 14, 'IMG-627bd0476cdf76.28994398.jpg'),
(16, 2, 'IMG-6285403f5f7d58.31490651.jpg'),
(17, 1, 'IMG-62861be5431a60.53869706.jpeg'),
(18, 27, 'IMG-628f64a71674f2.85649262.jpg'),
(19, 2, 'IMG-63308307a96c95.77080493.jpg');

-- --------------------------------------------------------

--
-- Table structure for table `profile`
--

CREATE TABLE `profile` (
  `id` int(11) NOT NULL,
  `personID` int(11) NOT NULL
) ENGINE=InnoDB DEFAULT CHARSET=latin1;

-- --------------------------------------------------------

--
-- Table structure for table `projectmark`
--

CREATE TABLE `projectmark` (
  `id` int(11) NOT NULL,
  `roll` int(11) NOT NULL,
  `cid` int(11) NOT NULL,
  `mark` int(11) NOT NULL
) ENGINE=InnoDB DEFAULT CHARSET=utf8mb4;

--
-- Dumping data for table `projectmark`
--

INSERT INTO `projectmark` (`id`, `roll`, `cid`, `mark`) VALUES
(3, 1803067, 39, 30),
(4, 1803078, 39, 50);

-- --------------------------------------------------------

--
-- Table structure for table `student`
--

CREATE TABLE `student` (
  `id` int(11) NOT NULL,
  `deptid` int(11) NOT NULL,
  `year` varchar(10) NOT NULL,
  `sem` varchar(11) NOT NULL
) ENGINE=InnoDB DEFAULT CHARSET=utf8mb4;

--
-- Dumping data for table `student`
--

INSERT INTO `student` (`id`, `deptid`, `year`, `sem`) VALUES
(1, 1, '3rd', 'even'),
(101, 1, '4th', 'even'),
(2, 1, '', ''),
(103, 1, '', ''),
(105, 1, '', ''),
(107, 1, '', ''),
(109, 1, '', ''),
(111, 1, '', ''),
(112, 1, '3rd', 'even'),
(113, 1, '2nd', 'even'),
(114, 1, '', '');

--
-- Indexes for dumped tables
--

--
-- Indexes for table `attendance`
--
ALTER TABLE `attendance`
  ADD PRIMARY KEY (`id`);

--
-- Indexes for table `course`
--
ALTER TABLE `course`
  ADD PRIMARY KEY (`id`);

--
-- Indexes for table `courselist`
--
ALTER TABLE `courselist`
  ADD PRIMARY KEY (`cid`);

--
-- Indexes for table `dept`
--
ALTER TABLE `dept`
  ADD PRIMARY KEY (`deptid`);

--
-- Indexes for table `finalmark`
--
ALTER TABLE `finalmark`
  ADD PRIMARY KEY (`id`);

--
-- Indexes for table `login`
--
ALTER TABLE `login`
  ADD PRIMARY KEY (`id`);

--
-- Indexes for table `marks`
--
ALTER TABLE `marks`
  ADD PRIMARY KEY (`id`);

--
-- Indexes for table `photo`
--
ALTER TABLE `photo`
  ADD PRIMARY KEY (`id`);

--
-- Indexes for table `profile`
--
ALTER TABLE `profile`
  ADD PRIMARY KEY (`id`);

--
-- Indexes for table `projectmark`
--
ALTER TABLE `projectmark`
  ADD PRIMARY KEY (`id`);

--
-- AUTO_INCREMENT for dumped tables
--

--
-- AUTO_INCREMENT for table `attendance`
--
ALTER TABLE `attendance`
  MODIFY `id` int(11) NOT NULL AUTO_INCREMENT, AUTO_INCREMENT=3306;

--
-- AUTO_INCREMENT for table `course`
--
ALTER TABLE `course`
  MODIFY `id` int(11) NOT NULL AUTO_INCREMENT, AUTO_INCREMENT=66;

--
-- AUTO_INCREMENT for table `courselist`
--
ALTER TABLE `courselist`
  MODIFY `cid` int(11) NOT NULL AUTO_INCREMENT, AUTO_INCREMENT=42;

--
-- AUTO_INCREMENT for table `dept`
--
ALTER TABLE `dept`
  MODIFY `deptid` int(11) NOT NULL AUTO_INCREMENT, AUTO_INCREMENT=13;

--
-- AUTO_INCREMENT for table `finalmark`
--
ALTER TABLE `finalmark`
  MODIFY `id` int(11) NOT NULL AUTO_INCREMENT, AUTO_INCREMENT=601;

--
-- AUTO_INCREMENT for table `login`
--
ALTER TABLE `login`
  MODIFY `id` int(11) NOT NULL AUTO_INCREMENT, AUTO_INCREMENT=115;

--
-- AUTO_INCREMENT for table `marks`
--
ALTER TABLE `marks`
  MODIFY `id` int(11) NOT NULL AUTO_INCREMENT, AUTO_INCREMENT=1147;

--
-- AUTO_INCREMENT for table `photo`
--
ALTER TABLE `photo`
  MODIFY `id` int(11) NOT NULL AUTO_INCREMENT, AUTO_INCREMENT=20;

--
-- AUTO_INCREMENT for table `profile`
--
ALTER TABLE `profile`
  MODIFY `id` int(11) NOT NULL AUTO_INCREMENT;

--
-- AUTO_INCREMENT for table `projectmark`
--
ALTER TABLE `projectmark`
  MODIFY `id` int(11) NOT NULL AUTO_INCREMENT, AUTO_INCREMENT=6;
COMMIT;

/*!40101 SET CHARACTER_SET_CLIENT=@OLD_CHARACTER_SET_CLIENT */;
/*!40101 SET CHARACTER_SET_RESULTS=@OLD_CHARACTER_SET_RESULTS */;
/*!40101 SET COLLATION_CONNECTION=@OLD_COLLATION_CONNECTION */;
